snapshot,time_yr,role,particle_index,name,a_AU,e,inc_deg
0,0.0,star,0,star,,,
0,0.0,massive_planetesimal,1,MP_0,102.73956048555964,1.4044110071998785e-05,2.7480372974888294e-05
0,0.0,massive_planetesimal,2,MP_1,102.61139701990359,2.5154057769099193e-05,4.094554566467037e-06
0,0.0,massive_planetesimal,3,MP_2,101.43865120080663,2.632837162469347e-05,1.4183953086968166e-05
0,0.0,massive_planetesimal,4,MP_3,103.27631171992584,2.0213260772046644e-05,2.425378439131177e-05
0,0.0,massive_planetesimal,5,MP_4,102.78383497073759,6.228438651539242e-06,1.4910515715604623e-05
0,0.0,massive_planetesimal,6,MP_5,102.44762155907819,3.096031143801909e-05,1.045654894575938e-05
0,0.0,massive_planetesimal,7,MP_6,96.29921505335474,1.5222557639304395e-05,7.244509618354405e-06
0,0.0,massive_planetesimal,8,MP_7,102.00265102002253,9.995732524036336e-06,2.6631716883818126e-05
0,0.0,massive_planetesimal,9,MP_8,101.82495503974982,4.47207947528265e-06,6.3890569402603996e-06
0,0.0,massive_planetesimal,10,MP_9,102.05165378626333,2.49833289926352e-05,1.4688877218970437e-05
0,0.0,massive_planetesimal,11,MP_10,101.68402961790471,1.5075078596455033e-05,1.8111274045886075e-05
0,0.0,massive_planetesimal,12,MP_11,100.59207160745406,9.726403138520458e-06,1.2074182697257333e-06
0,0.0,massive_planetesimal,13,MP_12,103.53403073268166,7.48606354771435e-06,1.9090959104164224e-06
0,0.0,massive_planetesimal,14,MP_13,100.57032152341283,2.5084742691533496e-05,2.1258792350482307e-05
0,0.0,massive_planetesimal,15,MP_14,95.22712073133857,2.88153154486415e-06,2.3115044425908852e-05
0,0.0,massive_planetesimal,16,MP_15,96.52312102713168,2.2282252002597498e-05,1.4286365630539095e-05
0,0.0,massive_planetesimal,17,MP_16,98.6181261055339,2.804797418112838e-06,3.7215130446689415e-06
0,0.0,massive_planetesimal,18,MP_17,97.65869961459516,3.1013644075058786e-05,2.4906203095167354e-05
0,0.0,massive_planetesimal,19,MP_18,95.96390962153504,2.888327668909092e-05,1.4589290462454084e-05
0,0.0,massive_planetesimal,20,MP_19,96.76772782939224,2.7411657091332167e-05,2.4283820049125425e-05
0,0.0,massive_planetesimal,21,MP_20,100.84097968912735,2.0795091249782e-05,2.699869328381916e-06
0,0.0,massive_planetesimal,22,MP_21,98.29861212332784,4.624774043528138e-06,3.1945284701301985e-06
0,0.0,massive_planetesimal,23,MP_22,100.81061139700395,1.1099833745109698e-05,1.8899085298673496e-05
0,0.0,massive_planetesimal,24,MP_23,102.82735227250289,2.647359997458219e-06,1.5556496191598024e-05
0,0.0,massive_planetesimal,25,MP_24,99.73489401056953,8.54322121902147e-06,1.059505231752994e-05
0,0.0,massive_planetesimal,26,MP_25,103.26291924194358,2.8677144699097526e-05,4.517745487845102e-06
0,0.0,massive_planetesimal,27,MP_26,97.8123378383901,2.1101524310182595e-05,2.3272184538673578e-05
0,0.0,massive_planetesimal,28,MP_27,97.30213990894882,1.1972017975859395e-06,1.7765878731478854e-05
0,0.0,massive_planetesimal,29,MP_28,98.17138892822717,3.049278064253069e-05,9.313570918021479e-06
0,0.0,massive_planetesimal,30,MP_29,96.64607817582021,1.4371398204796928e-06,1.392462677356116e-05
0,0.0,massive_planetesimal,31,MP_30,103.90792490878523,2.8590292470306937e-05,1.6599256849472397e-05
0,0.0,massive_planetesimal,32,MP_31,98.73657728873707,3.0229333779117655e-06,2.3890411272379305e-05
0,0.0,massive_planetesimal,33,MP_32,96.22757932411488,2.659560550809268e-05,4.829673078902934e-06
0,0.0,massive_planetesimal,34,MP_33,96.96434665714575,9.930357532961353e-06,2.4876918895628062e-05
0,0.0,massive_planetesimal,35,MP_34,95.13936287708205,7.348992959651061e-06,4.26886823125797e-06
0,0.0,massive_planetesimal,36,MP_35,101.9426243564289,1.8595731494975216e-05,6.3890569402603996e-06
0,0.0,massive_planetesimal,37,MP_36,96.31057751557312,3.960121716969181e-06,2.9686287942277552e-05
0,0.0,massive_planetesimal,38,MP_37,101.62864212763576,3.057994422598504e-05,9.155702348202485e-06
0,0.0,massive_planetesimal,39,MP_38,101.33975111681079,3.3887169204176497e-06,4.436338000413295e-06
0,0.0,massive_planetesimal,40,MP_39,104.33023221600213,2.573954929971334e-05,1.4959322771548181e-05
0,0.0,massive_planetesimal,41,MP_40,103.29428614882733,2.5498146826271805e-05,7.443026089337888e-06
0,0.0,massive_planetesimal,42,MP_41,101.0310715733873,1.320229021716056e-05,1.198328416961092e-05
0,0.0,massive_planetesimal,43,MP_42,99.53896882076303,7.930866014799301e-06,7.588506156264597e-06
0,0.0,massive_planetesimal,44,MP_43,95.66558856955174,1.9021877239975647e-05,4.676310850554341e-06
0,0.0,massive_planetesimal,45,MP_44,104.20970472487458,5.297015128159455e-06,9.115808030550376e-06
0,0.0,massive_planetesimal,46,MP_45,95.55395409164257,5.588527070011125e-06,1.7075472925031877e-06
0,0.0,massive_planetesimal,47,MP_46,98.17991096952046,1.614483958455665e-05,2.7992840994820227e-05
0,0.0,massive_planetesimal,48,MP_47,97.36744871104399,7.980402426624401e-06,1.8271553931657168e-05
0,0.0,massive_planetesimal,49,MP_48,100.23752948717635,3.2535008926417034e-06,2.6672741375736855e-05
0,0.0,massive_planetesimal,50,MP_49,103.43574951597759,2.8884900605534925e-05,3.1346401449249455e-05
0,0.0,massive_planetesimal,51,MP_50,102.78996354578126,4.305670669640694e-06,1.716063790683883e-05
0,0.0,massive_planetesimal,52,MP_51,98.85089496100362,2.04660246790508e-05,8.494940521530481e-06
0,0.0,massive_planetesimal,53,MP_52,97.32569940528873,1.1760377923611587e-05,1.1737447080919157e-05
0,0.0,massive_planetesimal,54,MP_53,97.96876474571287,3.036345365484718e-05,2.9315658079272248e-05
0,0.0,massive_planetesimal,55,MP_54,103.48560488773627,2.088279489783388e-05,2.574095686025837e-05
0,0.0,massive_planetesimal,56,MP_55,102.34893162310296,6.476946979725936e-06,2.2247316447246325e-05
0,0.0,massive_planetesimal,57,MP_56,95.95095748229937,2.322290010473894e-05,2.699869328381916e-06
0,0.0,massive_planetesimal,58,MP_57,103.00884176085101,1.899782414285764e-05,2.5037558139104298e-05
0,0.0,massive_planetesimal,59,MP_58,100.90075895358314,3.0415743218131484e-06,1.971089523601067e-05
0,0.0,massive_planetesimal,60,MP_59,99.65985152981226,1.6724216816517547e-05,2.4448356591142834e-05
0,0.0,massive_planetesimal,61,MP_60,104.31236235690108,3.8314748317326085e-06,3.818191820832846e-06
0,0.0,massive_planetesimal,62,MP_61,102.74321416141844,2.1479405225762914e-05,1.0697753125226707e-05
0,0.0,massive_planetesimal,63,MP_62,98.64192017772056,1.0062079366414334e-05,5.0509930079323e-06
0,0.0,massive_planetesimal,64,MP_63,98.83319822777403,2.334994267820632e-05,1.7683628851157155e-05
0,0.0,massive_planetesimal,65,MP_64,98.76359473480825,3.1572209437486155e-05,2.2972699315936647e-05
0,0.0,massive_planetesimal,66,MP_65,101.37073883991205,3.90149370697866e-06,1.8841142131235978e-05
0,0.0,massive_planetesimal,67,MP_66,103.25399511196314,9.451488810602992e-06,1.4688877218970437e-05
0,0.0,massive_planetesimal,68,MP_67,102.81294035431519,3.5388291518318442e-06,3.189961593642046e-05
0,0.0,massive_planetesimal,69,MP_68,96.06419531871383,3.197135137539659e-05,2.1310162845882393e-05
0,0.0,massive_planetesimal,70,MP_69,95.28999503204464,7.706497857037462e-06,4.597711793052988e-06
0,0.0,massive_planetesimal,71,MP_70,101.5626903932749,1.1572067359592253e-06,0.0
0,0.0,massive_planetesimal,72,MP_71,97.38552820627388,2.718108297350867e-05,1.9090959104164224e-06
0,0.0,massive_planetesimal,73,MP_72,101.98120783978645,2.6815366996445688e-05,1.2074182697257333e-06
0,0.0,massive_planetesimal,74,MP_73,102.45188128328847,2.0160379026580135e-05,2.722721505217398e-05
0,0.0,massive_planetesimal,75,MP_74,97.70758751317804,2.2716950312593382e-05,3.136964683727848e-05
0,0.0,massive_planetesimal,76,MP_75,95.42350551580166,2.8292662763771215e-05,2.270139012036184e-05
0,0.0,massive_planetesimal,77,MP_76,104.80027179554193,1.4673940558523593e-05,2.5095717469822675e-05
0,0.0,massive_planetesimal,78,MP_77,104.46024453558096,9.642964240509199e-06,1.850937158160324e-05
0,0.0,massive_planetesimal,79,MP_78,96.48438989920065,1.6267287630544255e-05,1.2919939687890481e-05
0,0.0,massive_planetesimal,80,MP_79,97.7807554578126,9.750547320039716e-06,1.3713635377634418e-05
0,0.0,massive_planetesimal,81,MP_80,99.08783109428697,6.964112854364021e-06,1.8821788102366937e-05
0,0.0,massive_planetesimal,82,MP_81,99.74132675090165,7.21897178294006e-06,1.8311404696405027e-05
0,0.0,massive_planetesimal,83,MP_82,101.52433056521026,1.0118852858646766e-05,2.5197173281906035e-05
0,0.0,massive_planetesimal,84,MP_83,98.60657334450259,1.6407655827093272e-05,2.356786440354151e-05
0,0.0,massive_planetesimal,85,MP_84,100.20275114740572,2.5595853144485503e-05,1.0029569411827041e-05
0,0.0,massive_planetesimal,86,MP_85,95.72059147072945,2.6943782753341266e-05,1.7075472925031877e-06
0,0.0,massive_planetesimal,87,MP_86,98.13893369801993,2.3766162134997938e-05,0.0
0,0.0,massive_planetesimal,88,MP_87,96.53612899060637,1.922689305443535e-05,3.818191820832846e-06
0,0.0,massive_planetesimal,89,MP_88,102.72104891354594,9.950768317207192e-06,2.2000207897163392e-05
0,0.0,massive_planetesimal,90,MP_89,95.10727644975677,6.689845075247962e-06,1.6817390473705895e-05
0,0.0,massive_planetesimal,91,MP_90,104.89133002683606,1.779102169673917e-05,2.6849789854007865e-05
0,0.0,massive_planetesimal,92,MP_91,98.9257271584193,2.561577077104764e-06,2.4163453409354298e-05
0,0.0,massive_planetesimal,93,MP_92,96.80926652230868,2.902731590897877e-05,1.2074182697257333e-06
0,0.0,massive_planetesimal,94,MP_93,100.86445173014796,1.578527922721635e-05,2.699869328381916e-06
0,0.0,massive_planetesimal,95,MP_94,101.49149050134275,2.1446504171100787e-05,2.4418523320004626e-05
0,0.0,massive_planetesimal,96,MP_95,98.38456483297325,2.7023323945237275e-05,1.5438909500480757e-05
0,0.0,massive_planetesimal,97,MP_96,104.09552243871343,1.878796609769607e-05,2.7213825715218644e-05
0,0.0,massive_planetesimal,98,MP_97,96.04979715896074,1.2753680214372367e-05,2.9365345670993478e-05
0,0.0,massive_planetesimal,99,MP_98,96.91603009662705,7.943402175259047e-07,2.9686287942277552e-05
0,0.0,massive_planetesimal,100,MP_99,95.07314456293015,8.896707411201365e-06,2.2491710265994076e-05
0,0.0,massive_planetesimal,101,MP_100,99.77505873627726,2.436584202174194e-05,2.8902476314888416e-05
0,0.0,massive_planetesimal,102,MP_101,103.66801438261935,3.6513302775777897e-06,2.3443822150653013e-05
0,0.0,massive_planetesimal,103,MP_102,104.69815116705573,3.150649860574858e-05,9.234973977599935e-06
0,0.0,massive_planetesimal,104,MP_103,96.23869774864221,1.3103027291156194e-06,2.4876918895628062e-05
0,0.0,massive_planetesimal,105,MP_104,104.77916979073835,1.3170432070135703e-05,2.5413214731393306e-05
0,0.0,massive_planetesimal,106,MP_105,104.24701667219881,2.6322658899551077e-05,1.2074182697257333e-06
0,0.0,massive_planetesimal,107,MP_106,101.7530562866748,2.2824262281857156e-05,2.4744711127599622e-05
0,0.0,massive_planetesimal,108,MP_107,95.48963709823283,7.50512481365417e-06,1.98949412011025e-05
0,0.0,massive_planetesimal,109,MP_108,101.77287399364401,9.474332520424752e-07,1.2835032264144346e-05
0,0.0,massive_planetesimal,110,MP_109,103.52781129631917,1.1137005548859881e-05,2.7294063213316153e-05
0,0.0,massive_planetesimal,111,MP_110,97.7482505075507,2.8369841989268583e-05,5.9764155237611605e-06
0,0.0,massive_planetesimal,112,MP_111,103.07431605976282,3.195978784206449e-05,9.468807791963592e-06
0,0.0,massive_planetesimal,113,MP_112,104.97580037262911,2.242819232414065e-05,1.9033600058837345e-05
0,0.0,massive_planetesimal,114,MP_113,96.34366913313063,1.1692110822335554e-05,2.091309789151873e-06
0,0.0,massive_planetesimal,115,MP_114,101.34540264951795,1.0985358796427147e-05,1.344524082641768e-05
0,0.0,massive_planetesimal,116,MP_115,97.84540875111826,2.8703897560756675e-05,7.491833340751661e-06
0,0.0,massive_planetesimal,117,MP_116,102.42317949417978,1.8903833413206155e-05,2.0913097891518843e-05
0,0.0,massive_planetesimal,118,MP_117,96.55441564083422,2.797805968923182e-05,9.075738350724584e-06
0,0.0,massive_planetesimal,119,MP_118,99.38386258584191,1.5240233874850824e-05,3.1830989935233354e-05
0,0.0,massive_planetesimal,120,MP_119,102.87589836229331,5.925739037893778e-06,1.7990127040434818e-05
0,0.0,massive_planetesimal,121,MP_120,100.12732064300113,1.3855119771803819e-05,1.2074182697257333e-06
0,0.0,massive_planetesimal,122,MP_121,97.4606661150494,2.096973885580059e-06,1.4564287375591707e-05
0,0.0,massive_planetesimal,123,MP_122,96.11600368249218,1.2304140095784114e-05,1.9090959104164224e-06
0,0.0,massive_planetesimal,124,MP_123,98.941257771781,1.3331508258410385e-05,0.0
0,0.0,massive_planetesimal,125,MP_124,100.08167355812873,1.5664064208048415e-05,1.0663629423853027e-05
0,0.0,massive_planetesimal,126,MP_125,97.60348543415253,1.0319694110921867e-05,7.73124918760008e-06
0,0.0,massive_planetesimal,127,MP_126,98.30735742054868,2.977230776284e-05,1.4787793334710982e-06
0,0.0,massive_planetesimal,128,MP_127,95.47374020005488,4.422571892690234e-06,2.94025562612171e-05
0,0.0,massive_planetesimal,129,MP_128,96.10629467562205,1.98447771722633e-05,7.73124918760008e-06
0,0.0,massive_planetesimal,130,MP_129,95.04741392911873,2.7307822699029257e-05,1.9821527883571205e-05
0,0.0,massive_planetesimal,131,MP_130,97.54263483754156,2.940139778888756e-05,1.45392412910642e-05
0,0.0,massive_planetesimal,132,MP_131,103.1315934582011,1.0188771770651686e-05,2.5584734437791434e-05
0,0.0,massive_planetesimal,133,MP_132,98.17635634363556,2.499468578374117e-06,8.537736462515939e-07
0,0.0,massive_planetesimal,134,MP_133,102.25183320850866,2.2658919542005083e-05,2.3645060366573138e-05
0,0.0,massive_planetesimal,135,MP_134,96.26026341746622,4.598997166283712e-06,2.218169000206661e-05
0,0.0,massive_planetesimal,136,MP_135,95.04007604733339,5.305536605820693e-07,3.1773688376733324e-05
0,0.0,massive_planetesimal,137,MP_136,103.80380300127685,1.7158413219998872e-05,1.9913252241518953e-05
0,0.0,massive_planetesimal,138,MP_137,97.94755193202764,2.123587349324074e-05,2.675460164403775e-05
0,0.0,massive_planetesimal,139,MP_138,103.73888497903805,8.117264209841694e-06,1.9543772052848047e-05
0,0.0,massive_planetesimal,140,MP_139,102.25769634715431,1.8142009450311996e-05,2.426880686682541e-05
0,0.0,massive_planetesimal,141,MP_140,95.12469877941216,2.547291380218148e-05,1.6643112294063987e-05
0,0.0,massive_planetesimal,142,MP_141,98.95007240040552,2.184261114273676e-05,4.829673078902934e-06
0,0.0,massive_planetesimal,143,MP_142,103.58982860557711,2.920264781238565e-05,6.776618231767655e-06
0,0.0,massive_planetesimal,144,MP_143,98.79052695037299,1.654462357949665e-05,2.3737364141224494e-05
0,0.0,massive_planetesimal,145,MP_144,96.04615096804777,2.8927145308137416e-05,2.7704921932800045e-05
0,0.0,massive_planetesimal,146,MP_145,102.43600365107652,7.40483026714077e-07,3.1346401449249455e-05
0,0.0,massive_planetesimal,147,MP_146,98.94629888150082,1.02122396351113e-05,1.9469034601067135e-05
0,0.0,massive_planetesimal,148,MP_147,104.35381369566501,1.4964488212186462e-05,6.3890569402603996e-06
0,0.0,massive_planetesimal,149,MP_148,96.62871500554552,2.1905986348346757e-05,1.0866764427531615e-05
0,0.0,massive_planetesimal,150,MP_149,102.53504563000247,2.8193153662199456e-05,8.913658556096819e-06
0,0.0,massive_planetesimal,151,MP_150,99.68416641246769,8.302074875313534e-06,1.4787793334710982e-06
0,0.0,massive_planetesimal,152,MP_151,99.95506556628617,3.542146369097623e-06,8.054484469784713e-06
0,0.0,massive_planetesimal,153,MP_152,104.01641853566441,3.15061954641974e-05,3.1416086014201565e-05
0,0.0,massive_planetesimal,154,MP_153,98.04466526476034,1.7692744130062947e-05,3.078324659199975e-06
0,0.0,massive_planetesimal,155,MP_154,96.65311323367283,8.10417518085436e-06,5.122641877509565e-06
0,0.0,massive_planetesimal,156,MP_155,97.96032862910029,1.1880084386880821e-05,1.2976235988020372e-05
0,0.0,massive_planetesimal,157,MP_156,104.41538856738097,3.860970798116509e-06,2.867459515372585e-05
0,0.0,massive_planetesimal,158,MP_157,96.79492072346092,1.3234173802133886e-05,1.4388049231413678e-05
0,0.0,massive_planetesimal,159,MP_158,103.74575139855571,1.0858308663677959e-05,1.698988104306101e-05
0,0.0,massive_planetesimal,160,MP_159,104.40019010807511,2.8415642515711657e-05,2.4876918895628062e-05
0,0.0,massive_planetesimal,161,MP_160,100.36568013577084,1.3906018710695203e-05,4.182619578303747e-06
0,0.0,massive_planetesimal,162,MP_161,104.53205524905191,5.234460086810175e-06,1.774535200165325e-05
0,0.0,massive_planetesimal,163,MP_162,96.1895331074021,2.9339149044177257e-05,1.0280796110218938e-05
0,0.0,massive_planetesimal,164,MP_163,100.3188609134607,5.9916462277364016e-06,3.1635741176608346e-05
0,0.0,massive_planetesimal,165,MP_164,96.52877122126333,2.946130746464956e-05,1.0933637455190016e-05
0,0.0,massive_planetesimal,166,MP_165,101.22708744988209,2.402683471178784e-05,2.539886913909499e-05
0,0.0,massive_planetesimal,167,MP_166,101.39013649264155,7.388072343296952e-08,3.178515695259018e-05
0,0.0,massive_planetesimal,168,MP_167,96.29030057182037,4.874454725202868e-06,2.0240018397643986e-05
0,0.0,massive_planetesimal,169,MP_168,102.26180128383899,1.4755181764828436e-05,2.1103930611372405e-05
0,0.0,massive_planetesimal,170,MP_169,98.4271364275495,5.6715360405745654e-06,2.1699963539503996e-05
0,0.0,massive_planetesimal,171,MP_170,103.92487689687323,2.3987795805588856e-05,3.1750738797446756e-05
0,0.0,massive_planetesimal,172,MP_171,104.47535599665997,1.1722735633808076e-05,2.3614212264245028e-05
0,0.0,massive_planetesimal,173,MP_172,100.08934151751355,2.9026762460982144e-05,1.3418106104862006e-05
0,0.0,massive_planetesimal,174,MP_173,99.40050108233547,4.025824586296125e-06,2.9575586669421963e-06
0,0.0,massive_planetesimal,175,MP_174,95.19766445342687,1.044949896539298e-05,6.331754823653221e-06
0,0.0,massive_planetesimal,176,MP_175,101.67849158847984,4.139609710858979e-06,8.79013768592829e-06
0,0.0,massive_planetesimal,177,MP_176,104.1032691018525,6.480717053681969e-06,1.735073077195706e-05
0,0.0,massive_planetesimal,178,MP_177,97.55106931027387,2.001530102096853e-05,1.024528375501914e-05
0,0.0,massive_planetesimal,179,MP_178,95.23227582346759,1.28019662763886e-05,2.8005857894382053e-05
0,0.0,massive_planetesimal,180,MP_179,103.53984376147231,1.0310901562245992e-05,1.741363392971263e-05
0,0.0,massive_planetesimal,181,MP_180,97.44205000765886,2.9205498728288135e-05,2.9563260939914524e-05
0,0.0,massive_planetesimal,182,MP_181,102.64667228562001,2.4402882942685346e-05,1.5391623295999922e-05
0,0.0,massive_planetesimal,183,MP_182,97.89320136102337,8.249869110488152e-06,1.8763606237962374e-05
0,0.0,massive_planetesimal,184,MP_183,103.60569919294379,5.366384629660541e-06,0.0
0,0.0,massive_planetesimal,185,MP_184,96.38329070116035,2.4778748837574772e-05,3.7215130446689415e-06
0,0.0,massive_planetesimal,186,MP_185,96.53963582577627,1.3529610641516954e-05,1.983990668017933e-05
0,0.0,massive_planetesimal,187,MP_186,96.37997517347908,2.5303615164775773e-05,8.664856156940838e-06
0,0.0,massive_planetesimal,188,MP_187,103.32529284924009,5.6434041603495475e-06,1.3580101180607511e-05
0,0.0,massive_planetesimal,189,MP_188,101.52686734869256,3.174534417679662e-05,3.197949347573169e-05
0,0.0,massive_planetesimal,190,MP_189,104.76664078216585,1.0186444404135184e-05,1.4763126439582167e-05
0,0.0,massive_planetesimal,191,MP_190,98.53337695068464,2.5198843988423276e-05,2.6631716883818126e-05
0,0.0,massive_planetesimal,192,MP_191,102.48820779667047,2.5644461882655634e-05,1.571963993965638e-05
0,0.0,massive_planetesimal,193,MP_192,95.96095232971874,4.912816705313958e-06,1.7075472925031942e-05
0,0.0,massive_planetesimal,194,MP_193,99.36316659694256,2.4787964201155545e-05,8.537736462515939e-07
0,0.0,massive_planetesimal,195,MP_194,96.46863734821406,2.754563115571957e-05,2.634275661277943e-05
0,0.0,massive_planetesimal,196,MP_195,98.9448151793875,2.360952179541469e-05,8.233494873389921e-06
0,0.0,massive_planetesimal,197,MP_196,99.6467963785733,1.1772938886937865e-05,7.040397847728103e-06
0,0.0,massive_planetesimal,198,MP_197,95.8598235011094,5.641323680568688e-06,5.663293681020318e-06
0,0.0,massive_planetesimal,199,MP_198,96.37211257790611,2.0913274422198383e-05,1.4337297576862813e-05
0,0.0,massive_planetesimal,200,MP_199,103.72858958774178,6.153621729155566e-06,7.040397847728103e-06
0,0.0,massive_planetesimal,201,MP_200,100.66420650809646,1.7629080591737145e-05,2.650826247094554e-05
0,0.0,massive_planetesimal,202,MP_201,101.01558452456011,1.555814641983058e-05,8.321556147031972e-06
0,0.0,massive_planetesimal,203,MP_202,100.61223067890039,1.233182338783021e-05,8.706816964856289e-06
0,0.0,massive_planetesimal,204,MP_203,101.76652382509646,2.1145347490095325e-06,0.0
0,0.0,massive_planetesimal,205,MP_204,96.7196035193702,2.848844677811743e-05,1.5056462251787269e-05
0,0.0,massive_planetesimal,206,MP_205,97.15178274628717,1.874468240507756e-05,6.273929367455621e-06
0,0.0,massive_planetesimal,207,MP_206,97.06985159640843,1.3527489096751544e-05,5.598568198963992e-06
0,0.0,massive_planetesimal,208,MP_207,98.60758686518253,1.7686531039879264e-06,1.1454575462498553e-05
0,0.0,massive_planetesimal,209,MP_208,103.88365453062839,2.9749331869542846e-05,3.1945284701301985e-06
0,0.0,massive_planetesimal,210,MP_209,96.21968964209627,2.7276234173990747e-05,2.4133267946715553e-05
0,0.0,massive_planetesimal,211,MP_210,95.44175102944166,1.2840478854075713e-05,1.0386604689550578e-05
0,0.0,massive_planetesimal,212,MP_211,96.70341193658513,3.1316292605219496e-05,1.5949807968210074e-05
0,0.0,massive_planetesimal,213,MP_212,98.97525024554997,1.871208649003395e-05,4.182619578303747e-06
0,0.0,massive_planetesimal,214,MP_213,103.66144606331022,1.885859731602944e-05,1.1486349657968266e-05
0,0.0,massive_planetesimal,215,MP_214,104.26769391488997,2.9848947828793146e-05,1.2518779069552075e-05
0,0.0,massive_planetesimal,216,MP_215,99.61817911449747,2.1080109114109514e-05,1.774535200165325e-05
0,0.0,massive_planetesimal,217,MP_216,95.94639768249387,5.314004237341898e-06,2.3146557793542595e-05
0,0.0,massive_planetesimal,218,MP_217,102.5553954247343,8.237515594840542e-06,2.6466983033799646e-05
0,0.0,massive_planetesimal,219,MP_218,95.52575990323061,3.0256636513186484e-05,1.2547858734911261e-05
0,0.0,massive_planetesimal,220,MP_219,95.38541999323438,2.177340178157925e-05,1.7990127040434818e-05
0,0.0,massive_planetesimal,221,MP_220,99.96417482439308,1.4904238091488616e-05,0.0
0,0.0,massive_planetesimal,222,MP_221,98.73060587558052,1.8082493140121692e-05,8.664856156940838e-06
0,0.0,massive_planetesimal,223,MP_222,100.36487923752249,3.0893310511455555e-05,3.0830569058971685e-05
0,0.0,massive_planetesimal,224,MP_223,103.78147424655539,1.1982845966290351e-05,3.1945284701301985e-06
0,0.0,massive_planetesimal,225,MP_224,104.82144296317843,1.9430765775637897e-05,1.3580101180607511e-05
0,0.0,massive_planetesimal,226,MP_225,102.94750558417559,2.680693946102283e-05,9.075738350724584e-06
0,0.0,massive_planetesimal,227,MP_226,100.20457443767226,1.4837622869876413e-05,2.208288465562367e-05
0,0.0,massive_planetesimal,228,MP_227,101.1871477816964,1.2830403157128588e-06,1.4787793334711022e-05
0,0.0,massive_planetesimal,229,MP_228,96.88474303012309,1.1012514498110002e-05,3.078324659199975e-06
0,0.0,massive_planetesimal,230,MP_229,104.74417123108843,2.583528960434691e-06,2.086074962946319e-05
0,0.0,massive_planetesimal,231,MP_230,99.31076357637943,1.148764352428523e-06,1.7118108379478336e-05
0,0.0,massive_planetesimal,232,MP_231,102.05797003629492,9.65647573451473e-06,2.8889863407320775e-05
0,0.0,massive_planetesimal,233,MP_232,96.17504382252602,1.9143787941871958e-06,2.6700056018199894e-05
0,0.0,massive_planetesimal,234,MP_233,100.67448113549334,1.2711465646889273e-05,1.4235251457258534e-05
0,0.0,massive_planetesimal,235,MP_234,96.89363491672846,9.153513659015982e-06,3.0854203074752875e-05
0,0.0,massive_planetesimal,236,MP_235,103.30019179159031,3.122872129173098e-05,2.694464179159968e-05
0,0.0,massive_planetesimal,237,MP_236,100.45675694081054,1.739185904232784e-05,2.876343013799492e-05
0,0.0,massive_planetesimal,238,MP_237,99.56403857901843,1.2362926630975599e-05,1.1581149199548762e-05
0,0.0,massive_planetesimal,239,MP_238,102.79869843872311,1.4274332573428257e-05,2.978434366079071e-05
0,0.0,massive_planetesimal,240,MP_239,97.0581979301301,3.122355278057155e-05,6.9884384818971375e-06
0,0.0,massive_planetesimal,241,MP_240,97.36360435383544,1.5717645997900972e-06,4.90455619685548e-06
0,0.0,massive_planetesimal,242,MP_241,104.12448796295647,1.7191004278129194e-05,2.000455603180256e-05
0,0.0,massive_planetesimal,243,MP_242,103.64136829192718,3.036297942460038e-05,1.1131846416284069e-05
0,0.0,massive_planetesimal,244,MP_243,104.45693651824467,1.2105914315991659e-05,2.4670956235889678e-05
0,0.0,massive_planetesimal,245,MP_244,101.53191885022821,2.153130862988378e-05,1.392462677356116e-05
0,0.0,massive_planetesimal,246,MP_245,104.36669691865124,6.0129145293900775e-06,3.4150945850063763e-06
0,0.0,massive_planetesimal,247,MP_246,99.36667489338838,3.183407657047869e-05,1.5556496191598024e-05
0,0.0,massive_planetesimal,248,MP_247,100.92956631149619,7.29496871089078e-06,2.0401438912201045e-05
0,0.0,massive_planetesimal,249,MP_248,103.96755371590692,1.521795754330982e-05,2.091309789151873e-06
0,0.0,massive_planetesimal,250,MP_249,99.28169863508873,2.0413975815714656e-05,2.7387376522144918e-05
0,0.0,massive_planetesimal,251,MP_250,101.7185418861406,3.0738782800758665e-05,1.186100256021862e-05
0,0.0,massive_planetesimal,252,MP_251,102.36573093115736,1.471070286258898e-05,6.883343194785022e-06
0,0.0,massive_planetesimal,253,MP_252,101.26824982784207,2.391263360614122e-05,2.8636438656246633e-05
0,0.0,massive_planetesimal,254,MP_253,96.54423088022143,6.325343432324809e-06,9.313570918021479e-06
0,0.0,massive_planetesimal,255,MP_254,102.0815755384264,5.605778171375295e-06,1.1454575462498553e-05
0,0.0,massive_planetesimal,256,MP_255,98.0833320395284,4.072838346811524e-06,1.7621689505503623e-05
0,0.0,massive_planetesimal,257,MP_256,102.82211195267796,2.393568412652095e-05,2.6078557602338607e-05
0,0.0,massive_planetesimal,258,MP_257,98.60810561417516,5.6433784456304175e-06,1.4983666681503355e-05
0,0.0,massive_planetesimal,259,MP_258,98.13846772111641,8.729738565055055e-06,4.26886823125797e-06
0,0.0,massive_planetesimal,260,MP_259,97.35997262620555,2.4420975674323604e-05,2.9759860020269187e-05
0,0.0,massive_planetesimal,261,MP_260,104.98829637333658,1.9632527511570437e-05,2.8457698550067317e-05
0,0.0,massive_planetesimal,262,MP_261,95.811540004239,5.057777739871228e-07,1.52966123677706e-05
0,0.0,massive_planetesimal,263,MP_262,100.52162703304433,2.6771617313296067e-05,3.4150945850063763e-06
0,0.0,massive_planetesimal,264,MP_263,104.94824213620876,2.793318452444996e-05,2.8470502914517292e-05
0,0.0,massive_planetesimal,265,MP_264,101.06299398192719,3.0041771334754463e-05,1.1033187042674263e-05
0,0.0,massive_planetesimal,266,MP_265,96.95185529818659,1.8542510251586633e-06,3.037802939324305e-05
0,0.0,massive_planetesimal,267,MP_266,96.91921161411085,5.614791890469004e-06,2.598054388470835e-05
0,0.0,massive_planetesimal,268,MP_267,101.77708614454471,2.606316403294764e-05,7.540324677666867e-06
0,0.0,massive_planetesimal,269,MP_268,99.29957049900047,1.384049898383043e-05,8.099607985145754e-06
0,0.0,massive_planetesimal,270,MP_269,103.35125791080729,6.818397900600799e-06,0.0
0,0.0,massive_planetesimal,271,MP_270,97.07998073708458,1.660526855976398e-05,2.5924369670044465e-05
0,0.0,massive_planetesimal,272,MP_271,98.71543208406366,6.04276545538088e-06,6.273929367455621e-06
0,0.0,massive_planetesimal,273,MP_272,101.4225241856799,2.2092862544415074e-05,3.145087039763466e-05
0,0.0,massive_planetesimal,274,MP_273,97.45875587005057,2.335408788159519e-05,2.4148365394514843e-05
0,0.0,massive_planetesimal,275,MP_274,96.85375272802492,1.4842499535060695e-05,9.2743557084027e-06
0,0.0,massive_planetesimal,276,MP_275,97.6603087262167,8.772300597834888e-06,8.18910913293408e-06
0,0.0,massive_planetesimal,277,MP_276,97.24689474545876,2.709347361605061e-05,1.277811388052082e-05
0,0.0,massive_planetesimal,278,MP_277,102.82905274171723,6.74990043167408e-06,2.9352931658318245e-05
0,0.0,massive_planetesimal,279,MP_278,95.50535988650057,2.7757553263449467e-05,9.77188602642399e-06
0,0.0,massive_planetesimal,280,MP_279,102.80838354519054,3.0032366686274874e-05,2.330348540626799e-05
0,0.0,massive_planetesimal,281,MP_280,102.44770927816754,2.6256190203595103e-05,2.398177073107052e-05
0,0.0,massive_planetesimal,282,MP_281,100.0287493698035,1.6168861513137815e-05,1.866623346736378e-05
0,0.0,massive_planetesimal,283,MP_282,97.46725053479476,2.3568742966439692e-05,2.1699963539503996e-05
0,0.0,massive_planetesimal,284,MP_283,104.60626285628828,2.3098762631593098e-05,2.9365345670993478e-05
0,0.0,massive_planetesimal,285,MP_284,99.73932737638079,3.1572119899698936e-05,2.9575586669421963e-06
0,0.0,massive_planetesimal,286,MP_285,102.87792850638874,1.224906120892215e-05,3.135802629721045e-05
0,0.0,massive_planetesimal,287,MP_286,98.36856543833267,1.9403610886976116e-05,2.106936231525657e-05
0,0.0,massive_planetesimal,288,MP_287,102.1191781058858,1.803274358303796e-05,1.585814164606441e-05
0,0.0,massive_planetesimal,289,MP_288,95.30892837036023,1.2685959531688769e-05,3.0233714898244535e-05
0,0.0,massive_planetesimal,290,MP_289,103.66608832153665,2.3874175326682482e-05,2.8342198958711723e-05
0,0.0,massive_planetesimal,291,MP_290,97.45699742994972,7.383881768916253e-06,8.537736462515939e-07
0,0.0,massive_planetesimal,292,MP_291,102.43994722694993,1.7011613398312585e-05,1.5224965077553749e-05
0,0.0,massive_planetesimal,293,MP_292,103.88058695014865,2.5976075878946366e-05,1.1197136397927998e-05
0,0.0,massive_planetesimal,294,MP_293,104.02892687630286,2.9500720208087462e-05,1.059505231752994e-05
0,0.0,massive_planetesimal,295,MP_294,96.20110630101381,2.281745093691134e-06,3.167028430738275e-05
0,0.0,massive_planetesimal,296,MP_295,100.80240216742946,2.4781350545868492e-05,2.0185924710546847e-05
0,0.0,massive_planetesimal,297,MP_296,102.12749693761302,1.431656805735929e-05,1.1066171232981577e-05
0,0.0,massive_planetesimal,298,MP_297,97.60703781335948,4.913009482581515e-06,7.871404088081626e-06
0,0.0,massive_planetesimal,299,MP_298,103.56409630655746,2.4878293414240685e-06,2.447815350237319e-05
0,0.0,massive_planetesimal,300,MP_299,104.0979662273323,9.440614678920621e-06,1.8171544675186196e-05
0,0.0,massive_planetesimal,301,MP_300,101.10335388790187,1.995348382841381e-05,4.26886823125797e-06
0,0.0,massive_planetesimal,302,MP_301,95.74070552738714,1.4298842956933533e-05,1.3088102160853195e-05
0,0.0,massive_planetesimal,303,MP_302,102.42906309858074,7.585986464107489e-06,2.654947772641942e-05
0,0.0,massive_planetesimal,304,MP_303,99.99194225422222,1.9831020460275273e-05,2.969856261220141e-05
0,0.0,massive_planetesimal,305,MP_304,102.37515137297719,2.2992107361227985e-06,1.6489107943111647e-05
0,0.0,massive_planetesimal,306,MP_305,99.68320534694334,3.0790399633264355e-05,1.4438622495364691e-05
0,0.0,massive_planetesimal,307,MP_306,95.00568129258943,1.3822261152172669e-05,2.462659727359999e-05
0,0.0,massive_planetesimal,308,MP_307,96.54283125413482,3.0114441112074232e-05,5.3318147119265075e-06
0,0.0,massive_planetesimal,309,MP_308,99.12258596464075,2.430857767397367e-05,7.393896667355496e-06
0,0.0,massive_planetesimal,310,MP_309,103.49730191401227,3.196251555063918e-05,7.143182815269534e-06
0,0.0,massive_planetesimal,311,MP_310,100.82444741539383,3.1792720740797946e-05,3.1693292145003206e-05
0,0.0,massive_planetesimal,312,MP_311,104.32933458453506,6.523540074357997e-06,1.6925403083538737e-05
0,0.0,massive_planetesimal,313,MP_312,104.85621101512012,3.15214942950125e-05,2.9003182112398563e-05
0,0.0,massive_planetesimal,314,MP_313,100.47282841204883,1.7944875985980076e-05,1.6176701413239816e-05
0,0.0,massive_planetesimal,315,MP_314,98.3354992647835,1.058166390275859e-05,4.094554566467037e-06
0,0.0,massive_planetesimal,316,MP_315,97.27867786552835,2.429891520079238e-05,1.7724801500257912e-05
0,0.0,massive_planetesimal,317,MP_316,101.55872860982836,8.80099329984844e-06,2.091309789151873e-06
0,0.0,massive_planetesimal,318,MP_317,103.48792113136088,4.972707816099818e-06,1.9412792688854636e-05
0,0.0,massive_planetesimal,319,MP_318,103.02752250212221,2.857767951187773e-05,0.0
0,0.0,massive_planetesimal,320,MP_319,96.50039578248214,6.4892944837472544e-06,2.1121193543184415e-05
0,0.0,massive_planetesimal,321,MP_320,99.94063603661772,9.608701188224186e-06,1.5272767283331427e-05
0,0.0,massive_planetesimal,322,MP_321,98.5221249356513,2.2765099126437113e-05,0.0
0,0.0,massive_planetesimal,323,MP_322,102.7664843588872,2.593663090094435e-05,2.2765518468793925e-05
0,0.0,massive_planetesimal,324,MP_323,97.45566038809453,1.3616581648875828e-06,7.143182815269534e-06
0,0.0,massive_planetesimal,325,MP_324,103.24415542683494,2.9621973399619622e-05,6.445849674396954e-06
0,0.0,massive_planetesimal,326,MP_325,104.51928790080906,3.8565961633333003e-07,2.4433444508882564e-05
0,0.0,massive_planetesimal,327,MP_326,100.50323505697635,2.500996476506738e-06,2.71870272589746e-05
0,0.0,massive_planetesimal,328,MP_327,100.71841976521111,4.914552930751412e-06,2.367586827588284e-05
0,0.0,massive_planetesimal,329,MP_328,99.72468677564481,1.6314571714117583e-05,9.993164321055812e-06
0,0.0,massive_planetesimal,330,MP_329,96.74807386233012,7.02654695057454e-06,1.4837004097464935e-05
0,0.0,massive_planetesimal,331,MP_330,103.59561133418899,1.2102416736334147e-05,2.725397399234462e-05
0,0.0,massive_planetesimal,332,MP_331,97.57894009147797,2.2173650898713396e-05,3.158962491130937e-05
0,0.0,massive_planetesimal,333,MP_332,98.39735947749028,2.279823275801265e-06,1.5201007603895785e-05
0,0.0,massive_planetesimal,334,MP_333,103.45699400646976,1.6642301192157103e-05,2.6958164824717834e-05
0,0.0,massive_planetesimal,335,MP_334,96.15898865319252,2.83229756232306e-05,1.567320072462458e-05
0,0.0,massive_planetesimal,336,MP_335,95.47372506729488,9.171000477237152e-06,4.517745487845102e-06
0,0.0,massive_planetesimal,337,MP_336,97.79636329102532,1.0253948601580404e-06,1.9655345397318433e-05
0,0.0,massive_planetesimal,338,MP_337,95.1377735529405,7.945415932247565e-06,1.4614250772341616e-05
0,0.0,massive_planetesimal,339,MP_338,100.30441179603068,1.899249895887731e-05,8.537736462515939e-07
0,0.0,massive_planetesimal,340,MP_339,96.00287398495243,2.5050258100659903e-05,3.0161298710667795e-05
0,0.0,massive_planetesimal,341,MP_340,97.84807588649895,2.5201778716152113e-05,2.0240018397643986e-05
0,0.0,massive_planetesimal,342,MP_341,99.44937761026996,1.7503609201802504e-05,4.7536104815230715e-06
0,0.0,massive_planetesimal,343,MP_342,99.5250793152438,2.6964947895200592e-05,1.03514553342977e-05
0,0.0,massive_planetesimal,344,MP_343,96.30921312146505,1.6550877337075191e-06,3.025781511322985e-05
0,0.0,massive_planetesimal,345,MP_344,99.23655120550599,2.9763376616338372e-05,1.6086328072527303e-05
0,0.0,massive_planetesimal,346,MP_345,103.59530791809313,1.4344075346608444e-05,8.954453545231656e-06
0,0.0,massive_planetesimal,347,MP_346,104.76527066415152,5.967465432318246e-06,9.621540352629896e-06
0,0.0,massive_planetesimal,348,MP_347,101.80034935407896,5.802286680252919e-06,2.158207384712059e-05
0,0.0,massive_planetesimal,349,MP_348,102.16751750163604,1.4928296420273742e-05,1.1549635809980122e-05
0,0.0,massive_planetesimal,350,MP_349,104.00091278143687,1.0964809473002415e-05,1.2074182697257333e-06
0,0.0,massive_planetesimal,351,MP_350,102.47110872687404,4.1840580283016124e-06,2.582577078648157e-05
0,0.0,massive_planetesimal,352,MP_351,102.1358660990742,3.176985463255712e-05,1.0933637455190016e-05
0,0.0,massive_planetesimal,353,MP_352,96.77912488296145,1.9619501407931942e-05,0.0
0,0.0,massive_planetesimal,354,MP_353,96.0824944147486,7.687966344938459e-06,8.748576518413899e-06
0,0.0,massive_planetesimal,355,MP_354,98.78620927434513,1.232536759498729e-05,1.0833173112455685e-05
0,0.0,massive_planetesimal,356,MP_355,97.02114300156461,2.4212781677658583e-05,3.1693292145003206e-05
0,0.0,massive_planetesimal,357,MP_356,98.14581569035838,2.4766062036660246e-05,2.447815350237319e-05
0,0.0,massive_planetesimal,358,MP_357,102.66875568107201,2.580475932164283e-05,9.88314448090898e-06
0,0.0,massive_planetesimal,359,MP_358,102.70090718158868,2.9846689704307276e-06,2.1000055014580763e-05
0,0.0,massive_planetesimal,360,MP_359,101.02410253091449,2.741953254143198e-05,3.078324659199975e-06
0,0.0,massive_planetesimal,361,MP_360,99.48216087571166,8.486830595463844e-06,1.2576871163780067e-05
0,0.0,massive_planetesimal,362,MP_361,103.93743128716272,1.363107087401405e-05,1.045654894575938e-05
0,0.0,massive_planetesimal,363,MP_362,100.0267932479607,4.857655458680858e-06,1.1262047877356564e-05
0,0.0,massive_planetesimal,364,MP_363,97.56721761535167,3.103269052262302e-05,2.511023625464716e-05
0,0.0,massive_planetesimal,365,MP_364,100.26460090635011,5.4393126780506596e-06,2.6190124133550093e-05
0,0.0,massive_planetesimal,366,MP_365,96.15186053314265,1.80435969111269e-05,2.3067693653563172e-05
0,0.0,massive_planetesimal,367,MP_366,95.67527314418042,1.6391775074681068e-05,8.2776426154535e-06
0,0.0,massive_planetesimal,368,MP_367,103.94728581714735,5.951181435764844e-06,1.0316186218701491e-05
0,0.0,massive_planetesimal,369,MP_368,96.56291321960973,3.3328478018783056e-06,3.200227901013354e-05
0,0.0,massive_planetesimal,370,MP_369,104.22357638546006,2.8083002484954845e-06,3.6222548091772e-06
0,0.0,massive_planetesimal,371,MP_370,98.55164886993873,1.4478407514594651e-05,1.3309014001239913e-05
0,0.0,massive_planetesimal,372,MP_371,102.05272409477652,2.1489816873146103e-06,1.2074182697257333e-06
0,0.0,massive_planetesimal,373,MP_372,95.9402120216883,3.0395244157356177e-05,2.3951356298121474e-05
0,0.0,massive_planetesimal,374,MP_373,98.68344164206349,1.7189524746449676e-05,9.507220963046152e-06
0,0.0,massive_planetesimal,375,MP_374,98.85921291463218,6.302705363467687e-06,8.365239156607497e-06
0,0.0,massive_planetesimal,376,MP_375,100.33905632722372,2.4699537307058785e-05,1.210433051621537e-05
0,0.0,massive_planetesimal,377,MP_376,104.09797576517546,2.5397523976139777e-05,1.7075472925031877e-06
0,0.0,massive_planetesimal,378,MP_377,99.58376291161514,2.9691345319488854e-06,1.7990127040434818e-05
0,0.0,massive_planetesimal,379,MP_378,102.23431368377292,2.781957846041702e-05,2.01135734931347e-05
0,0.0,massive_planetesimal,380,MP_379,103.69053786277003,1.1657662618819816e-06,1.780686120515573e-05
0,0.0,massive_planetesimal,381,MP_380,99.20222479032446,6.019335300381018e-06,1.0866764427531615e-05
0,0.0,massive_planetesimal,382,MP_381,103.88028758227559,2.445473118645362e-05,6.3890569402603996e-06
0,0.0,massive_planetesimal,383,MP_382,101.10522004213824,9.844111533482271e-06,9.583585410390605e-06
0,0.0,massive_planetesimal,384,MP_383,95.04857337777275,2.334384281172561e-05,3.036602938116383e-05
0,0.0,massive_planetesimal,385,MP_384,99.36136422649095,1.0388597346790033e-05,1.668685248064749e-05
0,0.0,massive_planetesimal,386,MP_385,104.95009417323803,2.5197852763398634e-06,1.2283663699401133e-05
0,0.0,massive_planetesimal,387,MP_386,96.74537131626784,2.4450433709139442e-05,1.5881107829924093e-05
0,0.0,massive_planetesimal,388,MP_387,99.03273582930345,2.5688742527595885e-06,8.408695236852925e-06
0,0.0,massive_planetesimal,389,MP_388,100.73640668795714,1.5935945305545598e-05,1.8568350079179434e-05
0,0.0,massive_planetesimal,390,MP_389,99.28392645841467,2.207237915036545e-05,2.778374121562371e-05
0,0.0,massive_planetesimal,391,MP_390,96.7031908811184,2.21242119974207e-06,2.3287840231354886e-05
0,0.0,massive_planetesimal,392,MP_391,103.6254780040832,2.6736966339523997e-05,2.831646840510158e-06
0,0.0,massive_planetesimal,393,MP_392,97.3470348905189,1.7544746171889705e-05,1.3633671807462767e-05
0,0.0,massive_planetesimal,394,MP_393,104.890919394999,4.804145815972582e-06,2.6576919054392073e-05
0,0.0,massive_planetesimal,395,MP_394,101.65213965604126,2.192686781962503e-05,8.408695236852925e-06
0,0.0,massive_planetesimal,396,MP_395,99.62227930143669,1.046074726016555e-05,9.80911239371097e-06
0,0.0,massive_planetesimal,397,MP_396,103.7210430200358,1.9267820538641645e-05,4.26886823125797e-06
0,0.0,massive_planetesimal,398,MP_397,96.50600594337268,2.757522285513522e-07,1.4787793334710982e-06
0,0.0,massive_planetesimal,399,MP_398,102.48070959079891,2.299589306866054e-06,1.893761558392725e-05
0,0.0,massive_planetesimal,400,MP_399,100.95189352125422,3.171982810083449e-05,8.233494873389921e-06
0,0.0,massive_planetesimal,401,MP_400,100.96445099360274,2.5352666789508936e-05,2.4103044681323992e-05
0,0.0,massive_planetesimal,402,MP_401,100.55877404875763,9.517182691042138e-06,1.0526028440638427e-05
0,0.0,massive_planetesimal,403,MP_402,99.16912536718748,1.719800234731426e-05,1.5579907034325894e-05
0,0.0,massive_planetesimal,404,MP_403,95.67374305133,2.980678173752774e-05,4.00455336570039e-06
0,0.0,massive_planetesimal,405,MP_404,104.00278099615399,2.3222431063120537e-05,2.091309789151873e-06
0,0.0,massive_planetesimal,406,MP_405,103.2819785248934,2.2987218021882447e-05,1.8763606237962374e-05
0,0.0,massive_planetesimal,407,MP_406,100.87521780528876,2.1259035789942347e-05,1.4002928947190923e-05
0,0.0,massive_planetesimal,408,MP_407,97.02405279503759,1.72620082775727e-05,1.5415284529485704e-05
0,0.0,massive_planetesimal,409,MP_408,100.82978262065559,1.8726123241829234e-05,2.1034737209993527e-05
0,0.0,massive_planetesimal,410,MP_409,101.24760634684587,1.720024520147598e-05,1.939400914049012e-05
0,0.0,massive_planetesimal,411,MP_410,103.72987215401703,2.172964980131502e-05,2.831646840510158e-06
0,0.0,massive_planetesimal,412,MP_411,103.2744085250875,1.8990600722827286e-05,1.891836025044376e-05
0,0.0,massive_planetesimal,413,MP_412,102.23320330967158,1.663211711003586e-05,1.1768457563181822e-05
0,0.0,massive_planetesimal,414,MP_413,98.73383543258676,3.0212596706549008e-05,1.6176701413239816e-05
0,0.0,massive_planetesimal,415,MP_414,103.15730635551061,1.226696938890278e-05,2.4715235582738938e-05
0,0.0,massive_planetesimal,416,MP_415,104.5909606337111,1.286841839688827e-05,1.7075472925031877e-06
0,0.0,massive_planetesimal,417,MP_416,100.5225312034401,6.7757152888356435e-06,2.623183925019106e-05
0,0.0,massive_planetesimal,418,MP_417,104.5049626980271,2.6532815691198294e-05,8.872676000826597e-06
0,0.0,massive_planetesimal,419,MP_418,100.32415319712864,2.0554157173227385e-05,1.4787793334711022e-05
0,0.0,massive_planetesimal,420,MP_419,97.32732146676184,2.6772503885069964e-05,4.676310850554341e-06
0,0.0,massive_planetesimal,421,MP_420,96.63206684717787,1.802611973418322e-05,1.1799386545725382e-05
0,0.0,massive_planetesimal,422,MP_421,104.13433659813064,2.887967895740137e-05,2.6535746420754912e-05
0,0.0,massive_planetesimal,423,MP_422,101.90495551217806,5.274304194803796e-07,3.0664620923036854e-05
0,0.0,massive_planetesimal,424,MP_423,95.12397213915794,1.6311509116010262e-05,1.6221699278780337e-05
0,0.0,massive_planetesimal,425,MP_424,100.27544874497181,1.2008900470191797e-05,3.1030884437340754e-05
0,0.0,massive_planetesimal,426,MP_425,100.43309176235955,1.5976968223217385e-05,2.05970127328611e-05
0,0.0,massive_planetesimal,427,MP_426,95.25040203005182,8.396431127681843e-06,1.486154837246863e-05
0,0.0,massive_planetesimal,428,MP_427,102.4673171483805,1.6530384155239116e-05,1.9318692315611825e-05
0,0.0,massive_planetesimal,429,MP_428,101.54995924201468,3.1857769587083916e-05,0.0
0,0.0,massive_planetesimal,430,MP_429,100.45204901222644,1.983731136617348e-05,2.229640951859779e-05
0,0.0,massive_planetesimal,431,MP_430,95.26017403551577,2.675839203006033e-05,2.4148365394514667e-06
0,0.0,massive_planetesimal,432,MP_431,98.34359226717388,5.31177316731922e-06,1.4438622495364691e-05
0,0.0,massive_planetesimal,433,MP_432,101.52567251767078,3.9811324392499e-06,9.430238149809192e-06
0,0.0,massive_planetesimal,434,MP_433,104.42504619233472,3.0421274926822545e-05,1.314367821619951e-05
0,0.0,massive_planetesimal,435,MP_434,95.31581330692993,4.613028765805071e-06,1.9655345397318433e-05
0,0.0,massive_planetesimal,436,MP_435,103.86645558127822,2.621630033807789e-05,1.578904266095767e-05
0,0.0,massive_planetesimal,437,MP_436,96.97482051863277,2.7548357392479863e-05,2.634275661277943e-05
0,0.0,massive_planetesimal,438,MP_437,97.28336231631928,2.9818377305277006e-05,1.8291490166645535e-05
0,0.0,massive_planetesimal,439,MP_438,97.88553006960949,7.72205881541267e-06,2.561320938754782e-06
0,0.0,massive_planetesimal,440,MP_439,100.20975632755771,1.3714973383917783e-05,1.486154837246863e-05
0,0.0,massive_planetesimal,441,MP_440,102.16622756727314,2.4319520367924073e-05,1.8390847172212026e-05
0,0.0,massive_planetesimal,442,MP_441,102.29410459599309,2.5559994488161608e-05,2.1258792350482307e-05
0,0.0,massive_planetesimal,443,MP_442,103.13915683709573,2.3826552304375034e-05,1.4514151986277136e-05
0,0.0,massive_planetesimal,444,MP_443,96.05942356990951,7.224806210083751e-06,2.6904031909000533e-05
0,0.0,massive_planetesimal,445,MP_444,99.91610334297454,2.5786142763243495e-05,2.864916313528216e-05
0,0.0,massive_planetesimal,446,MP_445,101.14281850471578,1.4312821981055556e-05,1.2749559400407728e-05
0,0.0,massive_planetesimal,447,MP_446,99.72144451020647,2.6170729918767306e-05,2.3859880382880394e-05
0,0.0,massive_planetesimal,448,MP_447,96.53492205374187,1.8645838775384518e-05,9.115808030550376e-06
0,0.0,massive_planetesimal,449,MP_448,97.55124656057632,1.6356600429508634e-05,3.035402462505872e-05
0,0.0,massive_planetesimal,450,MP_449,103.74850848805161,5.30771295106917e-06,2.621794158603666e-05
0,0.0,massive_planetesimal,451,MP_450,101.88752212759921,1.704769367464579e-05,1.2401778567452335e-05
0,0.0,massive_planetesimal,452,MP_451,103.92484337209656,7.3583365701743785e-06,5.399738656763834e-06
0,0.0,massive_planetesimal,453,MP_452,97.49670378933837,4.463963135343741e-06,2.7533372779140336e-05
0,0.0,massive_planetesimal,454,MP_453,95.12140900922044,1.78075548962453e-05,1.6400456182785058e-05
0,0.0,massive_planetesimal,455,MP_454,96.67937980598865,2.37060874124424e-05,2.511023625464716e-05
0,0.0,massive_planetesimal,456,MP_455,95.02707273675797,9.560290259120497e-06,1.7765878731478854e-05
0,0.0,massive_planetesimal,457,MP_456,96.81523108109698,1.6948007710638918e-05,2.262097403300073e-05
0,0.0,massive_planetesimal,458,MP_457,96.74977837487491,2.447398401972758e-05,1.1518036199983983e-05
0,0.0,massive_planetesimal,459,MP_458,99.97025846217477,1.053952469805747e-06,7.194024615706825e-06
0,0.0,massive_planetesimal,460,MP_459,103.82077709438099,2.552055053010128e-05,2.782306712520834e-05
0,0.0,massive_planetesimal,461,MP_460,101.52787224491314,2.9411509266180028e-05,3.1945284701301985e-06
0,0.0,massive_planetesimal,462,MP_461,99.45265465999388,2.1611023061585844e-05,2.6917575343993236e-05
0,0.0,massive_planetesimal,463,MP_462,103.8742289813674,1.5640120589759049e-06,2.4148365394514843e-05
0,0.0,massive_planetesimal,464,MP_463,97.59742252086637,4.327083583974906e-06,3.7215130446689415e-06
0,0.0,massive_planetesimal,465,MP_464,97.1663343820587,2.214032296680804e-05,2.196705006686931e-05
0,0.0,massive_planetesimal,466,MP_465,103.3586297126929,2.4044610541454266e-06,2.366046933553774e-05
0,0.0,massive_planetesimal,467,MP_466,101.26766064327158,1.1305265582092902e-05,2.173352885506333e-05
0,0.0,massive_planetesimal,468,MP_467,95.6130406577344,1.906745442315154e-05,3.818191820832846e-06
0,0.0,massive_planetesimal,469,MP_468,96.83808123878505,5.304094299168918e-06,1.4787793334710982e-06
0,0.0,massive_planetesimal,470,MP_469,95.28292305638114,1.7877577487056494e-05,9.035490975690211e-06
0,0.0,massive_planetesimal,471,MP_470,97.87809014961363,2.173265179001976e-05,1.7075472925031877e-06
0,0.0,massive_planetesimal,472,MP_471,99.65212471563574,7.0397900585431676e-06,2.6008585494473243e-05
0,0.0,massive_planetesimal,473,MP_472,99.62798937816788,2.644513759901111e-05,2.18839356936812e-05
0,0.0,massive_planetesimal,474,MP_473,98.71711259829539,1.4611931341192516e-06,2.5168227639631914e-05
0,0.0,massive_planetesimal,475,MP_474,97.09427281459435,1.881030174601271e-05,7.443026089337888e-06
0,0.0,massive_planetesimal,476,MP_475,98.80235583899304,1.3802185008392349e-05,2.6092529506690732e-05
0,0.0,massive_planetesimal,477,MP_476,101.60868195924805,1.3813794597209807e-05,2.393613458937197e-05
0,0.0,massive_planetesimal,478,MP_477,98.17722334809291,3.33600692091572e-06,1.3309014001239913e-05
0,0.0,massive_planetesimal,479,MP_478,104.30711181205642,1.1591145934826516e-06,1.98949412011025e-05
0,0.0,massive_planetesimal,480,MP_479,96.18485252354796,6.937412662985969e-06,8.79013768592829e-06
0,0.0,massive_planetesimal,481,MP_480,96.61869360628737,2.994124339537409e-06,1.7580275371856632e-05
0,0.0,massive_planetesimal,482,MP_481,95.2422935408759,3.012374084121196e-05,3.52019892386405e-06
0,0.0,massive_planetesimal,483,MP_482,101.17660240169998,1.9529278454552587e-05,3.1566541514064386e-05
0,0.0,massive_planetesimal,484,MP_483,101.23071503562032,1.344267408933693e-05,1.2283663699401133e-05
0,0.0,massive_planetesimal,485,MP_484,98.79125061091548,2.076079692453445e-05,3.09721026371867e-05
0,0.0,massive_planetesimal,486,MP_485,102.04396878977455,4.773893884547006e-06,1.705411522696106e-05
0,0.0,massive_planetesimal,487,MP_486,97.44119075085568,2.734056931118815e-05,1.2074182697257333e-06
0,0.0,massive_planetesimal,488,MP_487,96.61045682819939,2.157261762850409e-05,1.9090959104164224e-06
0,0.0,massive_planetesimal,489,MP_488,98.65184703021067,2.2313033471425767e-05,1.9014441926092368e-05
0,0.0,massive_planetesimal,490,MP_489,101.66833285690453,1.5097328236957818e-05,1.0280796110218938e-05
0,0.0,massive_planetesimal,491,MP_490,104.86625917524964,7.119432068216593e-06,2.6078557602338607e-05
0,0.0,massive_planetesimal,492,MP_491,98.24405664141612,2.554722600816588e-05,3.065273310676416e-05
0,0.0,massive_planetesimal,493,MP_492,96.479469133047,2.9228195409180013e-05,1.657728561965808e-05
0,0.0,massive_planetesimal,494,MP_493,97.47946991660883,2.9248642025084255e-05,2.5499118800815618e-05
0,0.0,massive_planetesimal,495,MP_494,97.57150474030777,1.7374134584739434e-05,1.024528375501914e-05
0,0.0,massive_planetesimal,496,MP_495,99.69133436972119,2.082599248134002e-05,4.094554566467037e-06
0,0.0,massive_planetesimal,497,MP_496,101.53905430621069,2.2720030119145136e-05,2.290915092499722e-05
0,0.0,massive_planetesimal,498,MP_497,95.9950964286546,1.940001982224734e-05,2.091309789151873e-06
0,0.0,massive_planetesimal,499,MP_498,96.60338124942872,1.953303422150966e-05,2.531262485224852e-05
0,0.0,massive_planetesimal,500,MP_499,100.63010760086364,1.5132389829121393e-05,2.094792405701141e-05
0,0.0,massive_planetesimal,501,MP_500,103.29221141203126,1.9011071582601295e-05,7.824964720612764e-06
0,0.0,massive_planetesimal,502,MP_501,100.89985222243014,3.5440101886068377e-06,2.4148365394514667e-06
0,0.0,massive_planetesimal,503,MP_502,102.62073021030172,2.2342087830699044e-05,8.913658556096819e-06
0,0.0,massive_planetesimal,504,MP_503,98.26162642003565,7.509512494689793e-06,1.2576871163780067e-05
0,0.0,massive_planetesimal,505,MP_504,98.1415488807834,4.521256546859767e-06,8.537736462515945e-06
0,0.0,massive_planetesimal,506,MP_505,102.89905981735585,2.062637838543379e-06,8.144481502960801e-06
0,0.0,massive_planetesimal,507,MP_506,101.17785936388557,1.5951888966610052e-07,5.915117333884395e-06
0,0.0,massive_planetesimal,508,MP_507,102.6472421914175,1.4316290330127378e-05,2.3966568339221968e-05
0,0.0,massive_planetesimal,509,MP_508,104.186646150613,7.95758918519559e-06,2.836790617393655e-05
0,0.0,massive_planetesimal,510,MP_509,101.14606219252428,1.5857113732879103e-05,1.9766288961818032e-05
0,0.0,massive_planetesimal,511,MP_510,100.97779340630039,1.4140834359792525e-05,7.824964720612764e-06
0,0.0,massive_planetesimal,512,MP_511,99.09701076548993,5.822174568774159e-06,2.3412708902503816e-05
0,0.0,massive_planetesimal,513,MP_512,103.15763611595408,2.31538993311109e-05,2.780996466762975e-05
0,0.0,massive_planetesimal,514,MP_513,101.08807809205592,8.5535894018701e-06,7.091976543484069e-06
0,0.0,massive_planetesimal,515,MP_514,102.6095297951701,1.0120812070457743e-05,6.557959812547711e-06
0,0.0,massive_planetesimal,516,MP_515,103.74823154274058,2.931386660178053e-05,2.7200429787399718e-05
0,0.0,massive_planetesimal,517,MP_516,95.83562032148477,1.248883653646796e-05,8.233494873389921e-06
0,0.0,massive_planetesimal,518,MP_517,104.59379272315233,2.4346842890281095e-05,2.0526110585337575e-05
0,0.0,massive_planetesimal,519,MP_518,96.86692118281269,3.0006573841064307e-05,9.659346157805877e-06
0,0.0,massive_planetesimal,520,MP_519,99.51298918343304,2.0238279510189704e-05,5.122641877509565e-06
0,0.0,massive_planetesimal,521,MP_520,96.62179934943782,1.063606832120035e-05,1.059505231752994e-05
0,0.0,massive_planetesimal,522,MP_521,100.41738571663232,4.1240769496911935e-06,2.2049851152230296e-05
0,0.0,massive_planetesimal,523,MP_522,95.98316591125868,1.3746440761689203e-06,2.3083488036552718e-05
0,0.0,massive_planetesimal,524,MP_523,102.76907054956833,1.2049239449493083e-05,9.734517300533532e-06
0,0.0,massive_planetesimal,525,MP_524,103.27008014607995,2.0463821935503153e-05,2.3521425216738414e-05
0,0.0,massive_planetesimal,526,MP_525,95.00824616834689,1.91529116491731e-05,1.1326587362040649e-05
0,0.0,massive_planetesimal,527,MP_526,95.70233370886702,1.8212224680447092e-06,2.9315658079272248e-05
0,0.0,massive_planetesimal,528,MP_527,96.42571282327113,2.2877577692690337e-05,1.9224131335124367e-05
0,0.0,massive_planetesimal,529,MP_528,95.76638661450885,1.933229456712046e-05,3.1566541514064386e-05
0,0.0,massive_planetesimal,530,MP_529,101.78011554171798,1.2858103241258128e-06,2.774435956405637e-05
0,0.0,massive_planetesimal,531,MP_530,104.37015000876264,8.234581990371019e-06,1.571963993965638e-05
0,0.0,massive_planetesimal,532,MP_531,102.27010905961355,2.7650383063503143e-05,4.597711793052988e-06
0,0.0,massive_planetesimal,533,MP_532,100.53431369886988,2.2397509444692143e-05,2.0738089811501742e-05
0,0.0,massive_planetesimal,534,MP_533,96.54303718722684,2.9817427825658437e-05,2.4373704946366044e-05
0,0.0,massive_planetesimal,535,MP_534,104.28238648112166,1.3334531298571181e-05,0.0
0,0.0,massive_planetesimal,536,MP_535,98.51702390850267,2.2440665827681983e-05,2.5298222219587597e-05
0,0.0,massive_planetesimal,537,MP_536,98.54801919137596,4.1578715738350534e-07,8.99506352021738e-06
0,0.0,massive_planetesimal,538,MP_537,102.59926397594087,2.2257664973201747e-05,4.436338000413295e-06
0,0.0,massive_planetesimal,539,MP_538,101.4809393028152,1.5472372512297816e-05,1.4054888045735014e-05
0,0.0,massive_planetesimal,540,MP_539,96.6425338725427,4.241482056731994e-06,3.05336003858729e-05
0,0.0,massive_planetesimal,541,MP_540,103.98250445178138,1.8014909163256016e-05,2.9414949330792166e-05
0,0.0,massive_planetesimal,542,MP_541,98.45536991790017,2.5661018671790334e-05,2.8148646507952976e-05
0,0.0,massive_planetesimal,543,MP_542,97.70920393386311,1.5647216490953915e-05,1.2074182697257333e-06
0,0.0,massive_planetesimal,544,MP_543,100.65316547004946,1.3752040203720225e-06,2.4148365394514667e-06
0,0.0,massive_planetesimal,545,MP_544,98.38695633420751,7.298541054635105e-06,6.037091348628668e-06
0,0.0,massive_planetesimal,546,MP_545,104.59681219174124,1.903240011095489e-05,2.0526110585337575e-05
0,0.0,massive_planetesimal,547,MP_546,99.83468651347701,1.7067474800606662e-05,1.03514553342977e-05
0,0.0,massive_planetesimal,548,MP_547,97.7563505108337,3.0153556623027553e-06,6.037091348628668e-06
0,0.0,massive_planetesimal,549,MP_548,95.90171976489486,1.3867965326872456e-05,1.129436371961277e-05
0,0.0,massive_planetesimal,550,MP_549,99.86982082304993,3.0921500392135026e-05,2.419360121073552e-05
0,0.0,massive_planetesimal,551,MP_550,104.42509263319798,1.0213567095957725e-05,8.18910913293408e-06
0,0.0,massive_planetesimal,552,MP_551,95.61885477025575,8.160500466412907e-07,1.9186176448475686e-05
0,0.0,massive_planetesimal,553,MP_552,100.4605406674809,1.9732445805224506e-05,9.35262170110869e-06
0,0.0,massive_planetesimal,554,MP_553,95.85557641018399,9.959139494713887e-06,0.0
0,0.0,massive_planetesimal,555,MP_554,101.04307303798927,2.709997449985087e-05,1.3004292747236537e-05
0,0.0,massive_planetesimal,556,MP_555,104.44145646660465,8.799067962865555e-06,0.0
0,0.0,massive_planetesimal,557,MP_556,100.24667509443566,2.8260060224953036e-05,9.35262170110869e-06
0,0.0,massive_planetesimal,558,MP_557,96.57601513288475,3.312328586087661e-06,1.6108968939569464e-05
0,0.0,massive_planetesimal,559,MP_558,102.73849761319006,1.2566721873697755e-05,1.2074182697257333e-06
0,0.0,massive_planetesimal,560,MP_559,99.95491341268682,1.1402159476949797e-05,1.7929246571283543e-05
0,0.0,massive_planetesimal,561,MP_560,98.18064147108689,1.1078862571172022e-05,1.8724717893074728e-05
0,0.0,massive_planetesimal,562,MP_561,101.94045013186148,2.0717146332334733e-05,4.26886823125797e-06
0,0.0,massive_planetesimal,563,MP_562,103.55163946484213,5.221701025968212e-06,1.6221699278780337e-05
0,0.0,massive_planetesimal,564,MP_563,99.5492522733431,3.053658485604663e-05,9.155702348202485e-06
0,0.0,massive_planetesimal,565,MP_564,97.02677787867721,2.1927917827313983e-05,1.7559531676877806e-05
0,0.0,massive_planetesimal,566,MP_565,96.38287001494105,2.235627419787722e-05,3.1171508501065545e-05
0,0.0,massive_planetesimal,567,MP_566,95.74781534227348,3.525441443370211e-06,2.2132342465963256e-05
0,0.0,massive_planetesimal,568,MP_567,100.23423847844896,2.903031594675008e-05,2.8096807335951147e-05
0,0.0,massive_planetesimal,569,MP_568,100.05975503911125,3.2259640891575153e-06,2.1086653546985296e-05
0,0.0,massive_planetesimal,570,MP_569,97.99512490274635,7.426574741099117e-06,1.983990668017933e-05
0,0.0,massive_planetesimal,571,MP_570,103.60767694954602,1.0952610377226899e-05,2.1086653546985296e-05
0,0.0,massive_planetesimal,572,MP_571,95.8635967450159,2.811110897313828e-05,2.9587907264278482e-05
0,0.0,massive_planetesimal,573,MP_572,104.84607376600931,7.932854074641132e-06,2.4148365394514667e-06
0,0.0,massive_planetesimal,574,MP_573,95.0708535416995,1.907966110513384e-05,8.45192788808014e-06
0,0.0,massive_planetesimal,575,MP_574,103.78968872386453,1.0773465843079448e-05,2.173352885506333e-05
0,0.0,massive_planetesimal,576,MP_575,101.91879659666948,1.789575131838176e-05,0.0
0,0.0,massive_planetesimal,577,MP_576,104.37565258772945,2.887370255736278e-05,1.2074182697257333e-06
0,0.0,massive_planetesimal,578,MP_577,95.06715784163391,9.222377638210112e-06,2.4042484171852243e-05
0,0.0,massive_planetesimal,579,MP_578,98.10362591287868,3.093644683611064e-05,1.4028932551663055e-05
0,0.0,massive_planetesimal,580,MP_579,100.52671564597412,1.383473352866023e-05,2.645320890690588e-05
0,0.0,massive_planetesimal,581,MP_580,99.42148557464496,2.2567681881371743e-05,2.6836212209724197e-05
0,0.0,massive_planetesimal,582,MP_581,101.76393776717282,2.3876273783019123e-05,6.722620413208828e-06
0,0.0,massive_planetesimal,583,MP_582,103.55962508813674,1.9520784270143815e-05,4.094554566467037e-06
0,0.0,massive_planetesimal,584,MP_583,98.92042461861861,2.733448021403052e-05,1.325413123547268e-05
0,0.0,massive_planetesimal,585,MP_584,102.18175792127934,1.8147499695721725e-05,1.5904040849567444e-05
0,0.0,massive_planetesimal,586,MP_585,104.5907333807998,2.2632550214064752e-05,3.1612691453200965e-05
0,0.0,massive_planetesimal,587,MP_586,101.09429368496973,5.50946123815224e-06,1.737172379932318e-05
0,0.0,massive_planetesimal,588,MP_587,96.09655899191694,1.2190091137279059e-05,1.619921597029155e-05
0,0.0,massive_planetesimal,589,MP_588,103.37617292855492,1.5500296294878065e-05,1.4787793334710982e-06
0,0.0,massive_planetesimal,590,MP_589,102.05125945999227,2.5450350800733316e-05,7.3444386094852035e-06
0,0.0,massive_planetesimal,591,MP_590,103.88795494181437,1.7411138927114807e-05,2.83550554796536e-05
0,0.0,massive_planetesimal,592,MP_591,99.80080075194543,3.192473494974572e-05,3.6222548091772e-06
0,0.0,massive_planetesimal,593,MP_592,98.44037168259159,1.6615235337632553e-05,9.35262170110869e-06
0,0.0,massive_planetesimal,594,MP_593,101.2269134435604,1.6458218659435265e-05,2.2749503328951236e-05
0,0.0,massive_planetesimal,595,MP_594,104.73348683745907,2.5990097659129136e-05,2.7546606797101884e-05
0,0.0,massive_planetesimal,596,MP_595,102.61948178564174,4.4944050685330275e-06,9.84619801707684e-06
0,0.0,massive_planetesimal,597,MP_596,103.20104744783706,8.213628548638644e-06,2.3844600278602423e-05
0,0.0,massive_planetesimal,598,MP_597,99.01698775502489,2.311929034078392e-05,2.9278337048126537e-05
0,0.0,massive_planetesimal,599,MP_598,102.79357544785806,9.363026875186045e-06,2.5726794021849062e-05
0,0.0,massive_planetesimal,600,MP_599,95.44397296910587,3.192561431605891e-05,2.782306712520834e-05
0,0.0,massive_planetesimal,601,MP_600,97.86835554680151,4.160799840360985e-06,1.6040950469935144e-05
0,0.0,massive_planetesimal,602,MP_601,96.4319673774312,7.887227298636355e-06,6.331754823653221e-06
0,0.0,massive_planetesimal,603,MP_602,101.15024381903382,2.848825387684019e-05,1.9280923575057597e-05
0,0.0,massive_planetesimal,604,MP_603,98.20584062449905,3.085704475844163e-05,1.9913252241518953e-05
0,0.0,massive_planetesimal,605,MP_604,101.68443570705772,1.7940890903340745e-05,2.8329336603178093e-05
0,0.0,massive_planetesimal,606,MP_605,96.06388683012403,3.088454774563344e-05,1.9167170820781278e-05
0,0.0,massive_planetesimal,607,MP_606,103.221272739041,6.932657137631449e-06,2.574095686025837e-05
0,0.0,massive_planetesimal,608,MP_607,103.15833355326615,5.646724526278163e-06,1.4787793334710982e-06
0,0.0,massive_planetesimal,609,MP_608,97.47067587280719,2.749371131837016e-05,9.507220963046152e-06
0,0.0,massive_planetesimal,610,MP_609,98.1765522080521,2.653959131999091e-06,5.0509930079323e-06
0,0.0,massive_planetesimal,611,MP_610,97.12674706760023,2.906706161778359e-05,2.8483301522902347e-05
0,0.0,massive_planetesimal,612,MP_611,97.1122099443796,4.114832292377505e-06,1.2164402004367092e-05
0,0.0,massive_planetesimal,613,MP_612,97.96254735379308,1.1067216888197922e-05,2.5298222219587597e-05
0,0.0,massive_planetesimal,614,MP_613,97.78162283892267,1.7067085346398762e-06,2.3614212264245028e-05
0,0.0,massive_planetesimal,615,MP_614,96.84471584179103,3.025771221206097e-06,1.1164539134006841e-05
0,0.0,massive_planetesimal,616,MP_615,95.38910820774217,1.9208745004520108e-05,2.831646840510158e-06
0,0.0,massive_planetesimal,617,MP_616,97.99411494816528,1.5162954821443555e-06,8.537736462515939e-07
0,0.0,massive_planetesimal,618,MP_617,100.74055505781823,2.1897786229747964e-05,1.9090959104164224e-06
0,0.0,massive_planetesimal,619,MP_618,99.39035112228099,2.349424218298673e-05,2.7757492989437645e-05
0,0.0,massive_planetesimal,620,MP_619,103.52179195007453,2.6635723470549343e-05,2.336596135056891e-05
0,0.0,massive_planetesimal,621,MP_620,101.38287023912545,1.647807109040138e-05,2.722721505217398e-05
0,0.0,massive_planetesimal,622,MP_621,104.61886101368593,7.965462376309392e-06,2.270139012036184e-05
0,0.0,massive_planetesimal,623,MP_622,100.73525861708454,1.853290194757007e-05,5.3318147119265075e-06
0,0.0,massive_planetesimal,624,MP_623,102.95795004805319,1.4118896147069049e-05,6.722620413208828e-06
0,0.0,massive_planetesimal,625,MP_624,95.90136982038268,2.294462312828313e-05,8.009106731400786e-06
0,0.0,massive_planetesimal,626,MP_625,95.84858443554936,1.6368996372434208e-05,1.4413358044696506e-05
0,0.0,massive_planetesimal,627,MP_626,97.61654915632946,8.900695854950815e-06,2.9686287942277552e-05
0,0.0,massive_planetesimal,628,MP_627,95.883902354175,7.958092185177326e-06,1.9090959104164224e-06
0,0.0,massive_planetesimal,629,MP_628,101.62049604631565,2.0180688830672488e-05,3.0076592789757522e-05
0,0.0,massive_planetesimal,630,MP_629,102.92425100335177,1.5721713046427998e-05,2.254027104997907e-05
0,0.0,massive_planetesimal,631,MP_630,95.84974753125739,2.6755705106941724e-05,2.9857674121376002e-05
0,0.0,massive_planetesimal,632,MP_631,104.60226004522966,4.092236299320526e-06,1.1164539134006841e-05
0,0.0,massive_planetesimal,633,MP_632,95.23291060004692,4.912693789757317e-06,1.7990127040434818e-05
0,0.0,massive_planetesimal,634,MP_633,99.15281413738794,8.751702919748917e-06,8.537736462515939e-07
0,0.0,massive_planetesimal,635,MP_634,95.20144471496604,5.038323477334097e-06,2.1310162845882393e-05
0,0.0,massive_planetesimal,636,MP_635,100.6775611684119,4.401803119879541e-06,1.805080217741265e-05
0,0.0,massive_planetesimal,637,MP_636,99.27813809362942,8.954429388540213e-06,2.1933842111273517e-05
0,0.0,massive_planetesimal,638,MP_637,100.38344799333014,9.94693760358106e-07,2.313080647644551e-05
0,0.0,massive_planetesimal,639,MP_638,104.35606786469741,1.997959184384121e-05,1.5248884911748957e-05
0,0.0,massive_planetesimal,640,MP_639,97.90309256707665,1.4075305619069772e-05,2.1933842111273517e-05
0,0.0,massive_planetesimal,641,MP_640,101.82559793432503,2.0567210069396846e-05,2.08956630423927e-05
0,0.0,massive_planetesimal,642,MP_641,102.32319115515352,2.2574378599519734e-05,7.588506156264597e-06
0,0.0,massive_planetesimal,643,MP_642,98.66743098929956,1.2510739645985373e-05,1.9337549023190945e-05
0,0.0,massive_planetesimal,644,MP_643,102.06244111683249,2.606159399587966e-06,1.5056462251787269e-05
0,0.0,massive_planetesimal,645,MP_644,104.4925281410583,1.0371974867004641e-05,1.8030599818338033e-05
0,0.0,massive_planetesimal,646,MP_645,98.70628261505628,6.518059170748139e-06,3.52019892386405e-06
0,0.0,massive_planetesimal,647,MP_646,95.01929707873333,3.0493721299773752e-05,0.0
0,0.0,massive_planetesimal,648,MP_647,102.12886291432095,1.4836024156518611e-05,3.119488421376283e-05
0,0.0,massive_planetesimal,649,MP_648,104.28930017126349,8.152717571637195e-06,4.676310850554341e-06
0,0.0,massive_planetesimal,650,MP_649,104.24619178483213,1.9842589012698693e-05,9.956626120759437e-06
0,0.0,massive_planetesimal,651,MP_650,96.43350070209539,2.5929322918801987e-05,2.2556434745889217e-05
0,0.0,massive_planetesimal,652,MP_651,103.12905347695755,2.8199462901894227e-05,1.7497153036827848e-05
0,0.0,massive_planetesimal,653,MP_652,103.65431855622103,1.236396596030347e-05,1.2663509647306462e-05
0,0.0,massive_planetesimal,654,MP_653,101.60461145310452,1.3776073923143082e-05,6.9884384818971375e-06
0,0.0,massive_planetesimal,655,MP_654,97.07353333026451,1.7921839239223038e-05,1.716063790683883e-05
0,0.0,massive_planetesimal,656,MP_655,100.31428172172062,1.8755500285347236e-05,1.631132260876835e-05
0,0.0,massive_planetesimal,657,MP_656,98.42688180377829,2.0771251174088122e-05,1.5926940848252804e-05
0,0.0,massive_planetesimal,658,MP_657,96.9088514657223,1.9465624223486788e-05,5.663293681020318e-06
0,0.0,massive_planetesimal,659,MP_658,103.75746016359648,9.450482434398256e-06,1.3606912857609226e-05
0,0.0,massive_planetesimal,660,MP_659,95.68938951732557,1.8986884013028856e-05,3.165877411826649e-05
0,0.0,massive_planetesimal,661,MP_660,98.15536745902837,4.151299420968535e-06,2.2230927998283902e-05
0,0.0,massive_planetesimal,662,MP_661,99.9796755877866,5.06137163668475e-06,1.3819533748532954e-05
0,0.0,massive_planetesimal,663,MP_662,100.21887153850636,6.3033544102179866e-06,2.4148365394514667e-06
0,0.0,massive_planetesimal,664,MP_663,99.93484157763213,2.0858096673807366e-05,2.831646840510158e-06
0,0.0,massive_planetesimal,665,MP_664,98.72078411516023,2.298715831269005e-06,7.091976543484069e-06
0,0.0,massive_planetesimal,666,MP_665,104.79621681124287,1.3538764361537214e-05,2.4148365394514667e-06
0,0.0,massive_planetesimal,667,MP_666,95.95233610288369,1.4502141921741392e-05,1.0866764427531615e-05
0,0.0,massive_planetesimal,668,MP_667,103.51867855746542,7.711269128404237e-06,1.722423530049259e-05
0,0.0,massive_planetesimal,669,MP_668,96.61578624371523,1.9591148065436806e-05,8.408695236852925e-06
0,0.0,massive_planetesimal,670,MP_669,100.65148112695893,1.7544442938621643e-05,8.009106731400786e-06
0,0.0,massive_planetesimal,671,MP_670,97.21697148376823,6.188331514351298e-06,1.006584283732318e-05
0,0.0,massive_planetesimal,672,MP_671,101.51962346033089,2.1213488352753833e-05,1.5367925632528735e-05
0,0.0,massive_planetesimal,673,MP_672,101.4037500991766,1.7476463788677896e-05,3.91248236030638e-06
0,0.0,massive_planetesimal,674,MP_673,98.78842556973105,2.6289767444303326e-05,1.4158234202550823e-05
0,0.0,massive_planetesimal,675,MP_674,99.80559890798918,8.313543859942585e-06,7.778248095798993e-06
0,0.0,massive_planetesimal,676,MP_675,104.49603042900793,2.1409197763947018e-05,1.7517970596881582e-05
0,0.0,massive_planetesimal,677,MP_676,97.93037674432817,3.050944795690055e-05,1.2634696163675251e-05
0,0.0,massive_planetesimal,678,MP_677,96.61550726451193,1.8756382565526433e-05,3.818191820832846e-06
0,0.0,massive_planetesimal,679,MP_678,104.10089674130195,5.792315221269186e-06,1.2605816820395112e-05
0,0.0,massive_planetesimal,680,MP_679,95.29071614168798,1.3011140598249348e-05,2.0790746916525475e-05
0,0.0,massive_planetesimal,681,MP_680,98.69471046181256,8.774476873551336e-06,2.3319120084582497e-05
0,0.0,massive_planetesimal,682,MP_681,100.39275982253584,1.974473312510622e-05,2.4148365394514667e-06
0,0.0,massive_planetesimal,683,MP_682,103.35921080916837,5.96656938244379e-06,6.9884384818971375e-06
0,0.0,massive_planetesimal,684,MP_683,101.86753958541458,2.896616819869814e-05,9.430238149809192e-06
0,0.0,massive_planetesimal,685,MP_684,104.07415186593678,3.055469182277288e-06,2.2765518468793925e-05
0,0.0,massive_planetesimal,686,MP_685,98.21622338219248,2.648770143544083e-05,2.4670956235889678e-05
0,0.0,massive_planetesimal,687,MP_686,100.89506330403471,2.7685870553244618e-05,1.0173887179578492e-05
0,0.0,massive_planetesimal,688,MP_687,103.87039020330555,1.2327905948305368e-05,3.188818852572369e-05
0,0.0,massive_planetesimal,689,MP_688,102.98432190800135,2.9075768720478398e-05,2.3397136763167146e-05
0,0.0,massive_planetesimal,690,MP_689,100.09300313224816,6.51791157722064e-07,1.6086328072527303e-05
0,0.0,massive_planetesimal,691,MP_690,98.90484989768518,1.6927143581000577e-05,1.2074182697257333e-06
0,0.0,massive_planetesimal,692,MP_691,95.31240978990654,2.2093059480611974e-05,1.392462677356116e-05
0,0.0,massive_planetesimal,693,MP_692,99.3802678127074,1.5167503137560795e-05,1.8587967992817196e-05
0,0.0,massive_planetesimal,694,MP_693,99.50924747316,6.635932007248975e-06,1.6752248626020106e-05
0,0.0,massive_planetesimal,695,MP_694,101.3875555576843,7.964151301339228e-06,0.0
0,0.0,massive_planetesimal,696,MP_695,104.62014363818865,2.261885356269303e-05,3.1853881696505914e-05
0,0.0,massive_planetesimal,697,MP_696,101.11760354448492,3.154730241388471e-05,2.0930518217647736e-05
0,0.0,massive_planetesimal,698,MP_697,101.9942371032231,1.5498098837751646e-05,2.94025562612171e-05
0,0.0,massive_planetesimal,699,MP_698,95.69611001798609,1.5783835991981256e-05,2.561320938754782e-06
0,0.0,massive_planetesimal,700,MP_699,97.79795788671312,1.6612505092824146e-05,3.818191820832846e-06
0,0.0,massive_planetesimal,701,MP_700,97.05050598523188,2.5799407639053594e-05,3.4150945850063763e-06
0,0.0,massive_planetesimal,702,MP_701,96.90060886608134,1.9719679480179403e-06,1.4388049231413678e-05
0,0.0,massive_planetesimal,703,MP_702,99.49353941033131,3.6315178591945833e-06,1.8151476701449225e-05
0,0.0,massive_planetesimal,704,MP_703,104.7589459228132,2.1904863314550127e-05,5.7905745997743736e-06
0,0.0,massive_planetesimal,705,MP_704,97.18411333119552,2.7928008269962254e-05,1.9299817184270054e-05
0,0.0,massive_planetesimal,706,MP_705,104.76200864358097,1.0482313686645954e-06,2.3443822150653013e-05
0,0.0,massive_planetesimal,707,MP_706,98.84306659103957,2.7780954448925037e-05,1.7203062292734435e-05
0,0.0,massive_planetesimal,708,MP_707,99.76284543083678,1.6281380440543078e-05,2.298855896526509e-05
0,0.0,massive_planetesimal,709,MP_708,96.95771602209719,2.5606398177565896e-05,1.0866764427531615e-05
0,0.0,massive_planetesimal,710,MP_709,103.46181529344982,2.2608229047899494e-06,8.537736462515939e-07
0,0.0,massive_planetesimal,711,MP_710,104.59170539067046,2.8405797651019867e-05,9.115808030550376e-06
0,0.0,massive_planetesimal,712,MP_711,99.2291614304287,2.6096088189904265e-05,2.5370153619298495e-05
0,0.0,massive_planetesimal,713,MP_712,103.06922977819917,2.759930774344104e-05,6.776618231767655e-06
0,0.0,massive_planetesimal,714,MP_713,97.8910328119451,2.2400324930001727e-05,0.0
0,0.0,massive_planetesimal,715,MP_714,103.96606912147435,5.000767267614437e-06,2.911605978830686e-05
0,0.0,massive_planetesimal,716,MP_715,95.8434489443831,2.088871503474141e-06,2.4148365394514667e-06
0,0.0,massive_planetesimal,717,MP_716,99.4483575928186,1.885720651722145e-05,1.705411522696106e-05
0,0.0,massive_planetesimal,718,MP_717,104.97310742546631,1.1209530952143465e-05,0.0
0,0.0,massive_planetesimal,719,MP_718,104.39982593704991,2.007827488322745e-05,1.666499673782919e-05
0,0.0,massive_planetesimal,720,MP_719,95.03061104864094,1.982967558852621e-05,2.991864554309662e-05
0,0.0,massive_planetesimal,721,MP_720,103.2423894610013,1.7626613280806408e-05,1.9784719072079928e-05
0,0.0,massive_planetesimal,722,MP_721,95.58801057823494,2.3726297810676818e-05,2.6890481652835544e-05
0,0.0,massive_planetesimal,723,MP_722,95.67620007629297,1.5169798909926126e-05,2.6876924565181398e-05
0,0.0,massive_planetesimal,724,MP_723,100.11270239436038,2.597109582712942e-05,4.00455336570039e-06
0,0.0,massive_planetesimal,725,MP_724,102.3021373514487,3.038833242160434e-05,2.452278098427758e-05
0,0.0,massive_planetesimal,726,MP_725,96.82903183986683,2.1871324927999946e-06,2.1000055014580763e-05
0,0.0,massive_planetesimal,727,MP_726,104.52200725408909,1.0044373002383935e-05,1.5533050064947642e-05
0,0.0,massive_planetesimal,728,MP_727,101.59467275005467,3.132187694293882e-05,2.3829310376242385e-05
0,0.0,massive_planetesimal,729,MP_728,96.46623142864362,1.3822913823614695e-05,9.115808030550376e-06
0,0.0,massive_planetesimal,730,MP_729,100.90537408585725,5.4303018318641285e-06,2.3146557793542595e-05
0,0.0,massive_planetesimal,731,MP_730,100.21997387045738,1.0243352508698101e-05,7.194024615706825e-06
0,0.0,massive_planetesimal,732,MP_731,98.03248618147845,4.93579590724721e-06,2.303607239996808e-05
0,0.0,massive_planetesimal,733,MP_732,100.18930435242137,2.0908646384200563e-05,1.1486349657968266e-05
0,0.0,massive_planetesimal,734,MP_733,96.57011324151787,2.49056830321023e-05,2.554196249185269e-05
0,0.0,massive_planetesimal,735,MP_734,99.68337742791817,1.905742011921416e-05,2.9427337181133195e-05
0,0.0,massive_planetesimal,736,MP_735,98.71280487508633,1.673024346465499e-06,2.3768052407615523e-05
0,0.0,massive_planetesimal,737,MP_736,100.34716717422708,4.471270213107297e-07,0.0
0,0.0,massive_planetesimal,738,MP_737,101.1359393771611,7.309967094934825e-06,1.893761558392725e-05
0,0.0,massive_planetesimal,739,MP_738,97.36860603127292,9.54627456286671e-07,9.84619801707684e-06
0,0.0,massive_planetesimal,740,MP_739,100.75833618581802,1.8155537888486046e-05,2.6522008005948065e-05
0,0.0,massive_planetesimal,741,MP_740,95.40869989771677,1.0070011625140668e-05,2.8083832591626884e-05
0,0.0,massive_planetesimal,742,MP_741,98.81348901587646,1.5659494292374433e-05,1.774535200165325e-05
0,0.0,massive_planetesimal,743,MP_742,101.53404812003652,2.113447163118898e-05,1.688228096739878e-05
0,0.0,massive_planetesimal,744,MP_743,95.4494140350921,2.63840821664096e-05,1.3472320895799749e-05
0,0.0,massive_planetesimal,745,MP_744,96.74916952770721,4.8418502870064425e-06,5.263014220319208e-06
0,0.0,massive_planetesimal,746,MP_745,104.05617397067488,8.915729894704928e-06,2.0720507705914895e-05
0,0.0,massive_planetesimal,747,MP_746,100.36319777222631,7.610732316066905e-06,2.650826247094554e-05
0,0.0,massive_planetesimal,748,MP_747,102.90413268345573,7.727649940019031e-06,2.765225093091718e-05
0,0.0,massive_planetesimal,749,MP_748,97.8838670341417,1.7075837886150465e-05,1.679570459689203e-05
0,0.0,massive_planetesimal,750,MP_749,97.71388132825034,1.1443142727113298e-05,1.5344191370284065e-05
0,0.0,massive_planetesimal,751,MP_750,95.18851579037954,1.4560696338596169e-05,1.9784719072079928e-05
0,0.0,massive_planetesimal,752,MP_751,99.11655695129741,6.006909518002944e-06,2.419360121073552e-05
0,0.0,massive_planetesimal,753,MP_752,103.7742707921639,3.904477819548449e-06,3.6222548091772e-06
0,0.0,massive_planetesimal,754,MP_753,102.63187082395248,7.848506979658983e-06,2.699869328381916e-06
0,0.0,massive_planetesimal,755,MP_754,102.33344848363349,1.785237371194761e-05,2.3162298399097643e-05
0,0.0,massive_planetesimal,756,MP_755,102.70609332638422,1.0147861179426444e-05,2.0930518217647736e-05
0,0.0,massive_planetesimal,757,MP_756,101.66217165305372,2.770198513086006e-05,4.517745487845102e-06
0,0.0,massive_planetesimal,758,MP_757,104.89658496671753,1.5791088265778003e-05,1.142271288210643e-05
0,0.0,massive_planetesimal,759,MP_758,102.2570839573774,9.080259065777332e-06,2.2588727439225506e-06
0,0.0,massive_planetesimal,760,MP_759,97.50376598989816,2.3875335426611634e-05,2.462659727359999e-05
0,0.0,massive_planetesimal,761,MP_760,104.90145614055754,7.76401179315323e-06,8.748576518413899e-06
0,0.0,massive_planetesimal,762,MP_761,102.55026377500562,1.1891411772781162e-06,1.774535200165325e-05
0,0.0,massive_planetesimal,763,MP_762,96.62749719299859,1.1654230704509386e-05,2.7160202361215215e-05
0,0.0,massive_planetesimal,764,MP_763,99.89229067189987,2.4105811981360416e-06,2.1699963539503996e-05
0,0.0,massive_planetesimal,765,MP_764,101.72015722299585,2.460998124301976e-05,1.619921597029155e-05
0,0.0,massive_planetesimal,766,MP_765,97.35452017013884,1.5895608983081945e-05,2.3350358035739973e-05
0,0.0,massive_planetesimal,767,MP_766,99.34610360737202,5.818094493151858e-06,1.059505231752994e-05
0,0.0,massive_planetesimal,768,MP_767,104.86590075922095,2.0854360285094555e-05,2.23942727958561e-05
0,0.0,massive_planetesimal,769,MP_768,96.06380649310964,3.1144191683508705e-05,2.765225093091718e-05
0,0.0,massive_planetesimal,770,MP_769,98.23128206145468,9.176774744651235e-06,4.353408482428142e-06
0,0.0,massive_planetesimal,771,MP_770,97.15357167479397,3.0035541465173513e-05,2.0437136995341064e-05
0,0.0,massive_planetesimal,772,MP_771,103.49461818644164,1.0589464953722855e-05,6.273929367455621e-06
0,0.0,massive_planetesimal,773,MP_772,98.25963602779329,8.680770326777984e-06,2.075565702330201e-05
0,0.0,massive_planetesimal,774,MP_773,96.75849749281012,7.06969159140822e-06,6.445849674396954e-06
0,0.0,massive_planetesimal,775,MP_774,97.729398117749,3.183370958695878e-05,2.939015796580554e-05
0,0.0,massive_planetesimal,776,MP_775,103.44413546659246,2.56846701247466e-05,4.094554566467037e-06
0,0.0,massive_planetesimal,777,MP_776,103.82084999095504,3.435707190089353e-06,1.8390847172212026e-05
0,0.0,massive_planetesimal,778,MP_777,99.54769292475588,2.658648790363344e-06,1.8529051939721453e-05
0,0.0,massive_planetesimal,779,MP_778,103.74897200472589,8.758413044406613e-06,5.0509930079323e-06
0,0.0,massive_planetesimal,780,MP_779,101.60117633882032,4.553055313753022e-06,3.52019892386405e-06
0,0.0,massive_planetesimal,781,MP_780,104.4411511549653,1.4899568553306135e-06,2.4313818602933875e-05
0,0.0,massive_planetesimal,782,MP_781,97.85508991690416,1.4498627865848869e-05,2.741397912824408e-05
0,0.0,massive_planetesimal,783,MP_782,102.27015741268377,2.7344859776987752e-05,1.2806604693773936e-05
0,0.0,massive_planetesimal,784,MP_783,100.24910379954915,2.4823226048535836e-05,3.127656162661276e-05
0,0.0,massive_planetesimal,785,MP_784,96.33889069375186,9.502039610053312e-06,2.699869328381916e-06
0,0.0,massive_planetesimal,786,MP_785,102.93577749391612,7.869684818900284e-06,1.9581033806511645e-05
0,0.0,massive_planetesimal,787,MP_786,98.44766193965954,1.889181462983519e-05,1.619921597029155e-05
0,0.0,massive_planetesimal,788,MP_787,97.67332714457584,1.959825649078629e-05,2.2588727439225506e-06
0,0.0,massive_planetesimal,789,MP_788,101.0517685000308,1.3120950838608207e-05,1.0138000340489137e-05
0,0.0,massive_planetesimal,790,MP_789,104.09301315640268,2.3870219390202975e-05,2.181721622226445e-05
0,0.0,massive_planetesimal,791,MP_790,97.09432836526256,7.220415539811564e-06,2.4935452903362143e-05
0,0.0,massive_planetesimal,792,MP_791,99.43177987245292,1.9748114485641725e-05,2.7796856034015455e-05
0,0.0,massive_planetesimal,793,MP_792,98.64108362241977,1.54411984399324e-05,2.9575586669422292e-05
0,0.0,massive_planetesimal,794,MP_793,95.65215669899533,2.9827630348178406e-05,1.6063655294419955e-05
0,0.0,massive_planetesimal,795,MP_794,99.38407090530147,8.71963494769577e-06,2.1086653546985296e-05
0,0.0,massive_planetesimal,796,MP_795,101.44086857336634,1.2714684294410995e-05,0.0
0,0.0,massive_planetesimal,797,MP_796,99.30609902480832,2.6214362937006926e-06,8.79013768592829e-06
0,0.0,massive_planetesimal,798,MP_797,104.1630203391498,1.8729916946563153e-05,3.093677994638948e-05
0,0.0,massive_planetesimal,799,MP_798,96.36831784003958,2.190564558089489e-05,1.569643750643458e-05
0,0.0,massive_planetesimal,800,MP_799,98.1583148508848,5.806542569649002e-06,5.9764155237611605e-06
1000,10000000.0,star,0,star,,,
1000,10000000.0,massive_planetesimal,1,MP_0,105.23056105193885,0.011325084600655974,0.2240199155118814
1000,10000000.0,massive_planetesimal,2,MP_1,103.24379197137972,0.013825965257671526,0.2491621876781878
1000,10000000.0,massive_planetesimal,3,MP_2,100.88423358233284,0.0065033076933781455,0.580779797784363
1000,10000000.0,massive_planetesimal,4,MP_3,96.16934782538895,0.011773473323347402,0.5226000721590125
1000,10000000.0,massive_planetesimal,5,MP_4,99.96277613248105,0.01424176699582009,0.10207378696855839
1000,10000000.0,massive_planetesimal,6,MP_5,99.71927818867364,0.005432364013049874,0.4584372933064526
1000,10000000.0,massive_planetesimal,7,MP_6,96.33023169653653,0.007683800042113562,0.24399162282251427
1000,10000000.0,massive_planetesimal,8,MP_7,99.20366878859862,0.01786609819020023,0.19603127257216849
1000,10000000.0,massive_planetesimal,9,MP_8,101.87907722851912,0.014701864373530733,0.4089577868632554
1000,10000000.0,massive_planetesimal,10,MP_9,99.78679984893549,0.00442726119590997,0.5764827033082635
1000,10000000.0,massive_planetesimal,11,MP_10,95.7812386062297,0.003983252888507103,0.32664731572840117
1000,10000000.0,massive_planetesimal,12,MP_11,103.45810447757752,0.007114504854699666,0.1649169249247915
1000,10000000.0,massive_planetesimal,13,MP_12,96.49577838523982,0.01975459649999107,0.45663399893271217
1000,10000000.0,massive_planetesimal,14,MP_13,103.46170935449472,0.020695692317168873,0.08204893883726207
1000,10000000.0,massive_planetesimal,15,MP_14,99.12341818984719,0.014051800211816982,0.885408202558165
1000,10000000.0,massive_planetesimal,16,MP_15,96.64969607955678,0.004824986904595291,0.01612347571424249
1000,10000000.0,massive_planetesimal,17,MP_16,97.08801910910931,0.008956852889969438,0.7116935509419444
1000,10000000.0,massive_planetesimal,18,MP_17,100.62726232893604,0.00820035042740146,0.2826312202076035
1000,10000000.0,massive_planetesimal,19,MP_18,102.03601386729474,0.008941499243877183,0.30346092161044436
1000,10000000.0,massive_planetesimal,20,MP_19,97.05809550814632,0.008889837063232764,0.42119823074367496
1000,10000000.0,massive_planetesimal,21,MP_20,99.7534582254667,0.016132764798143382,0.09199939583845726
1000,10000000.0,massive_planetesimal,22,MP_21,94.44230696382554,0.004266587036532888,0.34116396744212274
1000,10000000.0,massive_planetesimal,23,MP_22,97.92752453749448,0.024657958969854968,0.2821791708110449
1000,10000000.0,massive_planetesimal,24,MP_23,106.14859849646909,0.004216704169389155,0.27920139531540084
1000,10000000.0,massive_planetesimal,25,MP_24,100.71150044777339,0.012605089653303779,0.20823826783997668
1000,10000000.0,massive_planetesimal,26,MP_25,96.2016946130988,0.002231112721098829,0.12387019151097341
1000,10000000.0,massive_planetesimal,27,MP_26,93.87833048012799,0.010163252369438045,0.21570372777529023
1000,10000000.0,massive_planetesimal,28,MP_27,101.97182360926783,0.0013450975848176825,0.33313064128178277
1000,10000000.0,massive_planetesimal,29,MP_28,97.66831950503293,0.008222441379064804,0.5668928671366742
1000,10000000.0,massive_planetesimal,30,MP_29,103.33289249020099,0.005151585724753104,0.32638134328762336
1000,10000000.0,massive_planetesimal,31,MP_30,102.56620284298175,0.020723771362813247,0.5441463546141837
1000,10000000.0,massive_planetesimal,32,MP_31,94.07071426471805,0.00974945609761472,0.4004176375185531
1000,10000000.0,massive_planetesimal,33,MP_32,92.6524798962929,0.010392271914507622,0.17720475348034362
1000,10000000.0,massive_planetesimal,34,MP_33,97.60775350419087,0.014541045803971324,0.3251253250867785
1000,10000000.0,massive_planetesimal,35,MP_34,97.14817342007329,0.024745655456005405,0.44681563616624903
1000,10000000.0,massive_planetesimal,36,MP_35,101.03137174768872,0.004632960119439009,0.6268711873261418
1000,10000000.0,massive_planetesimal,37,MP_36,94.93783977251255,0.004816146693551799,0.1767023747115882
1000,10000000.0,massive_planetesimal,38,MP_37,106.03625214663087,0.012162141356560673,0.4457231815461981
1000,10000000.0,massive_planetesimal,39,MP_38,101.51471943224217,0.009447307091828621,0.5250519156820028
1000,10000000.0,massive_planetesimal,40,MP_39,105.25504731461594,0.017894272824260333,0.05967311975169071
1000,10000000.0,massive_planetesimal,41,MP_40,102.07155144416359,0.026507190863279635,0.42594606248447325
1000,10000000.0,massive_planetesimal,42,MP_41,102.99548849621783,0.023461536720148158,0.38629006706464086
1000,10000000.0,massive_planetesimal,43,MP_42,97.45458946992781,0.02974367481015285,0.3945374183882194
1000,10000000.0,massive_planetesimal,44,MP_43,95.76082387480689,0.010821599399427877,0.27458672898402436
1000,10000000.0,massive_planetesimal,45,MP_44,103.96600731154352,0.007507240575701158,0.12824986787454792
1000,10000000.0,massive_planetesimal,46,MP_45,96.53621026322409,0.01638458822306873,0.3491380491413529
1000,10000000.0,massive_planetesimal,47,MP_46,95.95802458379578,0.009462963225961596,0.5295762949488563
1000,10000000.0,massive_planetesimal,48,MP_47,97.00003148190886,0.0077558813210892585,0.6968629120025328
1000,10000000.0,massive_planetesimal,49,MP_48,97.95241733470095,0.03102934597129519,0.49105292864046923
1000,10000000.0,massive_planetesimal,50,MP_49,98.95772779660656,0.006117299358494979,0.12554023819392351
1000,10000000.0,massive_planetesimal,51,MP_50,103.26103096890516,0.011968854047434701,0.6135770805505705
1000,10000000.0,massive_planetesimal,52,MP_51,95.58936067079881,0.005878816249016444,0.8479780991996263
1000,10000000.0,massive_planetesimal,53,MP_52,98.43583360384415,0.01696372056143368,0.09162230830131385
1000,10000000.0,massive_planetesimal,54,MP_53,97.59373903783589,0.017919249726437388,0.18622542560241173
1000,10000000.0,massive_planetesimal,55,MP_54,105.99214100786273,0.019139884214408223,0.1872752605657898
1000,10000000.0,massive_planetesimal,56,MP_55,102.51844275280477,0.012463757549087013,0.21502494625447416
1000,10000000.0,massive_planetesimal,57,MP_56,101.86897194904023,0.015718021468241174,0.5768039410703245
1000,10000000.0,massive_planetesimal,58,MP_57,102.62532733131593,0.008877301077372706,0.2975286479206046
1000,10000000.0,massive_planetesimal,59,MP_58,105.33345291463333,0.014315970881078381,0.2126730455746125
1000,10000000.0,massive_planetesimal,60,MP_59,100.75846038820093,0.0040034020780902015,0.3199569490304316
1000,10000000.0,massive_planetesimal,61,MP_60,103.02763404950835,0.017873599785737215,0.32585164863758637
1000,10000000.0,massive_planetesimal,62,MP_61,103.06355294239516,0.010689045493801955,0.48795449656113726
1000,10000000.0,massive_planetesimal,63,MP_62,106.3609566196749,0.015081731531630104,0.428137197728633
1000,10000000.0,massive_planetesimal,64,MP_63,103.20496619753317,0.0036362359942314028,0.6121838587229392
1000,10000000.0,massive_planetesimal,65,MP_64,99.58395758412667,0.011928184154018003,0.426734980392407
1000,10000000.0,massive_planetesimal,66,MP_65,100.13157640491916,0.017183978620897412,0.5696808303895337
1000,10000000.0,massive_planetesimal,67,MP_66,103.44286633501332,0.014459848053644643,0.4770276708901796
1000,10000000.0,massive_planetesimal,68,MP_67,99.50220517540572,0.02005272767349021,0.38588766888765547
1000,10000000.0,massive_planetesimal,69,MP_68,94.91908400714378,0.0022916837385881196,0.4742149686381363
1000,10000000.0,massive_planetesimal,70,MP_69,98.9672006750058,0.012388658508753736,0.6794030139723005
1000,10000000.0,massive_planetesimal,71,MP_70,103.06270040464221,0.004942423713647933,0.39557922618447594
1000,10000000.0,massive_planetesimal,72,MP_71,95.36762440509075,0.0011410513796040597,0.6732962766256987
1000,10000000.0,massive_planetesimal,73,MP_72,102.32751666979398,0.008961907930366136,0.8343811370736611
1000,10000000.0,massive_planetesimal,74,MP_73,105.71527360565673,0.017356436216602794,0.4608481588142471
1000,10000000.0,massive_planetesimal,75,MP_74,105.95227267847038,0.005567177017496095,0.30602504317660195
1000,10000000.0,massive_planetesimal,76,MP_75,98.73705690440056,0.023358496044899098,0.07723490707603496
1000,10000000.0,massive_planetesimal,77,MP_76,102.53648725153772,0.016695771447847573,0.5880063165742846
1000,10000000.0,massive_planetesimal,78,MP_77,106.49592482792626,0.021270447309392575,0.08860554041984502
1000,10000000.0,massive_planetesimal,79,MP_78,96.02009683320986,0.013943231722632865,0.5224891660067913
1000,10000000.0,massive_planetesimal,80,MP_79,104.50179601244304,0.016911198921798345,0.2866766793531568
1000,10000000.0,massive_planetesimal,81,MP_80,103.40506824649572,0.0025860632392467314,0.478073077809453
1000,10000000.0,massive_planetesimal,82,MP_81,101.21603774634858,0.016155389066127047,0.5289653586495937
1000,10000000.0,massive_planetesimal,83,MP_82,102.00347199442095,0.0047075072742121075,0.500062395910538
1000,10000000.0,massive_planetesimal,84,MP_83,100.43397173060622,0.04024307311819485,0.23635333726108465
1000,10000000.0,massive_planetesimal,85,MP_84,100.4283590301883,0.02292026004721457,0.5977211498485393
1000,10000000.0,massive_planetesimal,86,MP_85,93.95287401268493,0.02147527946690774,0.296704023006918
1000,10000000.0,massive_planetesimal,87,MP_86,102.65248039664684,0.04823847789950166,0.1477997440977949
1000,10000000.0,massive_planetesimal,88,MP_87,96.80502093398087,0.0055048297813389616,0.3167272404441684
1000,10000000.0,massive_planetesimal,89,MP_88,100.96346925232574,0.020547564979349973,0.356167222872932
1000,10000000.0,massive_planetesimal,90,MP_89,102.01350962220391,0.0223505515928341,0.4023948145900114
1000,10000000.0,massive_planetesimal,91,MP_90,105.86655999611588,0.018101908192829492,0.20614039009627416
1000,10000000.0,massive_planetesimal,92,MP_91,92.39807731718288,0.036088488509965905,0.449902440973406
1000,10000000.0,massive_planetesimal,93,MP_92,98.65687663035379,0.011005159782647213,0.5423651018462515
1000,10000000.0,massive_planetesimal,94,MP_93,92.07465249423122,0.012723859484011179,0.23237330612772109
1000,10000000.0,massive_planetesimal,95,MP_94,99.96599868639228,0.0129319296583981,0.20628645158256614
1000,10000000.0,massive_planetesimal,96,MP_95,96.01230313810314,0.020105406505375702,0.7453469697991456
1000,10000000.0,massive_planetesimal,97,MP_96,101.23676288352563,0.008220393462518249,0.43773976602714637
1000,10000000.0,massive_planetesimal,98,MP_97,102.49127605115672,0.016069065729316413,0.34115074667138
1000,10000000.0,massive_planetesimal,99,MP_98,98.85601605588539,0.010183956389124225,0.607896954702431
1000,10000000.0,massive_planetesimal,100,MP_99,95.52014086204912,0.018295212246514644,0.4288013606990347
1000,10000000.0,massive_planetesimal,101,MP_100,99.81279403373556,0.023397872760951448,0.4729062064842799
1000,10000000.0,massive_planetesimal,102,MP_101,106.21899264283385,0.01828601142394977,0.13446233592823223
1000,10000000.0,massive_planetesimal,103,MP_102,101.03160382761538,0.004137630909880502,0.5076461422475921
1000,10000000.0,massive_planetesimal,104,MP_103,100.5288721344156,0.00813262570279735,0.5445763909839159
1000,10000000.0,massive_planetesimal,105,MP_104,107.7293831309172,0.0243581960891293,0.4498493813166301
1000,10000000.0,massive_planetesimal,106,MP_105,104.51655541038528,0.013882925507108691,0.3373795593937584
1000,10000000.0,massive_planetesimal,107,MP_106,102.92560010163068,0.010180301881644387,0.6210415210364139
1000,10000000.0,massive_planetesimal,108,MP_107,98.85936050542867,0.024056860559083404,0.5995413941930077
1000,10000000.0,massive_planetesimal,109,MP_108,104.6156634203741,0.011593970047123162,0.46384406770768893
1000,10000000.0,massive_planetesimal,110,MP_109,102.35386227130405,0.018691753817633994,0.5639130526318221
1000,10000000.0,massive_planetesimal,111,MP_110,98.48806692129943,0.0029237305571952386,0.39527305641986044
1000,10000000.0,massive_planetesimal,112,MP_111,98.62159718457096,0.02706947314777931,0.5175583878269274
1000,10000000.0,massive_planetesimal,113,MP_112,104.7367120129387,0.025549423953239093,0.2649413306283026
1000,10000000.0,massive_planetesimal,114,MP_113,97.03142771157178,0.006805749727749621,0.4365942448709857
1000,10000000.0,massive_planetesimal,115,MP_114,96.46024463108806,0.012511969908931332,0.6770568352815965
1000,10000000.0,massive_planetesimal,116,MP_115,99.9686297044979,0.014549696744305516,0.8811492923699429
1000,10000000.0,massive_planetesimal,117,MP_116,104.09262431548348,0.024681266674167042,0.6647810112636554
1000,10000000.0,massive_planetesimal,118,MP_117,93.46610303430491,0.015321677629792441,0.16957504645015503
1000,10000000.0,massive_planetesimal,119,MP_118,104.9590386077702,0.021713688736235564,0.2873427751306476
1000,10000000.0,massive_planetesimal,120,MP_119,100.76252208312548,0.027804356973414983,0.7012490877492962
1000,10000000.0,massive_planetesimal,121,MP_120,101.21586137865161,0.015002160490015324,0.11755324837747368
1000,10000000.0,massive_planetesimal,122,MP_121,97.02592033240886,0.00654670345280574,0.4644566680965899
1000,10000000.0,massive_planetesimal,123,MP_122,94.05745079966384,0.01505345590103346,0.5559962965891749
1000,10000000.0,massive_planetesimal,124,MP_123,95.15867465197883,0.029915389512018702,0.17085717338684087
1000,10000000.0,massive_planetesimal,125,MP_124,99.79570592472551,0.006597463438823272,0.5988201300826184
1000,10000000.0,massive_planetesimal,126,MP_125,98.33573103091705,0.023741024822612488,0.5046705871916904
1000,10000000.0,massive_planetesimal,127,MP_126,94.08030533903599,0.022529402205727557,0.29242511499619467
1000,10000000.0,massive_planetesimal,128,MP_127,95.99500950657489,0.01939294999883673,0.4618813728141595
1000,10000000.0,massive_planetesimal,129,MP_128,99.58712068209171,0.006902931170987106,0.5497754850192828
1000,10000000.0,massive_planetesimal,130,MP_129,92.68458317423296,0.018487324313650067,0.31276543826141145
1000,10000000.0,massive_planetesimal,131,MP_130,100.26404362232111,0.009579679980406876,0.918668815009841
1000,10000000.0,massive_planetesimal,132,MP_131,100.05978450264917,0.0038169876113164805,0.76704719975237
1000,10000000.0,massive_planetesimal,133,MP_132,99.27739992167203,0.007977162355874864,0.7200730054964717
1000,10000000.0,massive_planetesimal,134,MP_133,102.21141002057982,0.023868718723345998,0.4429561850797776
1000,10000000.0,massive_planetesimal,135,MP_134,93.71739292984324,0.013257624179012405,0.7405840713902471
1000,10000000.0,massive_planetesimal,136,MP_135,93.49006976870605,0.028173295510905236,0.23401550935650878
1000,10000000.0,massive_planetesimal,137,MP_136,98.07198486290241,0.010183576763093827,0.3032951153416575
1000,10000000.0,massive_planetesimal,138,MP_137,92.6372827441781,0.01128629962602585,0.7483047679495578
1000,10000000.0,massive_planetesimal,139,MP_138,104.58262236503839,0.012520787906589993,0.1650669609078339
1000,10000000.0,massive_planetesimal,140,MP_139,105.90341177019206,0.004403598823664118,0.31287875662615816
1000,10000000.0,massive_planetesimal,141,MP_140,99.70578828404453,0.026668483078481662,1.0440182371109108
1000,10000000.0,massive_planetesimal,142,MP_141,99.773537616997,0.029115077917836626,0.8066235981180371
1000,10000000.0,massive_planetesimal,143,MP_142,100.53951384120938,0.02207855079354414,0.4590167275893468
1000,10000000.0,massive_planetesimal,144,MP_143,94.76333474403113,0.008702036726884676,0.45686298113457235
1000,10000000.0,massive_planetesimal,145,MP_144,101.88704714618126,0.011301985254386188,0.7205749056505766
1000,10000000.0,massive_planetesimal,146,MP_145,107.53575248938218,0.014754378973928374,0.5452100778389753
1000,10000000.0,massive_planetesimal,147,MP_146,92.04640771615831,0.020033743917964995,0.5722839677183552
1000,10000000.0,massive_planetesimal,148,MP_147,103.61338933386956,0.011383622888264715,0.6877236386642989
1000,10000000.0,massive_planetesimal,149,MP_148,101.60040962764208,0.015150455989314948,0.9515648628036283
1000,10000000.0,massive_planetesimal,150,MP_149,106.36640807586366,0.023634660379986724,0.6013758910725181
1000,10000000.0,massive_planetesimal,151,MP_150,96.68792283938315,0.016974824924007384,0.6773318096367941
1000,10000000.0,massive_planetesimal,152,MP_151,98.42389909009175,0.013053604044604516,0.5385270149527738
1000,10000000.0,massive_planetesimal,153,MP_152,101.80967846753575,0.011566377717491104,0.3553083339224906
1000,10000000.0,massive_planetesimal,154,MP_153,102.92208989244193,0.017329205847336934,0.6030996066904744
1000,10000000.0,massive_planetesimal,155,MP_154,96.60367219296089,0.015392251757726726,0.10191195245566817
1000,10000000.0,massive_planetesimal,156,MP_155,99.92516091478063,0.016641953571097722,0.6708136249786663
1000,10000000.0,massive_planetesimal,157,MP_156,99.59096610457854,0.010376082972881106,0.3429608894293271
1000,10000000.0,massive_planetesimal,158,MP_157,97.53512912865436,0.018965544184370468,0.5240367243044346
1000,10000000.0,massive_planetesimal,159,MP_158,105.60043705975701,0.012538468082295064,0.1501596498810455
1000,10000000.0,massive_planetesimal,160,MP_159,99.4262391190771,0.012664347243752322,0.7055242542402616
1000,10000000.0,massive_planetesimal,161,MP_160,101.56386152621633,0.02375366053568152,0.33245051494568006
1000,10000000.0,massive_planetesimal,162,MP_161,103.16429880496212,0.024177728638407187,0.5396993344632811
1000,10000000.0,massive_planetesimal,163,MP_162,94.45392157074076,0.010401316795537376,0.33622610611819365
1000,10000000.0,massive_planetesimal,164,MP_163,104.84631014292295,0.008454444038028391,0.4060322408187515
1000,10000000.0,massive_planetesimal,165,MP_164,96.97672894278237,0.009418587587989746,0.6509225135407698
1000,10000000.0,massive_planetesimal,166,MP_165,98.75157586834789,0.02032999126020019,0.5098551155932246
1000,10000000.0,massive_planetesimal,167,MP_166,97.56941962251372,0.004733467321882543,0.20313993664360055
1000,10000000.0,massive_planetesimal,168,MP_167,99.79283467403097,0.014395788170916607,0.677354111092353
1000,10000000.0,massive_planetesimal,169,MP_168,102.43749329638075,0.01120112032502533,0.3245157589716116
1000,10000000.0,massive_planetesimal,170,MP_169,102.90565733537676,0.017362657746949447,1.1173370508642055
1000,10000000.0,massive_planetesimal,171,MP_170,100.97517356634896,0.005179401614232896,0.548009004837569
1000,10000000.0,massive_planetesimal,172,MP_171,101.8566494785973,0.013407652557121784,0.8508619850061053
1000,10000000.0,massive_planetesimal,173,MP_172,102.37079392862444,0.01306006371742577,0.7468601141878498
1000,10000000.0,massive_planetesimal,174,MP_173,99.9098767749543,0.020781421908157526,0.7082902255627658
1000,10000000.0,massive_planetesimal,175,MP_174,92.69567926903389,0.004540394839643884,0.6722552515645931
1000,10000000.0,massive_planetesimal,176,MP_175,101.1667796302565,0.012923268860863077,0.6585781584460819
1000,10000000.0,massive_planetesimal,177,MP_176,105.99204796623187,0.01680702643995315,0.4208910253600226
1000,10000000.0,massive_planetesimal,178,MP_177,100.81999183132224,0.0202473747500462,0.6029855024133738
1000,10000000.0,massive_planetesimal,179,MP_178,94.13674779357312,0.02303432130586005,0.11893960414471774
1000,10000000.0,massive_planetesimal,180,MP_179,107.51512238161943,0.03483281522557303,0.25294195048807083
1000,10000000.0,massive_planetesimal,181,MP_180,93.50903054477168,0.019941588686734613,0.42163845450788023
1000,10000000.0,massive_planetesimal,182,MP_181,100.49152762025678,0.018624828825265758,0.13864824371582415
1000,10000000.0,massive_planetesimal,183,MP_182,106.88872282227614,0.02528554862625323,0.1540336848634625
1000,10000000.0,massive_planetesimal,184,MP_183,106.8214628418369,0.02410364614811994,0.4013307689309814
1000,10000000.0,massive_planetesimal,185,MP_184,96.61977643972129,0.024976634014078843,0.665808361888249
1000,10000000.0,massive_planetesimal,186,MP_185,98.45522059422106,0.022086644447176985,0.46793285937546353
1000,10000000.0,massive_planetesimal,187,MP_186,98.12697752535523,0.02420523514728886,0.9088835216148204
1000,10000000.0,massive_planetesimal,188,MP_187,102.22144402072709,0.01136823037054936,0.5514375484741117
1000,10000000.0,massive_planetesimal,189,MP_188,97.81157414058113,0.02226477469762191,0.23803843472077232
1000,10000000.0,massive_planetesimal,190,MP_189,105.90225139018482,0.014842885156398746,0.4509529670930281
1000,10000000.0,massive_planetesimal,191,MP_190,96.20053324157931,0.011590551916074342,0.3838622762991078
1000,10000000.0,massive_planetesimal,192,MP_191,105.60666101914715,0.027609996891660906,0.3662505153820653
1000,10000000.0,massive_planetesimal,193,MP_192,94.82257526338584,0.025241708568587328,0.23970298892365138
1000,10000000.0,massive_planetesimal,194,MP_193,100.87801530273126,0.006571534330540727,0.31414771947958403
1000,10000000.0,massive_planetesimal,195,MP_194,98.80981797203867,0.02577913592250558,0.7116600842437772
1000,10000000.0,massive_planetesimal,196,MP_195,103.39355991830385,0.0072734444903700445,0.6345459264837012
1000,10000000.0,massive_planetesimal,197,MP_196,96.74505834984869,0.026509621633777774,0.21962530919044446
1000,10000000.0,massive_planetesimal,198,MP_197,98.4183559361819,0.005124151829003284,0.69738030067031
1000,10000000.0,massive_planetesimal,199,MP_198,95.17976241854491,0.017035199595710152,0.7638012704566781
1000,10000000.0,massive_planetesimal,200,MP_199,103.38430205815436,0.01758381967227469,0.706418571175414
1000,10000000.0,massive_planetesimal,201,MP_200,107.32702432606793,0.014594152314627056,0.347413191423111
1000,10000000.0,massive_planetesimal,202,MP_201,105.83948255297668,0.0055573266178449154,0.4543601520307698
1000,10000000.0,massive_planetesimal,203,MP_202,101.1102809505714,0.026084122653191287,0.5803305120356614
1000,10000000.0,massive_planetesimal,204,MP_203,104.40350816748776,0.03009111599936304,0.38082766414060226
1000,10000000.0,massive_planetesimal,205,MP_204,96.24077938749726,0.018187547812382604,0.7049918718072972
1000,10000000.0,massive_planetesimal,206,MP_205,106.36177491460613,0.022098499493003257,0.8287076249261905
1000,10000000.0,massive_planetesimal,207,MP_206,101.90295562670359,0.016443718477347165,0.5363123502758739
1000,10000000.0,massive_planetesimal,208,MP_207,101.32252063891333,0.01085306822714017,0.5213621588074873
1000,10000000.0,massive_planetesimal,209,MP_208,104.75954868393326,0.011609339628090094,0.7566384624596577
1000,10000000.0,massive_planetesimal,210,MP_209,94.62511940877104,0.026426217579023692,0.8753915154141536
1000,10000000.0,massive_planetesimal,211,MP_210,92.38738235630828,0.016428673336484765,0.05736630174160236
1000,10000000.0,massive_planetesimal,212,MP_211,95.35947929514654,0.02706120672072315,0.7294851037048075
1000,10000000.0,massive_planetesimal,213,MP_212,98.68890303567525,0.015480087100417483,0.6933368317123657
1000,10000000.0,massive_planetesimal,214,MP_213,96.29190228639082,0.0074386371371413604,0.346123081107348
1000,10000000.0,massive_planetesimal,215,MP_214,103.98788589509182,0.016057162994322235,0.5625701946266443
1000,10000000.0,massive_planetesimal,216,MP_215,94.87826044715275,0.015340761575574551,0.35600311366054554
1000,10000000.0,massive_planetesimal,217,MP_216,101.38200575106887,0.012472611857973014,0.20051773388125727
1000,10000000.0,massive_planetesimal,218,MP_217,102.72839267378463,0.00990789007727012,0.7485091435141009
1000,10000000.0,massive_planetesimal,219,MP_218,94.64674224516494,0.02164055327338328,0.6883103748312348
1000,10000000.0,massive_planetesimal,220,MP_219,94.90239703915755,0.011129959860910867,0.34370738267833584
1000,10000000.0,massive_planetesimal,221,MP_220,99.24330315290673,0.044156240718819954,0.4555770054842423
1000,10000000.0,massive_planetesimal,222,MP_221,102.27988991339389,0.026668358851437875,0.5320466817990867
1000,10000000.0,massive_planetesimal,223,MP_222,97.72467582277281,0.02843672012084973,0.36817026675896375
1000,10000000.0,massive_planetesimal,224,MP_223,104.02463247934632,0.0034382772295200874,0.5468187795654043
1000,10000000.0,massive_planetesimal,225,MP_224,102.67804141619222,0.026922231724570103,0.16198613982796764
1000,10000000.0,massive_planetesimal,226,MP_225,100.52283759008868,0.018495838920745106,0.45607502539266126
1000,10000000.0,massive_planetesimal,227,MP_226,100.92630611172125,0.01788313126315748,0.9380866963621873
1000,10000000.0,massive_planetesimal,228,MP_227,105.94580232024245,0.021855432644874467,0.3883402071493385
1000,10000000.0,massive_planetesimal,229,MP_228,97.10563350407085,0.018871011926747755,0.489120332398476
1000,10000000.0,massive_planetesimal,230,MP_229,100.8630227713939,0.021588483000854718,0.3161642999479022
1000,10000000.0,massive_planetesimal,231,MP_230,103.44927573204708,0.03687510774893338,0.6521831622838041
1000,10000000.0,massive_planetesimal,232,MP_231,97.86817268369964,0.007307613968895288,0.20984570860522675
1000,10000000.0,massive_planetesimal,233,MP_232,102.07838680881275,0.02404382707744415,0.4071293700193114
1000,10000000.0,massive_planetesimal,234,MP_233,102.9668283972747,0.027239372053504258,0.7592237741124297
1000,10000000.0,massive_planetesimal,235,MP_234,95.55870737350246,0.017457383181137678,0.3929785943483383
1000,10000000.0,massive_planetesimal,236,MP_235,97.7393939754833,0.012671139043973073,0.13032974857939492
1000,10000000.0,massive_planetesimal,237,MP_236,100.6665676421245,0.015436148491437443,0.782866632617402
1000,10000000.0,massive_planetesimal,238,MP_237,94.95887260554767,0.03215186085854026,0.7499300828283101
1000,10000000.0,massive_planetesimal,239,MP_238,97.29543891262887,0.015188298143231574,0.5778648486403282
1000,10000000.0,massive_planetesimal,240,MP_239,96.94807010964621,0.01564271844584293,0.47657401737228183
1000,10000000.0,massive_planetesimal,241,MP_240,101.76924812646078,0.02035737239224064,1.003851736916168
1000,10000000.0,massive_planetesimal,242,MP_241,99.82645823485994,0.014531445205841082,0.5357533209954641
1000,10000000.0,massive_planetesimal,243,MP_242,106.76899388161657,0.024573897094006838,0.19073278985108338
1000,10000000.0,massive_planetesimal,244,MP_243,97.41150263810746,0.012748006844005292,0.30232398815395933
1000,10000000.0,massive_planetesimal,245,MP_244,104.51047470254468,0.017058907615272557,0.34409406640191337
1000,10000000.0,massive_planetesimal,246,MP_245,107.0052476824207,0.014524612837073358,0.314726020836462
1000,10000000.0,massive_planetesimal,247,MP_246,102.27487328026659,0.011924723873618204,0.5531534953263717
1000,10000000.0,massive_planetesimal,248,MP_247,98.74845348764113,0.013630860021926415,0.46840714633048575
1000,10000000.0,massive_planetesimal,249,MP_248,99.0171290547092,0.028586398235301163,0.579848556550703
1000,10000000.0,massive_planetesimal,250,MP_249,97.99740711100266,0.04305932740308683,1.5388923248094244
1000,10000000.0,massive_planetesimal,251,MP_250,103.52224387291149,0.025668998224353798,0.3105690748663578
1000,10000000.0,massive_planetesimal,252,MP_251,101.36021145534593,0.007768437329081873,0.5458956802374053
1000,10000000.0,massive_planetesimal,253,MP_252,99.43113862929219,0.03204614487312123,0.6193249050648726
1000,10000000.0,massive_planetesimal,254,MP_253,99.80664313384047,0.010268244889304546,0.6464106026040818
1000,10000000.0,massive_planetesimal,255,MP_254,97.19601938224723,0.015005511326989164,0.6740897956473797
1000,10000000.0,massive_planetesimal,256,MP_255,95.08529162757586,0.02541636013736067,0.6468201832368662
1000,10000000.0,massive_planetesimal,257,MP_256,103.31366366126053,0.016832478850550763,0.7879519992185827
1000,10000000.0,massive_planetesimal,258,MP_257,101.13450283998547,0.023440293663315282,0.2544968730999697
1000,10000000.0,massive_planetesimal,259,MP_258,104.52812708971115,0.011409280123516587,0.2395487197207048
1000,10000000.0,massive_planetesimal,260,MP_259,101.6720350825724,0.018977178404652927,0.6896629085615237
1000,10000000.0,massive_planetesimal,261,MP_260,103.90022079640555,0.010413298529710218,0.2774955917693642
1000,10000000.0,massive_planetesimal,262,MP_261,99.78754967300164,0.02658112283189503,0.5278656451640431
1000,10000000.0,massive_planetesimal,263,MP_262,93.75296513743716,0.029162039029531017,0.9693494000950611
1000,10000000.0,massive_planetesimal,264,MP_263,102.97576330549008,0.02665942751972513,0.3668555444605188
1000,10000000.0,massive_planetesimal,265,MP_264,98.24638984122312,0.032510084038564466,0.4320853394867436
1000,10000000.0,massive_planetesimal,266,MP_265,94.10870634501768,0.030071418066151406,0.30059902144557815
1000,10000000.0,massive_planetesimal,267,MP_266,92.428480161328,0.027404057907530335,0.3510671569695204
1000,10000000.0,massive_planetesimal,268,MP_267,101.5467628421306,0.018894546993962803,0.5896774908670344
1000,10000000.0,massive_planetesimal,269,MP_268,98.20287682727813,0.026723908964411854,0.17673941563411738
1000,10000000.0,massive_planetesimal,270,MP_269,99.60453748117179,0.01888140041420282,0.6372534208851713
1000,10000000.0,massive_planetesimal,271,MP_270,93.53798537450194,0.06718482821986661,0.4364606619444175
1000,10000000.0,massive_planetesimal,272,MP_271,95.07381439746258,0.010748610289285452,0.457007565482489
1000,10000000.0,massive_planetesimal,273,MP_272,94.26205227898728,0.027736208815211487,0.8985517441219281
1000,10000000.0,massive_planetesimal,274,MP_273,95.63025672235818,0.004360669096067758,0.4858965202988341
1000,10000000.0,massive_planetesimal,275,MP_274,91.76399753810544,0.021494479502433935,0.28070403826894924
1000,10000000.0,massive_planetesimal,276,MP_275,96.52016845553969,0.010682038390580482,0.8960426151939532
1000,10000000.0,massive_planetesimal,277,MP_276,97.01683693635997,0.01938121127335123,0.3909462558633281
1000,10000000.0,massive_planetesimal,278,MP_277,105.87401788381844,0.018158482211328056,0.06621702067877602
1000,10000000.0,massive_planetesimal,279,MP_278,95.25831861078436,0.01688476586153302,0.32756018785001473
1000,10000000.0,massive_planetesimal,280,MP_279,100.53939810437822,0.008295776548590126,0.5559726712457287
1000,10000000.0,massive_planetesimal,281,MP_280,106.25602488224182,0.02476593910997935,1.0812116867044697
1000,10000000.0,massive_planetesimal,282,MP_281,103.95433158361595,0.024183778291552004,0.3445573861973845
1000,10000000.0,massive_planetesimal,283,MP_282,96.35073560335577,0.04076747246071948,0.9161083769441787
1000,10000000.0,massive_planetesimal,284,MP_283,105.1791635111783,0.027829940257880628,0.4318058101426964
1000,10000000.0,massive_planetesimal,285,MP_284,97.51129806598253,0.004517594993254254,1.221288946682798
1000,10000000.0,massive_planetesimal,286,MP_285,105.2598597790824,0.022110402514595423,0.3690913814400281
1000,10000000.0,massive_planetesimal,287,MP_286,94.28024649515336,0.020214538188777026,0.6109628394446891
1000,10000000.0,massive_planetesimal,288,MP_287,102.35712063061854,0.019217121917848277,0.9171150764179338
1000,10000000.0,massive_planetesimal,289,MP_288,96.15633201093274,0.0006126399123464151,0.5294581857583089
1000,10000000.0,massive_planetesimal,290,MP_289,102.56025701324492,0.019719536667737795,0.8593504201426957
1000,10000000.0,massive_planetesimal,291,MP_290,101.32907269081007,0.008487609917257196,0.9387470837319574
1000,10000000.0,massive_planetesimal,292,MP_291,100.01408812948584,0.038932762001880276,0.3011253256164491
1000,10000000.0,massive_planetesimal,293,MP_292,104.80063199214842,0.015233852131292988,0.3172479441329736
1000,10000000.0,massive_planetesimal,294,MP_293,99.7892918818355,0.02959558948822306,0.645812687510439
1000,10000000.0,massive_planetesimal,295,MP_294,100.03715002215112,0.01325518136981514,0.46673261169328645
1000,10000000.0,massive_planetesimal,296,MP_295,100.6086603134769,0.019905131646622224,0.6448168239650784
1000,10000000.0,massive_planetesimal,297,MP_296,105.18431289771188,0.010354488331206566,0.22412101080305166
1000,10000000.0,massive_planetesimal,298,MP_297,99.21015003850637,0.014933606783660368,0.480747824892635
1000,10000000.0,massive_planetesimal,299,MP_298,96.65703416013744,0.01433092413593254,0.38475328630276145
1000,10000000.0,massive_planetesimal,300,MP_299,105.45876389164484,0.017472014639513096,0.6114027573959288
1000,10000000.0,massive_planetesimal,301,MP_300,97.8674315905777,0.015518452939109431,0.8960998163920195
1000,10000000.0,massive_planetesimal,302,MP_301,95.38881862832818,0.0008735042206319919,0.18924186072545518
1000,10000000.0,massive_planetesimal,303,MP_302,105.56437194593349,0.007386111838211645,0.5948986825403041
1000,10000000.0,massive_planetesimal,304,MP_303,104.12597972370655,0.007857163135068398,0.6832889637708294
1000,10000000.0,massive_planetesimal,305,MP_304,104.2404874145283,0.026722076582181318,0.7836385588027016
1000,10000000.0,massive_planetesimal,306,MP_305,97.15423309009387,0.014422346327781433,0.577353657538456
1000,10000000.0,massive_planetesimal,307,MP_306,94.46202322522826,0.011461754695910882,0.20303882734068357
1000,10000000.0,massive_planetesimal,308,MP_307,100.83287474181726,0.002466623961888795,0.9575804696470955
1000,10000000.0,massive_planetesimal,309,MP_308,97.9604923838858,0.007800063801453265,0.2659749800334435
1000,10000000.0,massive_planetesimal,310,MP_309,106.67307201939535,0.015280447637463808,0.6796042717600629
1000,10000000.0,massive_planetesimal,311,MP_310,107.94216520032315,0.010814263120877425,0.4892546058904017
1000,10000000.0,massive_planetesimal,312,MP_311,101.66391939849204,0.0187195946038343,0.8920511594370151
1000,10000000.0,massive_planetesimal,313,MP_312,101.63278535644805,0.02702525726990852,0.23072244801061545
1000,10000000.0,massive_planetesimal,314,MP_313,96.94989523634365,0.02992204154956439,0.7577021504795745
1000,10000000.0,massive_planetesimal,315,MP_314,100.17956594644018,0.024453480006050354,0.7115341868045613
1000,10000000.0,massive_planetesimal,316,MP_315,97.63036748770335,0.029676825265395636,0.587616819193132
1000,10000000.0,massive_planetesimal,317,MP_316,97.12075806795201,0.03216365069449263,0.3856203554881176
1000,10000000.0,massive_planetesimal,318,MP_317,101.79333707686938,0.024677277039677464,0.358415769197275
1000,10000000.0,massive_planetesimal,319,MP_318,102.70434975760762,0.020902910014864697,0.8869467927534589
1000,10000000.0,massive_planetesimal,320,MP_319,105.34882412362103,0.010389508679414317,0.5743575954304843
1000,10000000.0,massive_planetesimal,321,MP_320,103.49349196974032,0.03529495446828062,0.4069235689666671
1000,10000000.0,massive_planetesimal,322,MP_321,100.30493328937095,0.01750438949056773,0.5518481510794049
1000,10000000.0,massive_planetesimal,323,MP_322,104.0328290109667,0.007188513602922848,0.9215718855374542
1000,10000000.0,massive_planetesimal,324,MP_323,95.84326700847377,0.016747049099949875,0.5835714398414531
1000,10000000.0,massive_planetesimal,325,MP_324,104.82691564262556,0.006965843344190467,0.5472639923732774
1000,10000000.0,massive_planetesimal,326,MP_325,99.9985174381021,0.008833525835662518,1.1103456195448922
1000,10000000.0,massive_planetesimal,327,MP_326,99.69975572980736,0.028080012637725145,0.7771606252585576
1000,10000000.0,massive_planetesimal,328,MP_327,99.18075833375386,0.04357428756339453,0.8213161453204348
1000,10000000.0,massive_planetesimal,329,MP_328,105.11398208690376,0.030832601097674165,0.45707494669245824
1000,10000000.0,massive_planetesimal,330,MP_329,96.04537635575582,0.02975568105548901,0.8095966944560437
1000,10000000.0,massive_planetesimal,331,MP_330,98.19932119908384,0.028079795134378645,0.4243733808436327
1000,10000000.0,massive_planetesimal,332,MP_331,96.7991075154202,0.02117296755225289,0.8359650741486322
1000,10000000.0,massive_planetesimal,333,MP_332,93.3580168397865,0.018461640375325453,0.4247767945905407
1000,10000000.0,massive_planetesimal,334,MP_333,100.89685824400385,0.03332599742185539,0.9949401243050958
1000,10000000.0,massive_planetesimal,335,MP_334,96.38518884078576,0.024344687255199095,0.3050747306478701
1000,10000000.0,massive_planetesimal,336,MP_335,104.28662689970118,0.010787195593083092,0.18796567232851852
1000,10000000.0,massive_planetesimal,337,MP_336,94.75212049311952,0.008601741193660454,0.4613629544064087
1000,10000000.0,massive_planetesimal,338,MP_337,97.52423470670823,0.045611346037239514,0.20499261087000353
1000,10000000.0,massive_planetesimal,339,MP_338,98.46111627141536,0.021905172725037374,0.45088244267691635
1000,10000000.0,massive_planetesimal,340,MP_339,97.22291388580982,0.04181003856607253,0.5068299205276274
1000,10000000.0,massive_planetesimal,341,MP_340,100.72482539710201,0.017122103804931576,0.971204613289397
1000,10000000.0,massive_planetesimal,342,MP_341,98.6568752975804,0.006770208147475015,0.5594081443335792
1000,10000000.0,massive_planetesimal,343,MP_342,97.17640420033415,0.01771290697030077,1.186470836342931
1000,10000000.0,massive_planetesimal,344,MP_343,97.27407779392324,0.010118753356411192,0.6132671887724304
1000,10000000.0,massive_planetesimal,345,MP_344,104.58414353329992,0.009059787926800749,0.721908361732541
1000,10000000.0,massive_planetesimal,346,MP_345,105.67216825125729,0.004520391163704996,0.6396895260752274
1000,10000000.0,massive_planetesimal,347,MP_346,106.14296571341616,0.021480403696257568,0.44587098201189007
1000,10000000.0,massive_planetesimal,348,MP_347,97.29704783120404,0.02076589946470385,0.15822481607901837
1000,10000000.0,massive_planetesimal,349,MP_348,101.00447626764561,0.02178528463903727,0.5584599129071948
1000,10000000.0,massive_planetesimal,350,MP_349,104.80995663587993,0.009843674398158394,0.5483369275794899
1000,10000000.0,massive_planetesimal,351,MP_350,103.92631304615877,0.014568080057963189,0.5504798964753473
1000,10000000.0,massive_planetesimal,352,MP_351,97.91352032677153,0.005099360575792673,0.8658945325186019
1000,10000000.0,massive_planetesimal,353,MP_352,99.75795261948953,0.015468116077261966,0.3860846189080566
1000,10000000.0,massive_planetesimal,354,MP_353,96.15121272306249,0.029492576132288027,0.732217100699158
1000,10000000.0,massive_planetesimal,355,MP_354,101.8409885258297,0.011086844289287986,0.6307699869048857
1000,10000000.0,massive_planetesimal,356,MP_355,96.6745884535063,0.043305347154663935,0.1614525836744475
1000,10000000.0,massive_planetesimal,357,MP_356,102.76036618267254,0.011385552882295645,0.4443382368289288
1000,10000000.0,massive_planetesimal,358,MP_357,95.62814232181896,0.028408093209390577,0.4415297072867503
1000,10000000.0,massive_planetesimal,359,MP_358,106.55095022603861,0.01572030301788034,0.7006768357665569
1000,10000000.0,massive_planetesimal,360,MP_359,100.9636274643041,0.010901882776909034,0.9005172466843948
1000,10000000.0,massive_planetesimal,361,MP_360,97.74404039358396,0.01731935741382112,0.8898587520195714
1000,10000000.0,massive_planetesimal,362,MP_361,103.05798845429209,0.01157352952358793,0.681803344707612
1000,10000000.0,massive_planetesimal,363,MP_362,107.80367737665891,0.01572869761653288,0.1908146091383988
1000,10000000.0,massive_planetesimal,364,MP_363,93.5127302351795,0.009317660119018075,0.722825297165321
1000,10000000.0,massive_planetesimal,365,MP_364,96.09384988729045,0.022824081945279243,0.8283336623735529
1000,10000000.0,massive_planetesimal,366,MP_365,94.12949216840234,0.023601234291752565,0.13852204891683292
1000,10000000.0,massive_planetesimal,367,MP_366,92.53490194056785,0.030336217733255545,0.09077709817381685
1000,10000000.0,massive_planetesimal,368,MP_367,100.32411246739868,0.028017244431014682,0.9436843644166141
1000,10000000.0,massive_planetesimal,369,MP_368,98.72902530531105,0.02330850006211865,0.3363359167207381
1000,10000000.0,massive_planetesimal,370,MP_369,105.31749836297303,0.008481246386908527,0.4522950323400835
1000,10000000.0,massive_planetesimal,371,MP_370,98.93611102737984,0.009418488127125936,0.47051761812140347
1000,10000000.0,massive_planetesimal,372,MP_371,105.76937069987741,0.026216371987942817,0.4420415120277042
1000,10000000.0,massive_planetesimal,373,MP_372,94.13063542333106,0.020627296345644686,0.5397132322051876
1000,10000000.0,massive_planetesimal,374,MP_373,99.70322997706302,0.02055882298967467,1.3243547297498062
1000,10000000.0,massive_planetesimal,375,MP_374,97.89555068358068,0.019598408037187348,0.930455791346344
1000,10000000.0,massive_planetesimal,376,MP_375,99.94416687259915,0.016303617545359732,0.7675864314768516
1000,10000000.0,massive_planetesimal,377,MP_376,100.50883714505568,0.020271483098295507,0.7991659738602346
1000,10000000.0,massive_planetesimal,378,MP_377,101.22251099434514,0.00196270297602158,0.37307397912574897
1000,10000000.0,massive_planetesimal,379,MP_378,104.70026205837138,0.0359696548377282,0.6412798872568164
1000,10000000.0,massive_planetesimal,380,MP_379,107.20361250905131,0.008301783126917012,0.6110201556169523
1000,10000000.0,massive_planetesimal,381,MP_380,102.25117941036919,0.016490191789667135,0.6019310252058417
1000,10000000.0,massive_planetesimal,382,MP_381,102.9479330345108,0.030255389162391247,0.6366531419138238
1000,10000000.0,massive_planetesimal,383,MP_382,99.31349258971835,0.03613329111887813,0.10551620742584596
1000,10000000.0,massive_planetesimal,384,MP_383,93.07696574427933,0.010724744439011618,0.39279112387105486
1000,10000000.0,massive_planetesimal,385,MP_384,105.04974172698562,0.009472763791507572,0.6674116569789934
1000,10000000.0,massive_planetesimal,386,MP_385,100.74332659816776,0.025566990445721197,0.6091284643691944
1000,10000000.0,massive_planetesimal,387,MP_386,99.65079481760382,0.003768468789106454,0.9195602976752858
1000,10000000.0,massive_planetesimal,388,MP_387,93.98272156165089,0.01184460881712532,0.7318450260891307
1000,10000000.0,massive_planetesimal,389,MP_388,106.4291441821336,0.005946709200984646,0.23362239441248997
1000,10000000.0,massive_planetesimal,390,MP_389,95.98468764711265,0.023981454978008594,0.571194316670277
1000,10000000.0,massive_planetesimal,391,MP_390,95.68489653731261,0.02210465315281292,0.568320424221931
1000,10000000.0,massive_planetesimal,392,MP_391,103.53599941763427,0.015201299011610554,1.0641095062004213
1000,10000000.0,massive_planetesimal,393,MP_392,98.75700943590255,0.01534541607393888,0.49510693578412956
1000,10000000.0,massive_planetesimal,394,MP_393,97.76971487784922,0.025686225097821397,0.49013704264382596
1000,10000000.0,massive_planetesimal,395,MP_394,103.42307878387092,0.018763641537322358,1.2666504600466004
1000,10000000.0,massive_planetesimal,396,MP_395,103.4787337048113,0.011656639333727544,1.2533971081260709
1000,10000000.0,massive_planetesimal,397,MP_396,98.00934817858263,0.034426996806365864,1.7429435998093974
1000,10000000.0,massive_planetesimal,398,MP_397,106.51937690975765,0.01845894337976136,0.4607912350718955
1000,10000000.0,massive_planetesimal,399,MP_398,103.41144367630945,0.016570934207808762,0.24281007983111028
1000,10000000.0,massive_planetesimal,400,MP_399,100.02637003439007,0.03231179956032369,0.45733664620944
1000,10000000.0,massive_planetesimal,401,MP_400,100.66957290635328,0.012496913382865911,0.6374409780417382
1000,10000000.0,massive_planetesimal,402,MP_401,101.31221538467697,0.00415578213930028,0.5424974587405141
1000,10000000.0,massive_planetesimal,403,MP_402,98.59987155049701,0.011735757248626523,0.5389038139147682
1000,10000000.0,massive_planetesimal,404,MP_403,95.00720686584182,0.006111566762322345,0.40449139993135846
1000,10000000.0,massive_planetesimal,405,MP_404,104.08828278436705,0.043577489168799215,0.636747754220182
1000,10000000.0,massive_planetesimal,406,MP_405,98.14506757133029,0.016929657095352706,0.49318711252253555
1000,10000000.0,massive_planetesimal,407,MP_406,101.22679547926886,0.020943029831170558,0.5469501340002382
1000,10000000.0,massive_planetesimal,408,MP_407,99.66090540868431,0.01598754086810894,0.3109122719966637
1000,10000000.0,massive_planetesimal,409,MP_408,100.58308211498921,0.006695825383222932,0.5762708452373935
1000,10000000.0,massive_planetesimal,410,MP_409,100.14016258132001,0.03203355458268515,0.06649816123755688
1000,10000000.0,massive_planetesimal,411,MP_410,100.73007366615703,0.024719271365374648,0.7339315938900572
1000,10000000.0,massive_planetesimal,412,MP_411,106.06341290864412,0.01908250776113429,0.6770699856922857
1000,10000000.0,massive_planetesimal,413,MP_412,107.53089434345083,0.0019683062057531554,0.4411951214720211
1000,10000000.0,massive_planetesimal,414,MP_413,100.9179781101293,0.017957759252683416,0.311205381329822
1000,10000000.0,massive_planetesimal,415,MP_414,98.70445366147464,0.021890915260915165,0.8940533059523204
1000,10000000.0,massive_planetesimal,416,MP_415,105.47264623413203,0.008571612640655871,0.4240077287529449
1000,10000000.0,massive_planetesimal,417,MP_416,105.79365798066004,0.005202569429063305,0.4103540537692102
1000,10000000.0,massive_planetesimal,418,MP_417,103.37658442444484,0.02017500066795885,0.4737321806856599
1000,10000000.0,massive_planetesimal,419,MP_418,104.20048530158995,0.009254624450523939,0.19049798525840098
1000,10000000.0,massive_planetesimal,420,MP_419,94.6199232285168,0.03054737758988157,0.5975510570319778
1000,10000000.0,massive_planetesimal,421,MP_420,100.46323603415115,0.03725743770181713,0.7010933172543798
1000,10000000.0,massive_planetesimal,422,MP_421,103.0289211454386,0.0032093461365057733,0.6496150012954406
1000,10000000.0,massive_planetesimal,423,MP_422,104.17422790922772,0.02670234319167507,0.3693688800409654
1000,10000000.0,massive_planetesimal,424,MP_423,98.01382793024071,0.03188559256998567,0.5667681273047879
1000,10000000.0,massive_planetesimal,425,MP_424,103.84319370773403,0.006728092037968801,0.9505561448899976
1000,10000000.0,massive_planetesimal,426,MP_425,98.46824833836524,0.020935268745524892,0.41096527045470177
1000,10000000.0,massive_planetesimal,427,MP_426,94.84970531476564,0.024922253365959737,0.10229010899959451
1000,10000000.0,massive_planetesimal,428,MP_427,103.73781317952029,0.0022933868308258817,0.8501945705174679
1000,10000000.0,massive_planetesimal,429,MP_428,102.00478068409231,0.02083403408024185,0.38494776748412857
1000,10000000.0,massive_planetesimal,430,MP_429,101.16181434888105,0.022657643412732208,0.715289735403182
1000,10000000.0,massive_planetesimal,431,MP_430,94.94177820646266,0.03520839810211871,0.3548972568840298
1000,10000000.0,massive_planetesimal,432,MP_431,96.19257759178068,0.025926949981382934,0.6198242556118113
1000,10000000.0,massive_planetesimal,433,MP_432,105.59175997824806,0.011147743790268297,0.8253822557222756
1000,10000000.0,massive_planetesimal,434,MP_433,105.52630847043088,0.004949403389996457,1.1450593411542938
1000,10000000.0,massive_planetesimal,435,MP_434,93.80139697207726,0.018808518912366082,0.5723408884473581
1000,10000000.0,massive_planetesimal,436,MP_435,102.1251677969027,0.044375032168570486,0.15558575132817895
1000,10000000.0,massive_planetesimal,437,MP_436,94.23899518888173,0.00923482639432569,0.6746738616695356
1000,10000000.0,massive_planetesimal,438,MP_437,94.46941908882806,0.0015928205823710852,0.5788528097256962
1000,10000000.0,massive_planetesimal,439,MP_438,100.9965162845128,0.02013733447128394,0.6019693618231424
1000,10000000.0,massive_planetesimal,440,MP_439,97.08170879225938,0.013096228617248204,0.7678633016484051
1000,10000000.0,massive_planetesimal,441,MP_440,100.51189738648355,0.004511738929798198,0.34195063799968906
1000,10000000.0,massive_planetesimal,442,MP_441,102.73187275804422,0.013552298977474201,0.38271107627316875
1000,10000000.0,massive_planetesimal,443,MP_442,102.99810547964302,0.03179855348121813,0.7467416939530833
1000,10000000.0,massive_planetesimal,444,MP_443,101.26965718967875,0.01712210640047848,0.42725009823552
1000,10000000.0,massive_planetesimal,445,MP_444,95.70818920518718,0.007282098799546082,0.7008876387068629
1000,10000000.0,massive_planetesimal,446,MP_445,101.85919662742667,0.04355196567250521,0.5009964668442874
1000,10000000.0,massive_planetesimal,447,MP_446,96.22866144354688,0.017071080933805396,0.6421570416085007
1000,10000000.0,massive_planetesimal,448,MP_447,94.84394268167065,0.021195446553823227,0.23055695975759144
1000,10000000.0,massive_planetesimal,449,MP_448,97.12014631491566,0.016659285349191776,0.2767248856262851
1000,10000000.0,massive_planetesimal,450,MP_449,100.32197861691203,0.02083889092196227,1.1773207255782205
1000,10000000.0,massive_planetesimal,451,MP_450,103.28680397103676,0.01317278620456318,1.0267987442214406
1000,10000000.0,massive_planetesimal,452,MP_451,106.97568525720784,0.01961852649679053,0.41673128299932477
1000,10000000.0,massive_planetesimal,453,MP_452,103.37880542583045,0.02069913160080394,0.9757106613903329
1000,10000000.0,massive_planetesimal,454,MP_453,102.41876785911182,0.01621087356980236,0.8951318017487835
1000,10000000.0,massive_planetesimal,455,MP_454,95.33301318215634,0.03669184502287688,0.2275204243248
1000,10000000.0,massive_planetesimal,456,MP_455,96.16968468004944,0.03806720970392897,0.6700805416675357
1000,10000000.0,massive_planetesimal,457,MP_456,99.78136450617723,0.021927151889179482,0.13548519049906382
1000,10000000.0,massive_planetesimal,458,MP_457,93.82161949671585,0.013613213600587272,0.07217259979663235
1000,10000000.0,massive_planetesimal,459,MP_458,99.16467960491038,0.005848652911662571,0.8451518342362868
1000,10000000.0,massive_planetesimal,460,MP_459,102.15068265552463,0.044881375718829636,0.4577148211433623
1000,10000000.0,massive_planetesimal,461,MP_460,98.77626814084489,0.037279334242163516,0.7856836750710876
1000,10000000.0,massive_planetesimal,462,MP_461,100.92632097653946,0.02080001218579984,0.7374586470362402
1000,10000000.0,massive_planetesimal,463,MP_462,106.08577053751732,0.02816862203022798,0.3952617682353392
1000,10000000.0,massive_planetesimal,464,MP_463,94.11698685254684,0.013985399818416849,0.9670096793748638
1000,10000000.0,massive_planetesimal,465,MP_464,98.61069329918553,0.025971660656652334,0.440562730966309
1000,10000000.0,massive_planetesimal,466,MP_465,106.3751971405056,0.03366777662788281,0.5918749229624667
1000,10000000.0,massive_planetesimal,467,MP_466,105.85986135965625,0.010371326790385696,0.9620278901424427
1000,10000000.0,massive_planetesimal,468,MP_467,98.62932453653215,0.02371244238256553,0.4544660029252998
1000,10000000.0,massive_planetesimal,469,MP_468,102.66089933902735,0.01614263097855334,0.3762689018141087
1000,10000000.0,massive_planetesimal,470,MP_469,95.21437218169531,0.012367109986154895,1.0342976679187479
1000,10000000.0,massive_planetesimal,471,MP_470,96.43776681990953,0.017870524755157303,0.19636405320895312
1000,10000000.0,massive_planetesimal,472,MP_471,97.44076771025331,0.031951963917817634,0.4220226054277168
1000,10000000.0,massive_planetesimal,473,MP_472,100.22043555562911,0.027742810217884818,0.30992471080962153
1000,10000000.0,massive_planetesimal,474,MP_473,92.44461932336529,0.01503830160323251,0.4391684064937545
1000,10000000.0,massive_planetesimal,475,MP_474,101.39570286384566,0.03918839999931734,0.36033916697929474
1000,10000000.0,massive_planetesimal,476,MP_475,99.65011768843371,0.023135692595488554,0.4531048681520672
1000,10000000.0,massive_planetesimal,477,MP_476,106.98618527302467,0.01329509246096663,0.7413487716705985
1000,10000000.0,massive_planetesimal,478,MP_477,93.99150795784831,0.03255155342223406,0.6127493970129076
1000,10000000.0,massive_planetesimal,479,MP_478,101.61313668839804,0.014533758083477405,0.36190199668164547
1000,10000000.0,massive_planetesimal,480,MP_479,93.27075231134326,0.024717735916305536,0.74878317697328
1000,10000000.0,massive_planetesimal,481,MP_480,96.68619525110076,0.02836272250526722,0.6947410261377359
1000,10000000.0,massive_planetesimal,482,MP_481,96.43232456336227,0.020895295897582548,0.6571105676115051
1000,10000000.0,massive_planetesimal,483,MP_482,95.424447134052,0.02490466661180118,0.6844648927138425
1000,10000000.0,massive_planetesimal,484,MP_483,98.97001435180788,0.04262353391460073,0.3553209567458367
1000,10000000.0,massive_planetesimal,485,MP_484,97.27623660891918,0.028538455364395723,0.7275028136803239
1000,10000000.0,massive_planetesimal,486,MP_485,99.73066502934746,0.024301729996835837,0.09976941642434942
1000,10000000.0,massive_planetesimal,487,MP_486,95.1128122662777,0.023337414532007664,1.0302423474540976
1000,10000000.0,massive_planetesimal,488,MP_487,95.46395384339296,0.014979692926306187,0.2764856004216126
1000,10000000.0,massive_planetesimal,489,MP_488,92.00533747697699,0.01961461843924261,0.6482045004244327
1000,10000000.0,massive_planetesimal,490,MP_489,103.55741825084478,0.00819878069768211,0.5758901410551208
1000,10000000.0,massive_planetesimal,491,MP_490,105.76868862019317,0.024637745646619618,0.39212884793954417
1000,10000000.0,massive_planetesimal,492,MP_491,101.47285802138758,0.02579548654063973,1.2586613354884186
1000,10000000.0,massive_planetesimal,493,MP_492,97.91644699807226,0.017142867964873357,0.5547185517752904
1000,10000000.0,massive_planetesimal,494,MP_493,93.07799443351776,0.007456805540764005,0.3878876279081166
1000,10000000.0,massive_planetesimal,495,MP_494,97.68894407233473,0.004261346367613473,0.91220970696879
1000,10000000.0,massive_planetesimal,496,MP_495,95.70918963649116,0.021950281992359797,1.1672660194722477
1000,10000000.0,massive_planetesimal,497,MP_496,103.84611181198984,0.015892408807677068,0.24632733112242963
1000,10000000.0,massive_planetesimal,498,MP_497,97.52389607209257,0.030703867334311533,0.6932663018530667
1000,10000000.0,massive_planetesimal,499,MP_498,98.1980800812386,0.041426821986080054,0.6914658542296356
1000,10000000.0,massive_planetesimal,500,MP_499,105.60755660466805,0.028738887060458,0.4096002963738468
1000,10000000.0,massive_planetesimal,501,MP_500,105.637525494654,0.008930159171389595,0.4151449846018022
1000,10000000.0,massive_planetesimal,502,MP_501,95.48379405370177,0.015878199256447414,0.221962917120525
1000,10000000.0,massive_planetesimal,503,MP_502,102.5875586181238,0.04155126524918874,0.06399038342663955
1000,10000000.0,massive_planetesimal,504,MP_503,104.21080556891592,0.026653472420762464,0.4106735685614577
1000,10000000.0,massive_planetesimal,505,MP_504,96.39633504285175,0.013714586018493744,0.661932387730661
1000,10000000.0,massive_planetesimal,506,MP_505,99.8540789103065,0.005629292356403935,0.6289095762622338
1000,10000000.0,massive_planetesimal,507,MP_506,103.08639352930992,0.0149317903204677,0.703047922634394
1000,10000000.0,massive_planetesimal,508,MP_507,108.55972833575119,0.02770803467525639,0.4777596826419401
1000,10000000.0,massive_planetesimal,509,MP_508,100.77378764220462,0.011285994547785201,0.32922222619877217
1000,10000000.0,massive_planetesimal,510,MP_509,97.87800510784393,0.035962329554940296,0.6199815839504502
1000,10000000.0,massive_planetesimal,511,MP_510,95.9510838603283,0.028269625739329514,0.01888646257734419
1000,10000000.0,massive_planetesimal,512,MP_511,104.33217181048002,0.03892705887295117,1.409908036388195
1000,10000000.0,massive_planetesimal,513,MP_512,104.56584877640874,0.01595440285344717,0.5275951412523058
1000,10000000.0,massive_planetesimal,514,MP_513,96.42477523452533,0.011518959800348455,0.09344001646869399
1000,10000000.0,massive_planetesimal,515,MP_514,104.89548202730077,0.0062994570024540964,0.7640513669512794
1000,10000000.0,massive_planetesimal,516,MP_515,101.17585327971139,0.06216313135422659,0.5977053894885525
1000,10000000.0,massive_planetesimal,517,MP_516,93.91609315731574,0.003143968005641585,0.2557467675497823
1000,10000000.0,massive_planetesimal,518,MP_517,104.17132879889786,0.023069826624982654,0.4521737409944585
1000,10000000.0,massive_planetesimal,519,MP_518,95.09370356583176,0.021521810029245275,0.7398436786979465
1000,10000000.0,massive_planetesimal,520,MP_519,99.50367583946407,0.03446418498976775,0.29819560699737996
1000,10000000.0,massive_planetesimal,521,MP_520,95.85286382364022,0.018309209805465285,0.8730026226278201
1000,10000000.0,massive_planetesimal,522,MP_521,101.54934631220306,0.025204508257012682,0.37927400094494024
1000,10000000.0,massive_planetesimal,523,MP_522,102.33948041201181,0.038834814548869764,0.22371655102145388
1000,10000000.0,massive_planetesimal,524,MP_523,100.53820484243506,0.018951903899662115,0.9683226756082561
1000,10000000.0,massive_planetesimal,525,MP_524,106.36985703281205,0.014151002793180984,0.21079147191513878
1000,10000000.0,massive_planetesimal,526,MP_525,96.99495832006264,0.031615433409015556,0.5299096842330568
1000,10000000.0,massive_planetesimal,527,MP_526,94.12020313704927,0.008966605808118259,0.6949912542405594
1000,10000000.0,massive_planetesimal,528,MP_527,101.77884197211866,0.014087533453299514,0.32764772668214037
1000,10000000.0,massive_planetesimal,529,MP_528,98.13299028179354,0.01856734472481406,0.7471868314059178
1000,10000000.0,massive_planetesimal,530,MP_529,103.29532067548261,0.020955945452391003,0.723729531719358
1000,10000000.0,massive_planetesimal,531,MP_530,98.80560054444791,0.028807212241820524,0.26563538352171673
1000,10000000.0,massive_planetesimal,532,MP_531,102.36138564961766,0.022298126308255506,0.444979119711167
1000,10000000.0,massive_planetesimal,533,MP_532,99.06513622906856,0.019330872362493805,1.1836749887460645
1000,10000000.0,massive_planetesimal,534,MP_533,94.35465025403008,0.03357823033392125,0.19685954876975958
1000,10000000.0,massive_planetesimal,535,MP_534,104.45551302225687,0.012860907965209596,0.4737981933712315
1000,10000000.0,massive_planetesimal,536,MP_535,101.44883368088084,0.010946431846515671,0.34220171503976643
1000,10000000.0,massive_planetesimal,537,MP_536,102.20851740642712,0.023608014482724465,0.2393522917362271
1000,10000000.0,massive_planetesimal,538,MP_537,102.75005010318411,0.014029673218833643,0.7882607563007517
1000,10000000.0,massive_planetesimal,539,MP_538,96.74302100521174,0.010922071822795244,0.8844673831729641
1000,10000000.0,massive_planetesimal,540,MP_539,104.64864729018694,0.010120526786961606,0.9334308679258276
1000,10000000.0,massive_planetesimal,541,MP_540,99.41569084477399,0.030120601547655536,0.3179290286734766
1000,10000000.0,massive_planetesimal,542,MP_541,96.45316838125278,0.01813717735726085,0.4836466021896534
1000,10000000.0,massive_planetesimal,543,MP_542,94.03567487797521,0.023564795569876614,0.5208665981724181
1000,10000000.0,massive_planetesimal,544,MP_543,101.22821032820515,0.01604984651771579,0.13243068662801255
1000,10000000.0,massive_planetesimal,545,MP_544,92.60160776818945,0.028692670230358243,0.47986715736672403
1000,10000000.0,massive_planetesimal,546,MP_545,94.67393684813027,0.04498803985674693,0.06871663742857637
1000,10000000.0,massive_planetesimal,547,MP_546,102.09734819156364,0.01649407209427103,0.44433566614615383
1000,10000000.0,massive_planetesimal,548,MP_547,100.64100918708691,0.02683491935421577,0.2793010770521628
1000,10000000.0,massive_planetesimal,549,MP_548,99.21328630180184,0.024275748473451667,0.5238863206401171
1000,10000000.0,massive_planetesimal,550,MP_549,100.78525786635072,0.019299794879040977,0.5066142501144989
1000,10000000.0,massive_planetesimal,551,MP_550,104.12146460383155,0.029122477625817628,0.36900402357893525
1000,10000000.0,massive_planetesimal,552,MP_551,91.58311613594552,0.03427752877052625,0.6106032379240363
1000,10000000.0,massive_planetesimal,553,MP_552,99.83652901177972,0.01658927576483579,0.6174630517185679
1000,10000000.0,massive_planetesimal,554,MP_553,96.1376108474473,0.021249262542335383,0.43498811448306673
1000,10000000.0,massive_planetesimal,555,MP_554,94.15769583546377,0.04121371211887986,0.8324405982040096
1000,10000000.0,massive_planetesimal,556,MP_555,97.68117218543931,0.0248650033525418,0.9605006822273663
1000,10000000.0,massive_planetesimal,557,MP_556,101.96334817674796,0.01215567953898441,0.8158376141531887
1000,10000000.0,massive_planetesimal,558,MP_557,99.1946630280176,0.022186387963092975,0.1374948841620211
1000,10000000.0,massive_planetesimal,559,MP_558,100.39014432894733,0.018996713608172774,1.0800956033323414
1000,10000000.0,massive_planetesimal,560,MP_559,98.23802390225865,0.010758846866577743,0.5001129116828582
1000,10000000.0,massive_planetesimal,561,MP_560,103.67383810110097,0.02066148176341411,0.47432906130707003
1000,10000000.0,massive_planetesimal,562,MP_561,100.41434501850921,0.008449969752486665,0.7567449948282973
1000,10000000.0,massive_planetesimal,563,MP_562,101.64528095752027,0.019300116856402455,0.7983850968721706
1000,10000000.0,massive_planetesimal,564,MP_563,93.7095373740464,0.005783530803480158,0.6874504173483225
1000,10000000.0,massive_planetesimal,565,MP_564,92.5858247624797,0.01781242663048498,0.510072600680485
1000,10000000.0,massive_planetesimal,566,MP_565,93.32805464766227,0.03980170478593869,0.6828968261193801
1000,10000000.0,massive_planetesimal,567,MP_566,101.0815582303301,0.014422742573104944,0.8416741036190852
1000,10000000.0,massive_planetesimal,568,MP_567,98.45223974294697,0.007238644818964448,0.7100999385498595
1000,10000000.0,massive_planetesimal,569,MP_568,93.87567365439611,0.02272263256667179,0.35209697632408576
1000,10000000.0,massive_planetesimal,570,MP_569,96.13587374479286,0.0013489970576102438,0.812071688500321
1000,10000000.0,massive_planetesimal,571,MP_570,105.2383854533295,0.013405579013116134,1.0175254361506088
1000,10000000.0,massive_planetesimal,572,MP_571,99.24392566186599,0.019355668465592748,0.676738611521826
1000,10000000.0,massive_planetesimal,573,MP_572,101.3449672719543,0.016969670212470363,0.4455158242825689
1000,10000000.0,massive_planetesimal,574,MP_573,95.45228572279446,0.01749729397548611,0.16903592058810546
1000,10000000.0,massive_planetesimal,575,MP_574,98.89547691521919,0.010742982361605775,0.44016809246732086
1000,10000000.0,massive_planetesimal,576,MP_575,107.55750347746348,0.021369817547052847,0.2710207709033815
1000,10000000.0,massive_planetesimal,577,MP_576,107.00856254401263,0.02608900101018203,0.763402240187722
1000,10000000.0,massive_planetesimal,578,MP_577,94.46219340393203,0.010279908506170774,0.5021069408319707
1000,10000000.0,massive_planetesimal,579,MP_578,94.02479852972581,0.021108279397291447,0.9385730781529408
1000,10000000.0,massive_planetesimal,580,MP_579,102.01453291836012,0.034474432470816246,0.394853868516402
1000,10000000.0,massive_planetesimal,581,MP_580,98.93948385360845,0.011948091017000992,0.0679976034201392
1000,10000000.0,massive_planetesimal,582,MP_581,98.48000952990904,0.051923580840452364,0.3665952613144823
1000,10000000.0,massive_planetesimal,583,MP_582,101.16411092914352,0.010279139081392722,0.904923377718336
1000,10000000.0,massive_planetesimal,584,MP_583,100.95516445001532,0.018405670861948522,1.1813909592530991
1000,10000000.0,massive_planetesimal,585,MP_584,100.17355842670739,0.030647742396758156,0.5022974022401736
1000,10000000.0,massive_planetesimal,586,MP_585,103.73804277058657,0.02513938273738168,0.9688003241116298
1000,10000000.0,massive_planetesimal,587,MP_586,99.92503549661946,0.019762839962220002,0.9689299079493834
1000,10000000.0,massive_planetesimal,588,MP_587,99.18873807087546,0.018517056406373335,0.6618459581575966
1000,10000000.0,massive_planetesimal,589,MP_588,103.88353504893958,0.015972813258234003,0.8343461427858891
1000,10000000.0,massive_planetesimal,590,MP_589,96.18037587812714,0.0039742825209435435,0.1025220425527798
1000,10000000.0,massive_planetesimal,591,MP_590,101.74273543222672,0.01781350815842721,0.167798883437046
1000,10000000.0,massive_planetesimal,592,MP_591,100.43362379125308,0.01853091622183187,0.8823865986621392
1000,10000000.0,massive_planetesimal,593,MP_592,107.30078675598506,0.022132916023560857,0.6907141395681373
1000,10000000.0,massive_planetesimal,594,MP_593,108.06969195113687,0.011433896989991355,0.2669212818918413
1000,10000000.0,massive_planetesimal,595,MP_594,105.4117357257218,0.014694929805969613,0.2145519640597876
1000,10000000.0,massive_planetesimal,596,MP_595,93.76798770969926,0.020130748777064857,0.8244801102291809
1000,10000000.0,massive_planetesimal,597,MP_596,104.16544374388948,0.006674453941211329,0.34336058921865925
1000,10000000.0,massive_planetesimal,598,MP_597,103.55446974119097,0.028855321018636255,0.26628490122957643
1000,10000000.0,massive_planetesimal,599,MP_598,104.3572472716101,0.021297906945854445,1.0060479548553585
1000,10000000.0,massive_planetesimal,600,MP_599,95.21935737056342,0.009405841212696933,0.26395651547940946
1000,10000000.0,massive_planetesimal,601,MP_600,100.3316101054966,0.018803235407307446,0.32743877284083533
1000,10000000.0,massive_planetesimal,602,MP_601,112.90998629100503,0.1832940184861176,0.20219642351542347
1000,10000000.0,massive_planetesimal,603,MP_602,102.82070408436891,0.024698487347509946,1.233910478723273
1000,10000000.0,massive_planetesimal,604,MP_603,94.77294794865514,0.008082364509085525,0.2981045228949872
1000,10000000.0,massive_planetesimal,605,MP_604,103.2225169785913,0.003823694111515838,0.7081800718838086
1000,10000000.0,massive_planetesimal,606,MP_605,93.99370519984471,0.01595240329073283,0.38032866789841596
1000,10000000.0,massive_planetesimal,607,MP_606,104.58671866310131,0.0032221336414488683,0.18425550988555014
1000,10000000.0,massive_planetesimal,608,MP_607,104.23998166860467,0.017613763698598853,0.49851656191731486
1000,10000000.0,massive_planetesimal,609,MP_608,101.20941571012041,0.02936122759385942,0.6294657963413439
1000,10000000.0,massive_planetesimal,610,MP_609,99.7970868927906,0.009414890116157306,0.4805100510713791
1000,10000000.0,massive_planetesimal,611,MP_610,96.63725734307309,0.011815296216207725,0.8198111744581922
1000,10000000.0,massive_planetesimal,612,MP_611,96.26678379696985,0.023856684119060598,0.5668125545537193
1000,10000000.0,massive_planetesimal,613,MP_612,95.77784643778183,0.02099763042348594,0.5380976812660001
1000,10000000.0,massive_planetesimal,614,MP_613,98.802960255767,0.010312277558013809,0.5607921721863995
1000,10000000.0,massive_planetesimal,615,MP_614,102.03965450082053,0.033197212798781094,0.3874681780733729
1000,10000000.0,massive_planetesimal,616,MP_615,95.76125706470206,0.01329708090788864,0.8033872537657629
1000,10000000.0,massive_planetesimal,617,MP_616,94.88268654489809,0.016182331543197193,0.5806167146930122
1000,10000000.0,massive_planetesimal,618,MP_617,98.29293563519956,0.03766689412069101,0.7698504567238699
1000,10000000.0,massive_planetesimal,619,MP_618,93.63600478183838,0.01604655269959224,1.0162897189705948
1000,10000000.0,massive_planetesimal,620,MP_619,99.17268758218539,0.009384550034538721,0.40254973516876247
1000,10000000.0,massive_planetesimal,621,MP_620,100.02149681287028,0.029955419892997492,0.17785584263944798
1000,10000000.0,massive_planetesimal,622,MP_621,99.35783348365021,0.028094446148470252,0.3385167175483886
1000,10000000.0,massive_planetesimal,623,MP_622,100.63033680655576,0.004415838898714074,0.8338335433625191
1000,10000000.0,massive_planetesimal,624,MP_623,99.31887209701453,0.011940417754346996,0.9142503642309836
1000,10000000.0,massive_planetesimal,625,MP_624,93.46290258915144,0.011940414561202307,0.2948900809619038
1000,10000000.0,massive_planetesimal,626,MP_625,95.48331901803186,0.03026713780145528,0.6436738363317325
1000,10000000.0,massive_planetesimal,627,MP_626,97.30019883276691,0.025178771728392765,0.726977164366681
1000,10000000.0,massive_planetesimal,628,MP_627,93.34036279340745,0.018192523839387943,0.606507496935232
1000,10000000.0,massive_planetesimal,629,MP_628,102.05473550337896,0.0027540293620932996,0.1262268387207994
1000,10000000.0,massive_planetesimal,630,MP_629,107.13656171256484,0.015071929863687139,0.312432590252912
1000,10000000.0,massive_planetesimal,631,MP_630,97.81710237795242,0.033188849666480745,0.4105031844244854
1000,10000000.0,massive_planetesimal,632,MP_631,105.65856574943754,0.027476013788964117,0.41918397113508865
1000,10000000.0,massive_planetesimal,633,MP_632,100.46097803917274,0.011972485731399037,0.8536625659882653
1000,10000000.0,massive_planetesimal,634,MP_633,103.78178699116181,0.02648165542574156,0.848957747170517
1000,10000000.0,massive_planetesimal,635,MP_634,96.14478833120727,0.011320659060493683,0.26421934160711064
1000,10000000.0,massive_planetesimal,636,MP_635,101.51401380510814,0.0392654729732062,0.20236757101882455
1000,10000000.0,massive_planetesimal,637,MP_636,103.08294231451285,0.0190492715979944,1.3171303917713002
1000,10000000.0,massive_planetesimal,638,MP_637,98.27942296899982,0.009617787338606045,0.8323229716659175
1000,10000000.0,massive_planetesimal,639,MP_638,103.7696544380481,0.02235750194134772,0.7411271829675857
1000,10000000.0,massive_planetesimal,640,MP_639,98.69243252047893,0.012689429499765922,1.2477830677831834
1000,10000000.0,massive_planetesimal,641,MP_640,100.68743680992695,0.02073397931776151,0.8939139631586884
1000,10000000.0,massive_planetesimal,642,MP_641,101.21367550233103,0.0024568499020931507,0.597637299080758
1000,10000000.0,massive_planetesimal,643,MP_642,103.16831950371447,0.03366342959153046,0.39595153491626606
1000,10000000.0,massive_planetesimal,644,MP_643,99.52379073359113,0.01800842743546749,0.4074240324410068
1000,10000000.0,massive_planetesimal,645,MP_644,102.64479195036887,0.013148005647293409,0.7045898717652647
1000,10000000.0,massive_planetesimal,646,MP_645,100.40104543810187,0.027664129792864804,1.4621328168806658
1000,10000000.0,massive_planetesimal,647,MP_646,93.88206166576822,0.02138274814996037,0.8386583158731097
1000,10000000.0,massive_planetesimal,648,MP_647,105.03189872545832,0.018806185394985294,0.161357713886544
1000,10000000.0,massive_planetesimal,649,MP_648,107.03738184024746,0.01927466241341549,0.5348054463378572
1000,10000000.0,massive_planetesimal,650,MP_649,105.5321166925765,0.016147463679222963,0.5667458446051629
1000,10000000.0,massive_planetesimal,651,MP_650,92.5315927241559,0.012666932775904999,0.4403057968376199
1000,10000000.0,massive_planetesimal,652,MP_651,108.63030841668939,0.021317678954535724,0.49768531286092077
1000,10000000.0,massive_planetesimal,653,MP_652,97.86109719189362,0.004236896615513887,0.9494419222623067
1000,10000000.0,massive_planetesimal,654,MP_653,103.41098645119901,0.03205887807086012,0.211640574636871
1000,10000000.0,massive_planetesimal,655,MP_654,105.560273734392,0.014851414848943858,0.3836039995593165
1000,10000000.0,massive_planetesimal,656,MP_655,98.11959862996682,0.018072298815338124,0.6026054267925427
1000,10000000.0,massive_planetesimal,657,MP_656,104.07188077044542,0.005498138045152315,0.6705737322296172
1000,10000000.0,massive_planetesimal,658,MP_657,96.79504137573068,0.019778996557877623,0.09720338377607453
1000,10000000.0,massive_planetesimal,659,MP_658,102.72316994809358,0.010069589209215012,0.567536746733944
1000,10000000.0,massive_planetesimal,660,MP_659,96.32298980643671,0.021307898760484126,0.3036134389963014
1000,10000000.0,massive_planetesimal,661,MP_660,103.91325230175937,0.018495634790856474,0.805275706737848
1000,10000000.0,massive_planetesimal,662,MP_661,98.66698615311812,0.01832767200998815,0.5496167892124312
1000,10000000.0,massive_planetesimal,663,MP_662,106.61014042801936,0.013333878910488033,0.1721110836696838
1000,10000000.0,massive_planetesimal,664,MP_663,97.31332925791936,0.011453083807648654,0.3057816659548393
1000,10000000.0,massive_planetesimal,665,MP_664,98.18284618031126,0.015782399822972512,0.8221216135009848
1000,10000000.0,massive_planetesimal,666,MP_665,102.1990565895351,0.023367349264359242,1.1102413539518423
1000,10000000.0,massive_planetesimal,667,MP_666,96.66116194418143,0.024678535964977405,0.29849826448290895
1000,10000000.0,massive_planetesimal,668,MP_667,101.50840563433881,0.022490418368635346,0.7301696053189141
1000,10000000.0,massive_planetesimal,669,MP_668,97.37012266223611,0.03127810480560848,0.8304062897781034
1000,10000000.0,massive_planetesimal,670,MP_669,104.3371418048696,0.025652584852096164,0.5015561488189386
1000,10000000.0,massive_planetesimal,671,MP_670,95.12327344820969,0.0183783805284872,0.5947616209444067
1000,10000000.0,massive_planetesimal,672,MP_671,98.76069717394675,0.03836322881969347,0.7168313290143064
1000,10000000.0,massive_planetesimal,673,MP_672,105.73699792319971,0.03237815609884346,0.47014472053694994
1000,10000000.0,massive_planetesimal,674,MP_673,97.60607162649943,0.004780833835391189,0.6623982845410125
1000,10000000.0,massive_planetesimal,675,MP_674,100.63037734885268,0.010950954944189215,0.4133315240218716
1000,10000000.0,massive_planetesimal,676,MP_675,105.52921408118024,0.018714788069838312,0.5747587056516306
1000,10000000.0,massive_planetesimal,677,MP_676,97.356363239531,0.021357796544094216,0.5201667617190805
1000,10000000.0,massive_planetesimal,678,MP_677,107.50311242777344,0.022573182982964703,0.758624610446739
1000,10000000.0,massive_planetesimal,679,MP_678,103.89948924820341,0.019617981188288048,0.516315947952618
1000,10000000.0,massive_planetesimal,680,MP_679,99.56704366958209,0.03037788009591206,0.5425416392001527
1000,10000000.0,massive_planetesimal,681,MP_680,94.62916593015687,0.022339346873355873,0.675076662457844
1000,10000000.0,massive_planetesimal,682,MP_681,99.56088625386188,0.018227188989877022,0.15711597452058898
1000,10000000.0,massive_planetesimal,683,MP_682,103.48280418508577,0.01632023807452216,0.3654645092939107
1000,10000000.0,massive_planetesimal,684,MP_683,101.33759376674945,0.007818470087913384,0.1817124647624467
1000,10000000.0,massive_planetesimal,685,MP_684,99.72195030041881,0.027685404390458697,0.35999070367651165
1000,10000000.0,massive_planetesimal,686,MP_685,93.83090191723491,0.009501026575828042,0.6455923507949898
1000,10000000.0,massive_planetesimal,687,MP_686,106.808487297565,0.0029008616749152992,0.6600563691916953
1000,10000000.0,massive_planetesimal,688,MP_687,104.67380219650046,0.010424952041115829,0.7245267961337847
1000,10000000.0,massive_planetesimal,689,MP_688,103.16031476039646,0.0076025718463090825,1.0470034029733926
1000,10000000.0,massive_planetesimal,690,MP_689,98.23829591118654,0.012309884521026401,0.8943233155190551
1000,10000000.0,massive_planetesimal,691,MP_690,98.54969350074732,0.04187326568311332,0.678427695368897
1000,10000000.0,massive_planetesimal,692,MP_691,92.32677577609283,0.018175179802781802,0.36110966700445407
1000,10000000.0,massive_planetesimal,693,MP_692,103.03324250250606,0.014182408002765712,1.146807653372507
1000,10000000.0,massive_planetesimal,694,MP_693,97.76466528588469,0.05091500412784249,0.4691799320591934
1000,10000000.0,massive_planetesimal,695,MP_694,103.92411897182312,0.017638571225804322,0.41018026564838395
1000,10000000.0,massive_planetesimal,696,MP_695,106.57287269185964,0.020063770065695107,0.743821648149918
1000,10000000.0,massive_planetesimal,697,MP_696,94.37859639368311,0.02021526930425554,0.9217371274857756
1000,10000000.0,massive_planetesimal,698,MP_697,104.03976753805439,0.026034524688735246,0.4505591783924055
1000,10000000.0,massive_planetesimal,699,MP_698,94.10288737369717,0.022004107963845262,0.37195320146829886
1000,10000000.0,massive_planetesimal,700,MP_699,96.05652994327394,0.023601803450487187,0.6852223123729183
1000,10000000.0,massive_planetesimal,701,MP_700,93.33459415371561,0.01705387928041388,0.505508818251129
1000,10000000.0,massive_planetesimal,702,MP_701,101.94313295090767,0.005671275866264265,1.0270080934609902
1000,10000000.0,massive_planetesimal,703,MP_702,97.79785528938508,0.026084929867536626,0.8012109539251281
1000,10000000.0,massive_planetesimal,704,MP_703,106.47346510758193,0.011941037052221678,0.18268319161111893
1000,10000000.0,massive_planetesimal,705,MP_704,92.52519476503215,0.034258180906668066,0.30212235897308903
1000,10000000.0,massive_planetesimal,706,MP_705,107.22383185035295,0.002862110905611353,0.6556917709086075
1000,10000000.0,massive_planetesimal,707,MP_706,95.5213597519042,0.007825738325107003,0.4951027048871735
1000,10000000.0,massive_planetesimal,708,MP_707,98.96377734551469,0.023094243860753375,0.4903507932986275
1000,10000000.0,massive_planetesimal,709,MP_708,100.35668456737113,0.02888914377705016,0.40808696799819116
1000,10000000.0,massive_planetesimal,710,MP_709,106.14850828405872,0.027005785213675467,0.7388673228114162
1000,10000000.0,massive_planetesimal,711,MP_710,102.30715804326968,0.020824729224528434,0.5977393882215701
1000,10000000.0,massive_planetesimal,712,MP_711,100.83104349524336,0.027732661042652193,0.6105795214783203
1000,10000000.0,massive_planetesimal,713,MP_712,103.0011094884048,0.012709585965846598,1.0325037541554059
1000,10000000.0,massive_planetesimal,714,MP_713,103.03929701562306,0.028040295375561863,0.5488466624103631
1000,10000000.0,massive_planetesimal,715,MP_714,97.09160408707855,0.03430663942803679,0.8763610067383418
1000,10000000.0,massive_planetesimal,716,MP_715,94.79684756085355,0.036002284222577376,0.27138805758928986
1000,10000000.0,massive_planetesimal,717,MP_716,101.97651539526629,0.010149413704843468,0.43980634771352395
1000,10000000.0,massive_planetesimal,718,MP_717,101.18043044576723,0.0066417199009227755,0.45743898928353677
1000,10000000.0,massive_planetesimal,719,MP_718,97.98018413907597,0.016238739921372567,0.5688173469539212
1000,10000000.0,massive_planetesimal,720,MP_719,98.61104242327079,0.03146942872014494,0.9987594010423188
1000,10000000.0,massive_planetesimal,721,MP_720,99.4133359960915,0.015927154497867704,0.7386082429271206
1000,10000000.0,massive_planetesimal,722,MP_721,96.27434556850281,0.0017672501257425667,0.5925337370775589
1000,10000000.0,massive_planetesimal,723,MP_722,94.93227658109198,0.01841802257224027,0.7235345497784812
1000,10000000.0,massive_planetesimal,724,MP_723,96.21914918524573,0.0289724554423159,0.7622888750879561
1000,10000000.0,massive_planetesimal,725,MP_724,107.77159801867775,0.007115733553600688,0.5837337785034239
1000,10000000.0,massive_planetesimal,726,MP_725,95.60716124495328,0.018116349702353266,0.21482125997125287
1000,10000000.0,massive_planetesimal,727,MP_726,107.76241451523136,0.02822430315296227,0.28949056213869434
1000,10000000.0,massive_planetesimal,728,MP_727,99.18902638309152,0.020160394981717372,0.8762619048787121
1000,10000000.0,massive_planetesimal,729,MP_728,97.26814014372654,0.020417183651422418,0.8439218422933816
1000,10000000.0,massive_planetesimal,730,MP_729,104.44667757407248,0.027253489286667966,0.538744644804613
1000,10000000.0,massive_planetesimal,731,MP_730,98.71325649107531,0.025569092895225003,0.9665287594151242
1000,10000000.0,massive_planetesimal,732,MP_731,100.76856867395644,0.012274026459575824,1.066744320188722
1000,10000000.0,massive_planetesimal,733,MP_732,105.83383539259096,0.028966252102329643,0.6159168204712796
1000,10000000.0,massive_planetesimal,734,MP_733,96.87370976358405,0.02114400136813084,0.4989136244326014
1000,10000000.0,massive_planetesimal,735,MP_734,97.71493422231848,0.009995076163516,0.2302544866403361
1000,10000000.0,massive_planetesimal,736,MP_735,95.03630617149678,0.019965814540627937,0.8246637454918399
1000,10000000.0,massive_planetesimal,737,MP_736,102.06990155502989,0.010469893925829048,0.8341753802475311
1000,10000000.0,massive_planetesimal,738,MP_737,98.81648551027065,0.027989840534927035,0.6619042886079313
1000,10000000.0,massive_planetesimal,739,MP_738,93.67137704704808,0.015191136224275403,1.0052789370866164
1000,10000000.0,massive_planetesimal,740,MP_739,104.73307578435157,0.037298146903187016,0.6473511526686743
1000,10000000.0,massive_planetesimal,741,MP_740,95.48298306862256,0.019040118999671573,0.740009866666715
1000,10000000.0,massive_planetesimal,742,MP_741,100.71058585277432,0.02034431669980873,0.6391633791397322
1000,10000000.0,massive_planetesimal,743,MP_742,103.06357697198227,0.015384406676523462,0.7138477634125149
1000,10000000.0,massive_planetesimal,744,MP_743,93.43573292096985,0.021769935139570328,0.8611783352732789
1000,10000000.0,massive_planetesimal,745,MP_744,97.5534533434525,0.027123279040196617,0.6192240723104615
1000,10000000.0,massive_planetesimal,746,MP_745,107.7092906759937,0.03384961968750882,0.2953012495504228
1000,10000000.0,massive_planetesimal,747,MP_746,106.0306999435556,0.004721931360158988,0.6777209425616721
1000,10000000.0,massive_planetesimal,748,MP_747,105.5881817656673,0.019744711721028697,0.24715184089181827
1000,10000000.0,massive_planetesimal,749,MP_748,93.91138263026242,0.01730026609023682,0.6133645116439406
1000,10000000.0,massive_planetesimal,750,MP_749,92.73436873439769,0.032355266004687744,0.40958315212838453
1000,10000000.0,massive_planetesimal,751,MP_750,96.98510724637812,0.03562583775938391,0.8086403181526336
1000,10000000.0,massive_planetesimal,752,MP_751,99.27456911850079,0.019869309369995553,0.6572513349874168
1000,10000000.0,massive_planetesimal,753,MP_752,95.40282853313566,0.0337645241295015,0.5374269180529674
1000,10000000.0,massive_planetesimal,754,MP_753,104.46577882796157,0.011701976398956041,0.9749819423691379
1000,10000000.0,massive_planetesimal,755,MP_754,107.50528745817556,0.016977390949469706,0.2742209396098132
1000,10000000.0,massive_planetesimal,756,MP_755,103.88543275922983,0.03404564320896243,0.430716097307037
1000,10000000.0,massive_planetesimal,757,MP_756,99.78713800196672,0.004126352668303648,0.35453320408560524
1000,10000000.0,massive_planetesimal,758,MP_757,101.16285002807675,0.013180314643669295,0.5840734055484338
1000,10000000.0,massive_planetesimal,759,MP_758,104.30680174413874,0.029276533700207812,0.7386168362327966
1000,10000000.0,massive_planetesimal,760,MP_759,100.8665295096656,0.006335330940216975,0.9044794859496225
1000,10000000.0,massive_planetesimal,761,MP_760,105.46785863196587,0.021563211042933274,0.2691253125045147
1000,10000000.0,massive_planetesimal,762,MP_761,107.26374917856397,0.01582701796271902,0.35390512060114543
1000,10000000.0,massive_planetesimal,763,MP_762,102.02767264516008,0.04201665580111545,0.8839173311582915
1000,10000000.0,massive_planetesimal,764,MP_763,96.64435801758036,0.02759091322156416,0.24067926984774712
1000,10000000.0,massive_planetesimal,765,MP_764,96.72048902571768,0.04394780921078883,0.747657093819337
1000,10000000.0,massive_planetesimal,766,MP_765,104.05740941745812,0.03108250832940685,0.09147986610034888
1000,10000000.0,massive_planetesimal,767,MP_766,97.6367595385276,0.023171018282902245,0.425540985647499
1000,10000000.0,massive_planetesimal,768,MP_767,108.58232367943327,0.019845363933181016,0.48137788712126045
1000,10000000.0,massive_planetesimal,769,MP_768,95.92053547571834,0.026917300993347024,0.7562143545549126
1000,10000000.0,massive_planetesimal,770,MP_769,96.07480834412564,0.02634693174756538,0.38920265278880967
1000,10000000.0,massive_planetesimal,771,MP_770,99.06475141042007,0.022002211450686354,0.5054607691914144
1000,10000000.0,massive_planetesimal,772,MP_771,106.13816958539898,0.009591426812607598,0.21309026707866677
1000,10000000.0,massive_planetesimal,773,MP_772,107.04976037842408,0.028421373791092948,0.6004219828140034
1000,10000000.0,massive_planetesimal,774,MP_773,97.75011814155114,0.022483029305228244,0.6267566714606445
1000,10000000.0,massive_planetesimal,775,MP_774,92.2232629531143,0.01996862201546243,0.3765748032353138
1000,10000000.0,massive_planetesimal,776,MP_775,105.79325620850065,0.004142251397851392,0.7582641540514259
1000,10000000.0,massive_planetesimal,777,MP_776,105.77833740493854,0.024646416126517908,0.11694196199870714
1000,10000000.0,massive_planetesimal,778,MP_777,100.48023621615268,0.0044811163233764995,0.4558848848818683
1000,10000000.0,massive_planetesimal,779,MP_778,103.19237378208102,0.007583416086826816,0.6706127032720836
1000,10000000.0,massive_planetesimal,780,MP_779,100.57655848127631,0.02004694176878369,0.8165721688473897
1000,10000000.0,massive_planetesimal,781,MP_780,104.56976112217316,0.005926441503927475,0.20102452665324166
1000,10000000.0,massive_planetesimal,782,MP_781,98.32823905122977,0.04266298467325089,0.13182206155194276
1000,10000000.0,massive_planetesimal,783,MP_782,104.08216504964878,0.0036116085799907847,1.3227706560566121
1000,10000000.0,massive_planetesimal,784,MP_783,100.36259593930977,0.038352394765297754,0.2334737748980914
1000,10000000.0,massive_planetesimal,785,MP_784,97.98750493490641,0.02661655844413381,0.5189359614889215
1000,10000000.0,massive_planetesimal,786,MP_785,101.07167320247494,0.03032320165730478,0.5814910316636114
1000,10000000.0,massive_planetesimal,787,MP_786,100.93313815707714,0.028673054771999273,0.739742958991989
1000,10000000.0,massive_planetesimal,788,MP_787,98.95449332712863,0.013039656563252051,0.2397833371305516
1000,10000000.0,massive_planetesimal,789,MP_788,99.88425857799147,0.043299730901367975,0.6616098861541693
1000,10000000.0,massive_planetesimal,790,MP_789,101.62121955835178,0.013177171929126291,1.0058233704423234
1000,10000000.0,massive_planetesimal,791,MP_790,95.68546269631601,0.008991839210579307,0.18343091494501867
1000,10000000.0,massive_planetesimal,792,MP_791,103.22405373336042,0.02377337004133789,1.119896813991654
1000,10000000.0,massive_planetesimal,793,MP_792,97.11921548251055,0.017447716413936047,0.9391849482241801
1000,10000000.0,massive_planetesimal,794,MP_793,95.54570779057937,0.01288558181475883,0.5634322898809118
1000,10000000.0,massive_planetesimal,795,MP_794,101.53640509193606,0.021739091145266693,0.7432096591285084
1000,10000000.0,massive_planetesimal,796,MP_795,98.38205279601476,0.016630855678530804,1.0386432423090584
1000,10000000.0,massive_planetesimal,797,MP_796,101.18447588904135,0.009782062321851848,0.654590179569844
1000,10000000.0,massive_planetesimal,798,MP_797,107.60287606720959,0.01231421318321382,0.19576785899346408
1000,10000000.0,massive_planetesimal,799,MP_798,98.70401382161684,0.028259356505625947,1.576130356589215
1000,10000000.0,massive_planetesimal,800,MP_799,98.31409873139746,0.011832780785364018,0.6049499967385081
