snapshot,time_yr,role,particle_index,name,a_AU,e,inc_deg
0,0.0,star,0,star,,,
0,0.0,massive_planetesimal,1,MP_0,102.73956048555965,1.4044110072074693e-05,2.7467107044607688e-05
0,0.0,massive_planetesimal,2,MP_1,102.61139701990359,2.5154057769120742e-05,4.094554566467037e-06
0,0.0,massive_planetesimal,3,MP_2,101.43865120080666,2.6328371624844094e-05,1.4183953086968166e-05
0,0.0,massive_planetesimal,4,MP_3,103.27631171992583,2.0213260772015487e-05,2.426880686682541e-05
0,0.0,massive_planetesimal,5,MP_4,102.78383497073759,6.228438651521658e-06,1.4910515715604623e-05
0,0.0,massive_planetesimal,6,MP_5,102.44762155907816,3.096031143798852e-05,1.0421635496217848e-05
0,0.0,massive_planetesimal,7,MP_6,96.29921505335476,1.522255763942369e-05,7.244509618354405e-06
0,0.0,massive_planetesimal,8,MP_7,102.00265102002251,9.9957325240583e-06,2.6631716883818126e-05
0,0.0,massive_planetesimal,9,MP_8,101.82495503974978,4.472079475388414e-06,6.3890569402604e-06
0,0.0,massive_planetesimal,10,MP_9,102.0516537862634,2.4983328992970197e-05,1.4688877218970437e-05
0,0.0,massive_planetesimal,11,MP_10,101.6840296179047,1.5075078596514763e-05,1.8111274045886075e-05
0,0.0,massive_planetesimal,12,MP_11,100.59207160745409,9.726403138378433e-06,1.2074182697257333e-06
0,0.0,massive_planetesimal,13,MP_12,103.5340307326817,7.486063547552122e-06,1.9090959104164224e-06
0,0.0,massive_planetesimal,14,MP_13,100.57032152341282,2.5084742691454003e-05,2.1275929630452318e-05
0,0.0,massive_planetesimal,15,MP_14,95.22712073133854,2.8815315451784294e-06,2.313080647644551e-05
0,0.0,massive_planetesimal,16,MP_15,96.52312102713168,2.228225200267938e-05,1.4286365630539095e-05
0,0.0,massive_planetesimal,17,MP_16,98.61812610553395,2.8047974179368134e-06,3.7215130446689415e-06
0,0.0,massive_planetesimal,18,MP_17,97.65869961459518,3.1013644075056814e-05,2.4920832290610958e-05
0,0.0,massive_planetesimal,19,MP_18,95.963909621535,2.8883276689461166e-05,1.4589290462454084e-05
0,0.0,massive_planetesimal,20,MP_19,96.76772782939227,2.741165709113628e-05,2.4283820049125425e-05
0,0.0,massive_planetesimal,21,MP_20,100.84097968912737,2.0795091249604505e-05,2.561320938754782e-06
0,0.0,massive_planetesimal,22,MP_21,98.29861212332783,4.624774043371015e-06,3.306651113363206e-06
0,0.0,massive_planetesimal,23,MP_22,100.81061139700398,1.1099833744842448e-05,1.8899085298673496e-05
0,0.0,massive_planetesimal,24,MP_23,102.8273522725029,2.6473599973701596e-06,1.5556496191598024e-05
0,0.0,massive_planetesimal,25,MP_24,99.7348940105695,8.543221218648208e-06,1.0629396175241108e-05
0,0.0,massive_planetesimal,26,MP_25,103.2629192419436,2.867714469886402e-05,4.517745487845102e-06
0,0.0,massive_planetesimal,27,MP_26,97.81233783839012,2.1101524310284347e-05,2.3272184538673578e-05
0,0.0,massive_planetesimal,28,MP_27,97.30213990894879,1.1972017974976105e-06,1.7765878731478854e-05
0,0.0,massive_planetesimal,29,MP_28,98.17138892822716,3.049278064232501e-05,9.313570918021479e-06
0,0.0,massive_planetesimal,30,MP_29,96.64607817582022,1.4371398204532052e-06,1.392462677356116e-05
0,0.0,massive_planetesimal,31,MP_30,103.90792490878525,2.8590292470295167e-05,1.6599256849472397e-05
0,0.0,massive_planetesimal,32,MP_31,98.73657728873711,3.0229333778816636e-06,2.38904112723793e-05
0,0.0,massive_planetesimal,33,MP_32,96.2275793241149,2.6595605508183702e-05,4.829673078902934e-06
0,0.0,massive_planetesimal,34,MP_33,96.96434665714574,9.930357532867476e-06,2.4876918895628062e-05
0,0.0,massive_planetesimal,35,MP_34,95.13936287708204,7.348992959805344e-06,4.26886823125797e-06
0,0.0,massive_planetesimal,36,MP_35,101.9426243564289,1.859573149498912e-05,6.3890569402604e-06
0,0.0,massive_planetesimal,37,MP_36,96.31057751557312,3.9601217169455505e-06,2.9674008194930117e-05
0,0.0,massive_planetesimal,38,MP_37,101.6286421276358,3.057994422561057e-05,9.155702348202485e-06
0,0.0,massive_planetesimal,39,MP_38,101.33975111681082,3.3887169202208836e-06,4.436338000413295e-06
0,0.0,massive_planetesimal,40,MP_39,104.33023221600216,2.573954929986136e-05,1.4959322771548181e-05
0,0.0,massive_planetesimal,41,MP_40,103.29428614882727,2.549814682595322e-05,7.443026089337888e-06
0,0.0,massive_planetesimal,42,MP_41,101.03107157338725,1.3202290216797773e-05,1.198328416961092e-05
0,0.0,massive_planetesimal,43,MP_42,99.53896882076305,7.930866014848063e-06,7.588506156264597e-06
0,0.0,massive_planetesimal,44,MP_43,95.66558856955177,1.9021877240125193e-05,4.676310850554341e-06
0,0.0,massive_planetesimal,45,MP_44,104.20970472487457,5.297015127961127e-06,9.115808030550376e-06
0,0.0,massive_planetesimal,46,MP_45,95.55395409164257,5.588527069933682e-06,1.4787793334710982e-06
0,0.0,massive_planetesimal,47,MP_46,98.17991096952046,1.6144839584552177e-05,2.8005857894382053e-05
0,0.0,massive_planetesimal,48,MP_47,97.36744871104399,7.980402426666414e-06,1.8271553931657168e-05
0,0.0,massive_planetesimal,49,MP_48,100.23752948717635,3.2535008927262928e-06,2.6672741375736855e-05
0,0.0,massive_planetesimal,50,MP_49,103.43574951597758,2.8884900605657853e-05,3.1346401449249455e-05
0,0.0,massive_planetesimal,51,MP_50,102.78996354578129,4.3056706692891825e-06,1.716063790683883e-05
0,0.0,massive_planetesimal,52,MP_51,98.85089496100358,2.0466024679300175e-05,8.537736462515945e-06
0,0.0,massive_planetesimal,53,MP_52,97.32569940528872,1.1760377923579901e-05,1.1737447080919157e-05
0,0.0,massive_planetesimal,54,MP_53,97.96876474571286,3.0363453654943462e-05,2.9315658079272248e-05
0,0.0,massive_planetesimal,55,MP_54,103.48560488773624,2.088279489786567e-05,2.5740956860258367e-05
0,0.0,massive_planetesimal,56,MP_55,102.34893162310291,6.476946979973121e-06,2.2230927998283902e-05
0,0.0,massive_planetesimal,57,MP_56,95.95095748229937,2.3222900104706013e-05,2.699869328381916e-06
0,0.0,massive_planetesimal,58,MP_57,103.00884176085103,1.899782414284945e-05,2.5037558139104298e-05
0,0.0,massive_planetesimal,59,MP_58,100.90075895358312,3.041574321903102e-06,1.971089523601067e-05
0,0.0,massive_planetesimal,60,MP_59,99.6598515298123,1.6724216816215675e-05,2.4448356591142834e-05
0,0.0,massive_planetesimal,61,MP_60,104.31236235690102,3.8314748321178086e-06,3.6222548091772e-06
0,0.0,massive_planetesimal,62,MP_61,102.74321416141845,2.1479405225772956e-05,1.0697753125226707e-05
0,0.0,massive_planetesimal,63,MP_62,98.6419201777206,1.0062079366022566e-05,5.0509930079323e-06
0,0.0,massive_planetesimal,64,MP_63,98.83319822777403,2.3349942678149685e-05,1.7683628851157155e-05
0,0.0,massive_planetesimal,65,MP_64,98.76359473480827,3.157220943764362e-05,2.2972699315936647e-05
0,0.0,massive_planetesimal,66,MP_65,101.3707388399121,3.901493706613264e-06,1.8841142131235978e-05
0,0.0,massive_planetesimal,67,MP_66,103.25399511196318,9.451488810911301e-06,1.4688877218970437e-05
0,0.0,massive_planetesimal,68,MP_67,102.81294035431519,3.538829151838751e-06,3.189961593642046e-05
0,0.0,massive_planetesimal,69,MP_68,96.0641953187138,3.197135137515259e-05,2.1310162845882393e-05
0,0.0,massive_planetesimal,70,MP_69,95.28999503204466,7.70649785711975e-06,4.517745487845102e-06
0,0.0,massive_planetesimal,71,MP_70,101.56269039327489,1.1572067359530591e-06,0.0
0,0.0,massive_planetesimal,72,MP_71,97.3855282062739,2.718108297354139e-05,1.9090959104164224e-06
0,0.0,massive_planetesimal,73,MP_72,101.98120783978642,2.6815366996646336e-05,1.2074182697257333e-06
0,0.0,massive_planetesimal,74,MP_73,102.45188128328846,2.016037902663131e-05,2.722721505217398e-05
0,0.0,massive_planetesimal,75,MP_74,97.70758751317803,2.2716950312615754e-05,3.136964683727848e-05
0,0.0,massive_planetesimal,76,MP_75,95.42350551580164,2.829266276369504e-05,2.270139012036184e-05
0,0.0,massive_planetesimal,77,MP_76,104.80027179554199,1.4673940558799034e-05,2.5095717469822675e-05
0,0.0,massive_planetesimal,78,MP_77,104.46024453558098,9.642964240669127e-06,1.850937158160324e-05
0,0.0,massive_planetesimal,79,MP_78,96.48438989920065,1.6267287630576524e-05,1.2948118433879161e-05
0,0.0,massive_planetesimal,80,MP_79,97.78075545781259,9.750547320232374e-06,1.3713635377634418e-05
0,0.0,massive_planetesimal,81,MP_80,99.08783109428698,6.964112854337018e-06,1.8841142131235978e-05
0,0.0,massive_planetesimal,82,MP_81,99.74132675090166,7.21897178285718e-06,1.8311404696405027e-05
0,0.0,massive_planetesimal,83,MP_82,101.5243305652103,1.0118852858437188e-05,2.5197173281906035e-05
0,0.0,massive_planetesimal,84,MP_83,98.60657334450259,1.640765582699826e-05,2.356786440354151e-05
0,0.0,massive_planetesimal,85,MP_84,100.20275114740572,2.5595853144441725e-05,1.0029569411827041e-05
0,0.0,massive_planetesimal,86,MP_85,95.72059147072943,2.6943782753343993e-05,1.7075472925031877e-06
0,0.0,massive_planetesimal,87,MP_86,98.13893369801993,2.376616213499782e-05,8.537736462515939e-07
0,0.0,massive_planetesimal,88,MP_87,96.53612899060639,1.922689305455783e-05,3.818191820832846e-06
0,0.0,massive_planetesimal,89,MP_88,102.72104891354593,9.95076831729009e-06,2.2000207897163392e-05
0,0.0,massive_planetesimal,90,MP_89,95.10727644975674,6.6898450750855385e-06,1.6817390473705895e-05
0,0.0,massive_planetesimal,91,MP_90,104.89133002683603,1.7791021696979177e-05,2.6849789854007865e-05
0,0.0,massive_planetesimal,92,MP_91,98.92572715841926,2.5615770769070927e-06,2.4163453409354298e-05
0,0.0,massive_planetesimal,93,MP_92,96.80926652230869,2.9027315908972482e-05,1.4787793334710982e-06
0,0.0,massive_planetesimal,94,MP_93,100.86445173014795,1.5785279227202035e-05,2.699869328381916e-06
0,0.0,massive_planetesimal,95,MP_94,101.49149050134271,2.144650417158125e-05,2.4418523320004626e-05
0,0.0,massive_planetesimal,96,MP_95,98.3845648329733,2.7023323944893295e-05,1.5462498375200197e-05
0,0.0,massive_planetesimal,97,MP_96,104.0955224387134,1.878796609793242e-05,2.7213825715218644e-05
0,0.0,massive_planetesimal,98,MP_97,96.04979715896073,1.2753680214401274e-05,2.9352931658318245e-05
0,0.0,massive_planetesimal,99,MP_98,96.9160300966271,7.943402171015241e-07,2.9661723363853052e-05
0,0.0,massive_planetesimal,100,MP_99,95.07314456293011,8.896707411463144e-06,2.2491710265994076e-05
0,0.0,massive_planetesimal,101,MP_100,99.77505873627729,2.436584202181879e-05,2.8902476314888416e-05
0,0.0,massive_planetesimal,102,MP_101,103.66801438261932,3.6513302777308346e-06,2.3428270691461952e-05
0,0.0,massive_planetesimal,103,MP_102,104.69815116705567,3.150649860594825e-05,9.234973977599935e-06
0,0.0,massive_planetesimal,104,MP_103,96.23869774864222,1.3103027288816602e-06,2.4862263861133457e-05
0,0.0,massive_planetesimal,105,MP_104,104.77916979073835,1.3170432070067776e-05,2.5413214731393306e-05
0,0.0,massive_planetesimal,106,MP_105,104.2470166721988,2.6322658899426858e-05,1.2074182697257333e-06
0,0.0,massive_planetesimal,107,MP_106,101.75305628667482,2.282426228193244e-05,2.4759435741296416e-05
0,0.0,massive_planetesimal,108,MP_107,95.48963709823282,7.505124813732546e-06,1.98949412011025e-05
0,0.0,massive_planetesimal,109,MP_108,101.77287399364398,9.474332521007597e-07,1.2835032264144346e-05
0,0.0,massive_planetesimal,110,MP_109,103.52781129631919,1.1137005548817713e-05,2.7294063213316153e-05
0,0.0,massive_planetesimal,111,MP_110,97.74825050755068,2.8369841989387537e-05,5.9764155237611605e-06
0,0.0,massive_planetesimal,112,MP_111,103.07431605976282,3.195978784209975e-05,9.468807791963592e-06
0,0.0,massive_planetesimal,113,MP_112,104.97580037262912,2.2428192324028064e-05,1.9071858590023166e-05
0,0.0,massive_planetesimal,114,MP_113,96.34366913313063,1.1692110822365708e-05,2.091309789151873e-06
0,0.0,massive_planetesimal,115,MP_114,101.34540264951798,1.0985358796104551e-05,1.3472320895799749e-05
0,0.0,massive_planetesimal,116,MP_115,97.84540875111821,2.870389756114322e-05,7.491833340751661e-06
0,0.0,massive_planetesimal,117,MP_116,102.42317949417973,1.8903833413348254e-05,2.0913097891518843e-05
0,0.0,massive_planetesimal,118,MP_117,96.55441564083416,2.797805968914031e-05,9.075738350724584e-06
0,0.0,massive_planetesimal,119,MP_118,99.38386258584191,1.5240233874647767e-05,3.1830989935233354e-05
0,0.0,massive_planetesimal,120,MP_119,102.87589836229331,5.925739037920218e-06,1.7990127040434818e-05
0,0.0,massive_planetesimal,121,MP_120,100.12732064300116,1.3855119772061982e-05,1.2074182697257333e-06
0,0.0,massive_planetesimal,122,MP_121,97.46066611504939,2.0969738855438464e-06,1.4564287375591707e-05
0,0.0,massive_planetesimal,123,MP_122,96.11600368249219,1.2304140095708869e-05,1.9090959104164224e-06
0,0.0,massive_planetesimal,124,MP_123,98.94125777178103,1.3331508258738653e-05,0.0
0,0.0,massive_planetesimal,125,MP_124,100.0816735581287,1.566406420793153e-05,1.0663629423853027e-05
0,0.0,massive_planetesimal,126,MP_125,97.60348543415255,1.0319694110933983e-05,7.73124918760008e-06
0,0.0,massive_planetesimal,127,MP_126,98.30735742054868,2.9772307762798606e-05,1.4787793334710982e-06
0,0.0,massive_planetesimal,128,MP_127,95.47374020005488,4.422571892698143e-06,2.94025562612171e-05
0,0.0,massive_planetesimal,129,MP_128,96.10629467562205,1.984477717228544e-05,7.73124918760008e-06
0,0.0,massive_planetesimal,130,MP_129,95.04741392911876,2.7307822699116024e-05,1.980313203006426e-05
0,0.0,massive_planetesimal,131,MP_130,97.54263483754154,2.9401397789009145e-05,1.45392412910642e-05
0,0.0,massive_planetesimal,132,MP_131,103.13159345820112,1.0188771770460876e-05,2.5584734437791434e-05
0,0.0,massive_planetesimal,133,MP_132,98.1763563436356,2.499468578572914e-06,8.537736462515939e-07
0,0.0,massive_planetesimal,134,MP_133,102.25183320850864,2.2658919542154283e-05,2.362964134936995e-05
0,0.0,massive_planetesimal,135,MP_134,96.26026341746622,4.59899716627074e-06,2.218169000206661e-05
0,0.0,massive_planetesimal,136,MP_135,95.04007604733339,5.305536605741527e-07,3.1773688376733324e-05
0,0.0,massive_planetesimal,137,MP_136,103.8038030012769,1.715841321968518e-05,1.9913252241518953e-05
0,0.0,massive_planetesimal,138,MP_137,97.94755193202764,2.1235873493289377e-05,2.6768220683679767e-05
0,0.0,massive_planetesimal,139,MP_138,103.73888497903799,8.117264210023663e-06,1.9543772052848047e-05
0,0.0,massive_planetesimal,140,MP_139,102.25769634715428,1.8142009450521397e-05,2.426880686682541e-05
0,0.0,massive_planetesimal,141,MP_140,95.12469877941214,2.547291380202598e-05,1.6643112294063987e-05
0,0.0,massive_planetesimal,142,MP_141,98.95007240040552,2.1842611142725668e-05,4.829673078902934e-06
0,0.0,massive_planetesimal,143,MP_142,103.58982860557705,2.9202647812124967e-05,6.776618231767655e-06
0,0.0,massive_planetesimal,144,MP_143,98.79052695037305,1.6544623579017357e-05,2.3737364141224494e-05
0,0.0,massive_planetesimal,145,MP_144,96.04615096804774,2.892714530804167e-05,2.7704921932800045e-05
0,0.0,massive_planetesimal,146,MP_145,102.43600365107653,7.404830268948181e-07,3.1346401449249455e-05
0,0.0,massive_planetesimal,147,MP_146,98.94629888150085,1.021223963490031e-05,1.9487745835180195e-05
0,0.0,massive_planetesimal,148,MP_147,104.353813695665,1.4964488212170299e-05,6.273929367455621e-06
0,0.0,massive_planetesimal,149,MP_148,96.62871500554552,2.190598634845581e-05,1.0866764427531615e-05
0,0.0,massive_planetesimal,150,MP_149,102.53504563000251,2.8193153661881436e-05,8.913658556096819e-06
0,0.0,massive_planetesimal,151,MP_150,99.68416641246765,8.302074875601775e-06,1.4787793334710982e-06
0,0.0,massive_planetesimal,152,MP_151,99.95506556628615,3.5421463689168437e-06,8.099607985145754e-06
0,0.0,massive_planetesimal,153,MP_152,104.01641853566441,3.150619546404391e-05,3.1416086014201565e-05
0,0.0,massive_planetesimal,154,MP_153,98.04466526476031,1.76927441302964e-05,3.078324659199975e-06
0,0.0,massive_planetesimal,155,MP_154,96.65311323367284,8.104175180810417e-06,5.122641877509565e-06
0,0.0,massive_planetesimal,156,MP_155,97.96032862910027,1.1880084386867678e-05,1.2976235988020372e-05
0,0.0,massive_planetesimal,157,MP_156,104.41538856738096,3.86097079817262e-06,2.867459515372585e-05
0,0.0,massive_planetesimal,158,MP_157,96.79492072346092,1.32341738020718e-05,1.4388049231413678e-05
0,0.0,massive_planetesimal,159,MP_158,103.74575139855571,1.0858308663792401e-05,1.698988104306101e-05
0,0.0,massive_planetesimal,160,MP_159,104.40019010807511,2.8415642515693653e-05,2.4876918895628062e-05
0,0.0,massive_planetesimal,161,MP_160,100.3656801357709,1.3906018710281144e-05,4.182619578303747e-06
0,0.0,massive_planetesimal,162,MP_161,104.53205524905191,5.234460086750811e-06,1.774535200165325e-05
0,0.0,massive_planetesimal,163,MP_162,96.1895331074021,2.9339149044098293e-05,1.0280796110218938e-05
0,0.0,massive_planetesimal,164,MP_163,100.31886091346068,5.991646227830388e-06,3.1635741176608346e-05
0,0.0,massive_planetesimal,165,MP_164,96.52877122126328,2.9461307464525097e-05,1.0933637455190016e-05
0,0.0,massive_planetesimal,166,MP_165,101.22708744988208,2.4026834711758826e-05,2.539886913909499e-05
0,0.0,massive_planetesimal,167,MP_166,101.39013649264159,7.388072307076762e-08,3.178515695259018e-05
0,0.0,massive_planetesimal,168,MP_167,96.2903005718204,4.874454725098433e-06,2.0240018397643986e-05
0,0.0,massive_planetesimal,169,MP_168,102.26180128383898,1.475518176471225e-05,2.1103930611372405e-05
0,0.0,massive_planetesimal,170,MP_169,98.42713642754948,5.671536040568685e-06,2.1699963539503996e-05
0,0.0,massive_planetesimal,171,MP_170,103.92487689687326,2.3987795805528913e-05,3.1750738797446756e-05
0,0.0,massive_planetesimal,172,MP_171,104.47535599665996,1.1722735633800803e-05,2.3614212264245028e-05
0,0.0,massive_planetesimal,173,MP_172,100.08934151751349,2.9026762461381856e-05,1.3418106104862006e-05
0,0.0,massive_planetesimal,174,MP_173,99.4005010823355,4.0258245862368945e-06,2.9575586669421963e-06
0,0.0,massive_planetesimal,175,MP_174,95.19766445342682,1.0449498965424235e-05,6.331754823653221e-06
0,0.0,massive_planetesimal,176,MP_175,101.67849158847983,4.139609710922214e-06,8.79013768592829e-06
0,0.0,massive_planetesimal,177,MP_176,104.10326910185253,6.480717053550372e-06,1.735073077195706e-05
0,0.0,massive_planetesimal,178,MP_177,97.55106931027386,2.001530102106439e-05,1.024528375501914e-05
0,0.0,massive_planetesimal,179,MP_178,95.2322758234676,1.2801966276551943e-05,2.8005857894382053e-05
0,0.0,massive_planetesimal,180,MP_179,103.53984376147234,1.0310901562023077e-05,1.7413633929712632e-05
0,0.0,massive_planetesimal,181,MP_180,97.44205000765886,2.9205498728295372e-05,2.9563260939914524e-05
0,0.0,massive_planetesimal,182,MP_181,102.64667228562007,2.4402882942436166e-05,1.5391623295999922e-05
0,0.0,massive_planetesimal,183,MP_182,97.89320136102336,8.24986911047921e-06,1.8763606237962374e-05
0,0.0,massive_planetesimal,184,MP_183,103.60569919294372,5.366384629313744e-06,0.0
0,0.0,massive_planetesimal,185,MP_184,96.38329070116038,2.4778748837716193e-05,3.7215130446689415e-06
0,0.0,massive_planetesimal,186,MP_185,96.5396358257763,1.3529610641667953e-05,1.9821527883571205e-05
0,0.0,massive_planetesimal,187,MP_186,96.37997517347911,2.530361516500228e-05,8.664856156940838e-06
0,0.0,massive_planetesimal,188,MP_187,103.32529284924009,5.643404160329026e-06,1.3553236463535334e-05
0,0.0,massive_planetesimal,189,MP_188,101.5268673486925,3.174534417686342e-05,3.197949347573169e-05
0,0.0,massive_planetesimal,190,MP_189,104.76664078216587,1.018644440404157e-05,1.4763126439582163e-05
0,0.0,massive_planetesimal,191,MP_190,98.53337695068461,2.5198843988464814e-05,2.6631716883818126e-05
0,0.0,massive_planetesimal,192,MP_191,102.48820779667045,2.5644461882639104e-05,1.571963993965638e-05
0,0.0,massive_planetesimal,193,MP_192,95.96095232971874,4.912816705348913e-06,1.7075472925031942e-05
0,0.0,massive_planetesimal,194,MP_193,99.3631665969426,2.4787964201258547e-05,1.2074182697257333e-06
0,0.0,massive_planetesimal,195,MP_194,96.46863734821407,2.7545631155845545e-05,2.634275661277943e-05
0,0.0,massive_planetesimal,196,MP_195,98.94481517938756,2.360952179540283e-05,8.233494873389921e-06
0,0.0,massive_planetesimal,197,MP_196,99.64679637857331,1.1772938887096651e-05,6.9884384818971375e-06
0,0.0,massive_planetesimal,198,MP_197,95.8598235011094,5.641323680449736e-06,5.663293681020318e-06
0,0.0,massive_planetesimal,199,MP_198,96.3721125779061,2.0913274422020597e-05,1.4337297576862813e-05
0,0.0,massive_planetesimal,200,MP_199,103.72858958774178,6.153621729125013e-06,7.091976543484069e-06
0,0.0,massive_planetesimal,201,MP_200,100.66420650809646,1.7629080591794448e-05,2.650826247094554e-05
0,0.0,massive_planetesimal,202,MP_201,101.0155845245601,1.555814641977977e-05,8.321556147031972e-06
0,0.0,massive_planetesimal,203,MP_202,100.6122306789004,1.233182338765419e-05,8.706816964856289e-06
0,0.0,massive_planetesimal,204,MP_203,101.76652382509648,2.1145347488456054e-06,0.0
0,0.0,massive_planetesimal,205,MP_204,96.71960351937024,2.848844677841543e-05,1.5032236230862699e-05
0,0.0,massive_planetesimal,206,MP_205,97.15178274628713,1.8744682404654362e-05,6.273929367455621e-06
0,0.0,massive_planetesimal,207,MP_206,97.0698515964084,1.3527489096900875e-05,5.663293681020318e-06
0,0.0,massive_planetesimal,208,MP_207,98.60758686518254,1.768653104099181e-06,1.1454575462498553e-05
0,0.0,massive_planetesimal,209,MP_208,103.8836545306284,2.9749331869357613e-05,3.1945284701301985e-06
0,0.0,massive_planetesimal,210,MP_209,96.2196896420963,2.727623417434576e-05,2.4148365394514843e-05
0,0.0,massive_planetesimal,211,MP_210,95.44175102944165,1.2840478853971777e-05,1.03514553342977e-05
0,0.0,massive_planetesimal,212,MP_211,96.70341193658517,3.1316292605077134e-05,1.5949807968210074e-05
0,0.0,massive_planetesimal,213,MP_212,98.97525024554996,1.871208648989712e-05,4.182619578303747e-06
0,0.0,massive_planetesimal,214,MP_213,103.66144606331027,1.8858597315797218e-05,1.1486349657968266e-05
0,0.0,massive_planetesimal,215,MP_214,104.26769391488995,2.984894782900032e-05,1.2518779069552075e-05
0,0.0,massive_planetesimal,216,MP_215,99.61817911449748,2.108010911401201e-05,1.774535200165325e-05
0,0.0,massive_planetesimal,217,MP_216,95.94639768249385,5.3140042376422325e-06,2.313080647644551e-05
0,0.0,massive_planetesimal,218,MP_217,102.55539542473429,8.237515594889577e-06,2.6466983033799646e-05
0,0.0,massive_planetesimal,219,MP_218,95.52575990323056,3.0256636512842955e-05,1.2576871163780067e-05
0,0.0,massive_planetesimal,220,MP_219,95.3854199932344,2.1773401781670373e-05,1.8010374798155028e-05
0,0.0,massive_planetesimal,221,MP_220,99.96417482439304,1.4904238091188204e-05,0.0
0,0.0,massive_planetesimal,222,MP_221,98.7306058755805,1.8082493140354494e-05,8.664856156940838e-06
0,0.0,massive_planetesimal,223,MP_222,100.3648792375225,3.089331051132892e-05,3.0830569058971685e-05
0,0.0,massive_planetesimal,224,MP_223,103.78147424655538,1.1982845966430647e-05,3.1945284701301985e-06
0,0.0,massive_planetesimal,225,MP_224,104.8214429631784,1.9430765775425322e-05,1.3633671807462767e-05
0,0.0,massive_planetesimal,226,MP_225,102.94750558417559,2.6806939461088252e-05,9.075738350724584e-06
0,0.0,massive_planetesimal,227,MP_226,100.20457443767228,1.4837622869853841e-05,2.208288465562367e-05
0,0.0,massive_planetesimal,228,MP_227,101.18714778169642,1.2830403158917676e-06,1.4763126439582163e-05
0,0.0,massive_planetesimal,229,MP_228,96.88474303012312,1.1012514498254424e-05,3.078324659199975e-06
0,0.0,massive_planetesimal,230,MP_229,104.7441712310884,2.5835289606712752e-06,2.082577768596124e-05
0,0.0,massive_planetesimal,231,MP_230,99.31076357637947,1.1487643528079e-06,1.7118108379478336e-05
0,0.0,massive_planetesimal,232,MP_231,102.05797003629488,9.656475734344905e-06,2.8889863407320775e-05
0,0.0,massive_planetesimal,233,MP_232,96.17504382252599,1.9143787940082084e-06,2.6713702866020766e-05
0,0.0,massive_planetesimal,234,MP_233,100.6744811354933,1.271146564690464e-05,1.4235251457258534e-05
0,0.0,massive_planetesimal,235,MP_234,96.89363491672847,9.153513658990046e-06,3.086601329645802e-05
0,0.0,massive_planetesimal,236,MP_235,103.30019179159032,3.122872129178328e-05,2.694464179159968e-05
0,0.0,massive_planetesimal,237,MP_236,100.45675694081051,1.739185904249838e-05,2.876343013799492e-05
0,0.0,massive_planetesimal,238,MP_237,99.56403857901842,1.236292663075364e-05,1.1581149199548762e-05
0,0.0,massive_planetesimal,239,MP_238,102.7986984387231,1.4274332573366911e-05,2.978434366079071e-05
0,0.0,massive_planetesimal,240,MP_239,97.0581979301301,3.1223552780508923e-05,6.9884384818971375e-06
0,0.0,massive_planetesimal,241,MP_240,97.36360435383548,1.5717645995188116e-06,4.90455619685548e-06
0,0.0,massive_planetesimal,242,MP_241,104.12448796295645,1.7191004278224122e-05,2.000455603180256e-05
0,0.0,massive_planetesimal,243,MP_242,103.64136829192724,3.0362979424154814e-05,1.1131846416284069e-05
0,0.0,massive_planetesimal,244,MP_243,104.45693651824473,1.2105914315813888e-05,2.4670956235889678e-05
0,0.0,massive_planetesimal,245,MP_244,101.5319188502282,2.153130862983161e-05,1.392462677356116e-05
0,0.0,massive_planetesimal,246,MP_245,104.3666969186512,6.012914529658976e-06,3.4150945850063763e-06
0,0.0,massive_planetesimal,247,MP_246,99.36667489338836,3.1834076570410786e-05,1.5556496191598024e-05
0,0.0,massive_planetesimal,248,MP_247,100.9295663114962,7.294968710732513e-06,2.0401438912201045e-05
0,0.0,massive_planetesimal,249,MP_248,103.9675537159069,1.521795754329744e-05,2.091309789151873e-06
0,0.0,massive_planetesimal,250,MP_249,99.28169863508874,2.041397581563076e-05,2.7400681053666684e-05
0,0.0,massive_planetesimal,251,MP_250,101.71854188614066,3.07387828001979e-05,1.186100256021862e-05
0,0.0,massive_planetesimal,252,MP_251,102.36573093115737,1.4710702862672101e-05,6.883343194785022e-06
0,0.0,massive_planetesimal,253,MP_252,101.26824982784208,2.3912633606148075e-05,2.8636438656246633e-05
0,0.0,massive_planetesimal,254,MP_253,96.5442308802214,6.325343432301582e-06,9.313570918021479e-06
0,0.0,massive_planetesimal,255,MP_254,102.08157553842639,5.605778171279619e-06,1.142271288210643e-05
0,0.0,massive_planetesimal,256,MP_255,98.08333203952841,4.072838346671898e-06,1.7621689505503623e-05
0,0.0,massive_planetesimal,257,MP_256,102.82211195267796,2.393568412650813e-05,2.6078557602338607e-05
0,0.0,massive_planetesimal,258,MP_257,98.60810561417514,5.643378445639579e-06,1.4959322771548181e-05
0,0.0,massive_planetesimal,259,MP_258,98.13846772111643,8.729738564985305e-06,4.182619578303747e-06
0,0.0,massive_planetesimal,260,MP_259,97.3599726262055,2.4420975674136433e-05,2.9759860020269187e-05
0,0.0,massive_planetesimal,261,MP_260,104.98829637333657,1.9632527511575512e-05,2.8457698550067317e-05
0,0.0,massive_planetesimal,262,MP_261,95.811540004239,5.05777774032725e-07,1.52966123677706e-05
0,0.0,massive_planetesimal,263,MP_262,100.52162703304431,2.677161731322815e-05,3.4150945850063763e-06
0,0.0,massive_planetesimal,264,MP_263,104.94824213620872,2.7933184524495888e-05,2.8470502914517292e-05
0,0.0,massive_planetesimal,265,MP_264,101.06299398192718,3.0041771334732427e-05,1.1033187042674263e-05
0,0.0,massive_planetesimal,266,MP_265,96.95185529818662,1.854251024994185e-06,3.037802939324305e-05
0,0.0,massive_planetesimal,267,MP_266,96.91921161411082,5.614791890286877e-06,2.598054388470835e-05
0,0.0,massive_planetesimal,268,MP_267,101.77708614454473,2.606316403293147e-05,7.540324677666867e-06
0,0.0,massive_planetesimal,269,MP_268,99.29957049900048,1.3840498983816771e-05,8.099607985145754e-06
0,0.0,massive_planetesimal,270,MP_269,103.35125791080728,6.818397900466271e-06,0.0
0,0.0,massive_planetesimal,271,MP_270,97.07998073708457,1.6605268559777008e-05,2.5924369670044465e-05
0,0.0,massive_planetesimal,272,MP_271,98.71543208406366,6.042765455386158e-06,6.2155659652833185e-06
0,0.0,massive_planetesimal,273,MP_272,101.4225241856799,2.2092862544475874e-05,3.145087039763466e-05
0,0.0,massive_planetesimal,274,MP_273,97.45875587005057,2.3354087881596203e-05,2.4148365394514843e-05
0,0.0,massive_planetesimal,275,MP_274,96.8537527280249,1.4842499535004396e-05,9.2743557084027e-06
0,0.0,massive_planetesimal,276,MP_275,97.6603087262167,8.772300597920094e-06,8.18910913293408e-06
0,0.0,massive_planetesimal,277,MP_276,97.24689474545876,2.7093473616095455e-05,1.277811388052082e-05
0,0.0,massive_planetesimal,278,MP_277,102.82905274171723,6.7499004316271025e-06,2.9352931658318245e-05
0,0.0,massive_planetesimal,279,MP_278,95.50535988650063,2.7757553263781237e-05,9.77188602642399e-06
0,0.0,massive_planetesimal,280,MP_279,102.80838354519051,3.0032366686497152e-05,2.330348540626799e-05
0,0.0,massive_planetesimal,281,MP_280,102.44770927816755,2.6256190203734206e-05,2.398177073107052e-05
0,0.0,massive_planetesimal,282,MP_281,100.02874936980355,1.6168861513427114e-05,1.866623346736378e-05
0,0.0,massive_planetesimal,283,MP_282,97.46725053479474,2.3568742966429206e-05,2.1699963539503996e-05
0,0.0,massive_planetesimal,284,MP_283,104.60626285628828,2.3098762631684693e-05,2.9365345670993478e-05
0,0.0,massive_planetesimal,285,MP_284,99.73932737638081,3.157211989969241e-05,2.9575586669421963e-06
0,0.0,massive_planetesimal,286,MP_285,102.87792850638871,1.2249061208868058e-05,3.135802629721045e-05
0,0.0,massive_planetesimal,287,MP_286,98.3685654383327,1.9403610887045292e-05,2.106936231525657e-05
0,0.0,massive_planetesimal,288,MP_287,102.11917810588578,1.803274358291211e-05,1.585814164606441e-05
0,0.0,massive_planetesimal,289,MP_288,95.30892837036026,1.26859595316837e-05,3.0245767406157296e-05
0,0.0,massive_planetesimal,290,MP_289,103.66608832153666,2.3874175326669234e-05,2.8342198958711723e-05
0,0.0,massive_planetesimal,291,MP_290,97.45699742994971,7.3838817689573154e-06,8.537736462515939e-07
0,0.0,massive_planetesimal,292,MP_291,102.43994722694994,1.7011613398329187e-05,1.5248884911748957e-05
0,0.0,massive_planetesimal,293,MP_292,103.88058695014867,2.597607587905773e-05,1.1197136397927998e-05
0,0.0,massive_planetesimal,294,MP_293,104.02892687630285,2.950072020801869e-05,1.059505231752994e-05
0,0.0,massive_planetesimal,295,MP_294,96.20110630101382,2.281745093785899e-06,3.167028430738275e-05
0,0.0,massive_planetesimal,296,MP_295,100.80240216742946,2.478135054596332e-05,2.0185924710546847e-05
0,0.0,massive_planetesimal,297,MP_296,102.12749693761306,1.4316568057420747e-05,1.1066171232981577e-05
0,0.0,massive_planetesimal,298,MP_297,97.60703781335948,4.913009482622003e-06,7.871404088081626e-06
0,0.0,massive_planetesimal,299,MP_298,103.56409630655743,2.4878293415738506e-06,2.447815350237319e-05
0,0.0,massive_planetesimal,300,MP_299,104.09796622733231,9.440614678892302e-06,1.8171544675186196e-05
0,0.0,massive_planetesimal,301,MP_300,101.10335388790187,1.9953483828370082e-05,4.26886823125797e-06
0,0.0,massive_planetesimal,302,MP_301,95.74070552738715,1.429884295680925e-05,1.3088102160853195e-05
0,0.0,massive_planetesimal,303,MP_302,102.4290630985808,7.585986463656986e-06,2.654947772641942e-05
0,0.0,massive_planetesimal,304,MP_303,99.99194225422222,1.9831020460213324e-05,2.969856261220141e-05
0,0.0,massive_planetesimal,305,MP_304,102.37515137297714,2.2992107364815784e-06,1.6489107943111647e-05
0,0.0,massive_planetesimal,306,MP_305,99.68320534694331,3.079039963308168e-05,1.4438622495364691e-05
0,0.0,massive_planetesimal,307,MP_306,95.00568129258946,1.3822261151904166e-05,2.461179318613434e-05
0,0.0,massive_planetesimal,308,MP_307,96.54283125413484,3.011444111197135e-05,5.3318147119265075e-06
0,0.0,massive_planetesimal,309,MP_308,99.12258596464075,2.4308577673920853e-05,7.393896667355496e-06
0,0.0,massive_planetesimal,310,MP_309,103.49730191401228,3.196251555056247e-05,7.143182815269534e-06
0,0.0,massive_planetesimal,311,MP_310,100.8244474153938,3.1792720740627746e-05,3.1693292145003206e-05
0,0.0,massive_planetesimal,312,MP_311,104.32933458453508,6.523540074277779e-06,1.6925403083538737e-05
0,0.0,massive_planetesimal,313,MP_312,104.85621101512014,3.15214942949613e-05,2.9003182112398563e-05
0,0.0,massive_planetesimal,314,MP_313,100.47282841204881,1.794487598597575e-05,1.6176701413239816e-05
0,0.0,massive_planetesimal,315,MP_314,98.33549926478348,1.0581663902865144e-05,4.094554566467037e-06
0,0.0,massive_planetesimal,316,MP_315,97.27867786552835,2.429891520076951e-05,1.7724801500257912e-05
0,0.0,massive_planetesimal,317,MP_316,101.55872860982838,8.800993299906017e-06,2.091309789151873e-06
0,0.0,massive_planetesimal,318,MP_317,103.48792113136086,4.972707815936178e-06,1.9412792688854636e-05
0,0.0,massive_planetesimal,319,MP_318,103.02752250212221,2.8577679511972614e-05,0.0
0,0.0,massive_planetesimal,320,MP_319,96.50039578248213,6.4892944836669515e-06,2.1121193543184415e-05
0,0.0,massive_planetesimal,321,MP_320,99.94063603661776,9.608701188586825e-06,1.5272767283331427e-05
0,0.0,massive_planetesimal,322,MP_321,98.52212493565128,2.2765099126580147e-05,0.0
0,0.0,massive_planetesimal,323,MP_322,102.7664843588872,2.593663090091142e-05,2.2781522350186147e-05
0,0.0,massive_planetesimal,324,MP_323,97.45566038809451,1.3616581648492025e-06,7.143182815269534e-06
0,0.0,massive_planetesimal,325,MP_324,103.24415542683495,2.962197339976979e-05,6.445849674396954e-06
0,0.0,massive_planetesimal,326,MP_325,104.51928790080908,3.856596163803733e-07,2.4403593007804733e-05
0,0.0,massive_planetesimal,327,MP_326,100.50323505697637,2.500996476480367e-06,2.71870272589746e-05
0,0.0,massive_planetesimal,328,MP_327,100.71841976521112,4.914552930868714e-06,2.367586827588284e-05
0,0.0,massive_planetesimal,329,MP_328,99.72468677564483,1.631457171402757e-05,9.993164321055812e-06
0,0.0,massive_planetesimal,330,MP_329,96.7480738623301,7.026546950637604e-06,1.4837004097464935e-05
0,0.0,massive_planetesimal,331,MP_330,103.59561133418896,1.2102416736066022e-05,2.7253973992344617e-05
0,0.0,massive_planetesimal,332,MP_331,97.57894009147799,2.217365089862717e-05,3.158962491130937e-05
0,0.0,massive_planetesimal,333,MP_332,98.39735947749027,2.279823275882998e-06,1.5201007603895785e-05
0,0.0,massive_planetesimal,334,MP_333,103.45699400646969,1.664230119252453e-05,2.6958164824717834e-05
0,0.0,massive_planetesimal,335,MP_334,96.15898865319254,2.8322975623158275e-05,1.567320072462458e-05
0,0.0,massive_planetesimal,336,MP_335,95.47372506729492,9.171000476859079e-06,4.517745487845102e-06
0,0.0,massive_planetesimal,337,MP_336,97.79636329102533,1.025394860247821e-06,1.9655345397318433e-05
0,0.0,massive_planetesimal,338,MP_337,95.1377735529405,7.945415932237971e-06,1.4589290462454084e-05
0,0.0,massive_planetesimal,339,MP_338,100.30441179603069,1.899249895878262e-05,0.0
0,0.0,massive_planetesimal,340,MP_339,96.00287398495244,2.505025810067563e-05,3.0161298710667795e-05
0,0.0,massive_planetesimal,341,MP_340,97.84807588649895,2.520177871614327e-05,2.0240018397643986e-05
0,0.0,massive_planetesimal,342,MP_341,99.44937761027,1.7503609202090915e-05,4.7536104815230715e-06
0,0.0,massive_planetesimal,343,MP_342,99.52507931524381,2.696494789511285e-05,1.03514553342977e-05
0,0.0,massive_planetesimal,344,MP_343,96.30921312146504,1.655087733609847e-06,3.0245767406157296e-05
0,0.0,massive_planetesimal,345,MP_344,99.23655120550599,2.976337661626946e-05,1.6086328072527303e-05
0,0.0,massive_planetesimal,346,MP_345,103.59530791809313,1.434407534659441e-05,8.954453545231656e-06
0,0.0,massive_planetesimal,347,MP_346,104.7652706641515,5.9674654323974135e-06,9.621540352629896e-06
0,0.0,massive_planetesimal,348,MP_347,101.80034935407892,5.8022866804177044e-06,2.158207384712059e-05
0,0.0,massive_planetesimal,349,MP_348,102.16751750163606,1.4928296420243303e-05,1.1549635809980122e-05
0,0.0,massive_planetesimal,350,MP_349,104.0009127814369,1.0964809473041833e-05,1.2074182697257333e-06
0,0.0,massive_planetesimal,351,MP_350,102.47110872687409,4.184058028178979e-06,2.582577078648157e-05
0,0.0,massive_planetesimal,352,MP_351,102.1358660990742,3.176985463242952e-05,1.0933637455190016e-05
0,0.0,massive_planetesimal,353,MP_352,96.77912488296143,1.9619501407622277e-05,0.0
0,0.0,massive_planetesimal,354,MP_353,96.08249441474858,7.68796634492216e-06,8.79013768592829e-06
0,0.0,massive_planetesimal,355,MP_354,98.78620927434511,1.2325367594945587e-05,1.0866764427531615e-05
0,0.0,massive_planetesimal,356,MP_355,97.0211430015646,2.4212781677722074e-05,3.171628329212913e-05
0,0.0,massive_planetesimal,357,MP_356,98.14581569035838,2.4766062036619487e-05,2.447815350237319e-05
0,0.0,massive_planetesimal,358,MP_357,102.66875568107199,2.5804759321482734e-05,9.88314448090898e-06
0,0.0,massive_planetesimal,359,MP_358,102.70090718158872,2.9846689705776086e-06,2.1000055014580763e-05
0,0.0,massive_planetesimal,360,MP_359,101.02410253091448,2.7419532541424075e-05,3.078324659199975e-06
0,0.0,massive_planetesimal,361,MP_360,99.48216087571168,8.486830595512065e-06,1.2576871163780067e-05
0,0.0,massive_planetesimal,362,MP_361,103.9374312871627,1.363107087408767e-05,1.0526028440638427e-05
0,0.0,massive_planetesimal,363,MP_362,100.02679324796064,4.85765545854393e-06,1.1262047877356564e-05
0,0.0,massive_planetesimal,364,MP_363,97.56721761535164,3.103269052251171e-05,2.511023625464716e-05
0,0.0,massive_planetesimal,365,MP_364,100.2646009063501,5.439312678051207e-06,2.619012413355009e-05
0,0.0,massive_planetesimal,366,MP_365,96.15186053314264,1.804359691103843e-05,2.3067693653563172e-05
0,0.0,massive_planetesimal,367,MP_366,95.67527314418045,1.6391775074871342e-05,8.2776426154535e-06
0,0.0,massive_planetesimal,368,MP_367,103.94728581714729,5.951181436195923e-06,1.0386604689550578e-05
0,0.0,massive_planetesimal,369,MP_368,96.56291321960974,3.332847801764371e-06,3.200227901013354e-05
0,0.0,massive_planetesimal,370,MP_369,104.22357638546002,2.8083002486858882e-06,3.6222548091772e-06
0,0.0,massive_planetesimal,371,MP_370,98.55164886993869,1.4478407514618476e-05,1.3309014001239913e-05
0,0.0,massive_planetesimal,372,MP_371,102.05272409477652,2.1489816872321686e-06,1.2074182697257333e-06
0,0.0,massive_planetesimal,373,MP_372,95.94021202168834,3.039524415720405e-05,2.3951356298121474e-05
0,0.0,massive_planetesimal,374,MP_373,98.68344164206349,1.7189524746475125e-05,9.507220963046152e-06
0,0.0,massive_planetesimal,375,MP_374,98.85921291463215,6.302705363706848e-06,8.365239156607497e-06
0,0.0,massive_planetesimal,376,MP_375,100.33905632722369,2.469953730735536e-05,1.210433051621537e-05
0,0.0,massive_planetesimal,377,MP_376,104.09797576517548,2.539752397636017e-05,1.7075472925031877e-06
0,0.0,massive_planetesimal,378,MP_377,99.58376291161512,2.9691345320706726e-06,1.7990127040434818e-05
0,0.0,massive_planetesimal,379,MP_378,102.23431368377288,2.7819578460277223e-05,2.0131685674646436e-05
0,0.0,massive_planetesimal,380,MP_379,103.69053786277001,1.165766261952465e-06,1.780686120515573e-05
0,0.0,massive_planetesimal,381,MP_380,99.20222479032442,6.0193353001121495e-06,1.0866764427531615e-05
0,0.0,massive_planetesimal,382,MP_381,103.88028758227559,2.4454731186488486e-05,6.3890569402604e-06
0,0.0,massive_planetesimal,383,MP_382,101.1052200421382,9.844111533181231e-06,9.583585410390605e-06
0,0.0,massive_planetesimal,384,MP_383,95.04857337777278,2.334384281160056e-05,3.035402462505872e-05
0,0.0,massive_planetesimal,385,MP_384,99.36136422649099,1.0388597347074008e-05,1.668685248064749e-05
0,0.0,massive_planetesimal,386,MP_385,104.95009417323803,2.5197852763288304e-06,1.2342862421580037e-05
0,0.0,massive_planetesimal,387,MP_386,96.74537131626779,2.4450433708780415e-05,1.5881107829924093e-05
0,0.0,massive_planetesimal,388,MP_387,99.03273582930345,2.5688742528140316e-06,8.408695236852925e-06
0,0.0,massive_planetesimal,389,MP_388,100.73640668795714,1.59359453056656e-05,1.8568350079179434e-05
0,0.0,massive_planetesimal,390,MP_389,99.2839264584147,2.207237915052261e-05,2.778374121562371e-05
0,0.0,massive_planetesimal,391,MP_390,96.70319088111837,2.212421199454342e-06,2.330348540626799e-05
0,0.0,massive_planetesimal,392,MP_391,103.6254780040832,2.6736966339577377e-05,2.831646840510158e-06
0,0.0,massive_planetesimal,393,MP_392,97.34703489051887,1.754474617204361e-05,1.3633671807462767e-05
0,0.0,massive_planetesimal,394,MP_393,104.89091939499903,4.8041458161062294e-06,2.6576919054392073e-05
0,0.0,massive_planetesimal,395,MP_394,101.65213965604124,2.192686781967308e-05,8.45192788808014e-06
0,0.0,massive_planetesimal,396,MP_395,99.62227930143663,1.0460747259874304e-05,9.77188602642399e-06
0,0.0,massive_planetesimal,397,MP_396,103.7210430200358,1.9267820538658548e-05,4.26886823125797e-06
0,0.0,massive_planetesimal,398,MP_397,96.50600594337266,2.757522283960026e-07,1.4787793334710982e-06
0,0.0,massive_planetesimal,399,MP_398,102.48070959079894,2.2995893070746183e-06,1.893761558392725e-05
0,0.0,massive_planetesimal,400,MP_399,100.95189352125423,3.171982810080645e-05,8.233494873389921e-06
0,0.0,massive_planetesimal,401,MP_400,100.96445099360277,2.5352666789528767e-05,2.4103044681323992e-05
0,0.0,massive_planetesimal,402,MP_401,100.55877404875761,9.517182691088247e-06,1.0526028440638427e-05
0,0.0,massive_planetesimal,403,MP_402,99.16912536718748,1.7198002347191526e-05,1.5579907034325894e-05
0,0.0,massive_planetesimal,404,MP_403,95.67374305133002,2.9806781737648067e-05,4.00455336570039e-06
0,0.0,massive_planetesimal,405,MP_404,104.002780996154,2.322243106308704e-05,2.091309789151873e-06
0,0.0,massive_planetesimal,406,MP_405,103.28197852489342,2.2987218021842742e-05,1.8763606237962374e-05
0,0.0,massive_planetesimal,407,MP_406,100.87521780528871,2.125903578977826e-05,1.4002928947190923e-05
0,0.0,massive_planetesimal,408,MP_407,97.02405279503759,1.7262008277591532e-05,1.5415284529485704e-05
0,0.0,massive_planetesimal,409,MP_408,100.82978262065562,1.872612324191646e-05,2.1034737209993527e-05
0,0.0,massive_planetesimal,410,MP_409,101.2476063468459,1.7200245201245313e-05,1.939400914049012e-05
0,0.0,massive_planetesimal,411,MP_410,103.72987215401703,2.172964980131126e-05,2.831646840510158e-06
0,0.0,massive_planetesimal,412,MP_411,103.2744085250875,1.8990600722867608e-05,1.891836025044376e-05
0,0.0,massive_planetesimal,413,MP_412,102.23320330967162,1.6632117110168926e-05,1.1768457563181822e-05
0,0.0,massive_planetesimal,414,MP_413,98.73383543258679,3.02125967064478e-05,1.6176701413239816e-05
0,0.0,massive_planetesimal,415,MP_414,103.1573063555106,1.2266969389021412e-05,2.4715235582738938e-05
0,0.0,massive_planetesimal,416,MP_415,104.59096063371113,1.2868418396660724e-05,1.7075472925031877e-06
0,0.0,massive_planetesimal,417,MP_416,100.52253120344011,6.7757152887649976e-06,2.621794158603666e-05
0,0.0,massive_planetesimal,418,MP_417,104.50496269802711,2.6532815691420373e-05,8.872676000826597e-06
0,0.0,massive_planetesimal,419,MP_418,100.32415319712862,2.055415717318626e-05,1.4812419152493543e-05
0,0.0,massive_planetesimal,420,MP_419,97.3273214667618,2.6772503884989483e-05,4.676310850554341e-06
0,0.0,massive_planetesimal,421,MP_420,96.63206684717787,1.802611973413646e-05,1.1799386545725382e-05
0,0.0,massive_planetesimal,422,MP_421,104.13433659813066,2.887967895735662e-05,2.6535746420754912e-05
0,0.0,massive_planetesimal,423,MP_422,101.90495551217812,5.274304190929375e-07,3.066462092303685e-05
0,0.0,massive_planetesimal,424,MP_423,95.12397213915791,1.6311509116020182e-05,1.6221699278780337e-05
0,0.0,massive_planetesimal,425,MP_424,100.27544874497178,1.2008900470234247e-05,3.1030884437340754e-05
0,0.0,massive_planetesimal,426,MP_425,100.43309176235957,1.5976968223185686e-05,2.05970127328611e-05
0,0.0,massive_planetesimal,427,MP_426,95.25040203005183,8.39643112764959e-06,1.486154837246863e-05
0,0.0,massive_planetesimal,428,MP_427,102.4673171483805,1.6530384155246736e-05,1.9318692315611825e-05
0,0.0,massive_planetesimal,429,MP_428,101.54995924201464,3.1857769586941276e-05,0.0
0,0.0,massive_planetesimal,430,MP_429,100.45204901222642,1.9837311366069175e-05,2.229640951859779e-05
0,0.0,massive_planetesimal,431,MP_430,95.26017403551572,2.6758392030394306e-05,2.4148365394514667e-06
0,0.0,massive_planetesimal,432,MP_431,98.34359226717386,5.311773167173486e-06,1.4438622495364691e-05
0,0.0,massive_planetesimal,433,MP_432,101.52567251767076,3.9811324396096184e-06,9.468807791963592e-06
0,0.0,massive_planetesimal,434,MP_433,104.42504619233475,3.0421274926745776e-05,1.314367821619951e-05
0,0.0,massive_planetesimal,435,MP_434,95.31581330692995,4.6130287656138064e-06,1.9655345397318433e-05
0,0.0,massive_planetesimal,436,MP_435,103.86645558127823,2.6216300337903233e-05,1.578904266095767e-05
0,0.0,massive_planetesimal,437,MP_436,96.97482051863278,2.754835739252768e-05,2.634275661277943e-05
0,0.0,massive_planetesimal,438,MP_437,97.28336231631926,2.9818377305316644e-05,1.8291490166645535e-05
0,0.0,massive_planetesimal,439,MP_438,97.88553006960949,7.722058815396162e-06,2.561320938754782e-06
0,0.0,massive_planetesimal,440,MP_439,100.2097563275577,1.3714973383858824e-05,1.4837004097464935e-05
0,0.0,massive_planetesimal,441,MP_440,102.16622756727317,2.4319520368069386e-05,1.8390847172212026e-05
0,0.0,massive_planetesimal,442,MP_441,102.29410459599305,2.5559994488452804e-05,2.1258792350482307e-05
0,0.0,massive_planetesimal,443,MP_442,103.13915683709575,2.382655230424832e-05,1.4489019236708837e-05
0,0.0,massive_planetesimal,444,MP_443,96.05942356990953,7.224806210109828e-06,2.6904031909000533e-05
0,0.0,massive_planetesimal,445,MP_444,99.91610334297458,2.5786142762984123e-05,2.864916313528216e-05
0,0.0,massive_planetesimal,446,MP_445,101.14281850471575,1.4312821981306604e-05,1.274955940040773e-05
0,0.0,massive_planetesimal,447,MP_446,99.72144451020647,2.6170729918788113e-05,2.3859880382880394e-05
0,0.0,massive_planetesimal,448,MP_447,96.5349220537419,1.864583877535188e-05,9.115808030550376e-06
0,0.0,massive_planetesimal,449,MP_448,97.55124656057629,1.635660042933278e-05,3.034201511929683e-05
0,0.0,massive_planetesimal,450,MP_449,103.7485084880516,5.307712950964681e-06,2.621794158603666e-05
0,0.0,massive_planetesimal,451,MP_450,101.88752212759924,1.7047693674492055e-05,1.2401778567452335e-05
0,0.0,massive_planetesimal,452,MP_451,103.92484337209657,7.35833657015056e-06,5.533085616490783e-06
0,0.0,massive_planetesimal,453,MP_452,97.49670378933835,4.463963135270745e-06,2.7533372779140336e-05
0,0.0,massive_planetesimal,454,MP_453,95.1214090092204,1.7807554896423916e-05,1.6400456182785058e-05
0,0.0,massive_planetesimal,455,MP_454,96.67937980598865,2.3706087412384893e-05,2.511023625464716e-05
0,0.0,massive_planetesimal,456,MP_455,95.02707273675797,9.560290259086977e-06,1.7765878731478854e-05
0,0.0,massive_planetesimal,457,MP_456,96.815231081097,1.6948007710699488e-05,2.262097403300073e-05
0,0.0,massive_planetesimal,458,MP_457,96.7497783748749,2.4473984019586962e-05,1.1549635809980122e-05
0,0.0,massive_planetesimal,459,MP_458,99.97025846217478,1.0539524699185941e-06,7.194024615706825e-06
0,0.0,massive_planetesimal,460,MP_459,103.82077709438099,2.5520550530073755e-05,2.782306712520834e-05
0,0.0,massive_planetesimal,461,MP_460,101.52787224491315,2.941150926630184e-05,3.1945284701301985e-06
0,0.0,massive_planetesimal,462,MP_461,99.45265465999387,2.1611023061584818e-05,2.6917575343993236e-05
0,0.0,massive_planetesimal,463,MP_462,103.8742289813674,1.5640120590213764e-06,2.4148365394514843e-05
0,0.0,massive_planetesimal,464,MP_463,97.5974225208664,4.327083583874324e-06,3.818191820832846e-06
0,0.0,massive_planetesimal,465,MP_464,97.16633438205874,2.2140322966528485e-05,2.196705006686931e-05
0,0.0,massive_planetesimal,466,MP_465,103.35862971269292,2.404461054024185e-06,2.366046933553774e-05
0,0.0,massive_planetesimal,467,MP_466,101.2676606432716,1.1305265581998489e-05,2.1750292088450306e-05
0,0.0,massive_planetesimal,468,MP_467,95.6130406577344,1.9067454423226386e-05,3.818191820832846e-06
0,0.0,massive_planetesimal,469,MP_468,96.83808123878508,5.304094299455638e-06,1.2074182697257333e-06
0,0.0,massive_planetesimal,470,MP_469,95.28292305638114,1.787757748705926e-05,9.035490975690211e-06
0,0.0,massive_planetesimal,471,MP_470,97.87809014961367,2.1732651790078254e-05,1.7075472925031877e-06
0,0.0,massive_planetesimal,472,MP_471,99.65212471563572,7.039790058679804e-06,2.6008585494473243e-05
0,0.0,massive_planetesimal,473,MP_472,99.62798937816785,2.6445137598992454e-05,2.18839356936812e-05
0,0.0,massive_planetesimal,474,MP_473,98.71711259829536,1.4611931340739118e-06,2.5168227639631914e-05
0,0.0,massive_planetesimal,475,MP_474,97.0942728145943,1.8810301746252013e-05,7.393896667355496e-06
0,0.0,massive_planetesimal,476,MP_475,98.80235583899302,1.380218500826004e-05,2.6078557602338607e-05
0,0.0,massive_planetesimal,477,MP_476,101.60868195924802,1.3813794597487232e-05,2.393613458937197e-05
0,0.0,massive_planetesimal,478,MP_477,98.17722334809287,3.3360069213160347e-06,1.3281600966983096e-05
0,0.0,massive_planetesimal,479,MP_478,104.30711181205642,1.1591145934904593e-06,1.98949412011025e-05
0,0.0,massive_planetesimal,480,MP_479,96.18485252354797,6.93741266318251e-06,8.79013768592829e-06
0,0.0,massive_planetesimal,481,MP_480,96.61869360628738,2.9941243395664488e-06,1.7580275371856632e-05
0,0.0,massive_planetesimal,482,MP_481,95.24229354087588,3.0123740840840334e-05,3.52019892386405e-06
0,0.0,massive_planetesimal,483,MP_482,101.17660240169998,1.952927845454539e-05,3.1566541514064386e-05
0,0.0,massive_planetesimal,484,MP_483,101.23071503562036,1.344267408961288e-05,1.2313298636799924e-05
0,0.0,massive_planetesimal,485,MP_484,98.79125061091548,2.0760796924510694e-05,3.09721026371867e-05
0,0.0,massive_planetesimal,486,MP_485,102.04396878977448,4.77389388420197e-06,1.7075472925031942e-05
0,0.0,massive_planetesimal,487,MP_486,97.44119075085568,2.7340569311137847e-05,8.537736462515939e-07
0,0.0,massive_planetesimal,488,MP_487,96.61045682819936,2.1572617628698557e-05,1.9090959104164224e-06
0,0.0,massive_planetesimal,489,MP_488,98.6518470302107,2.231303347164019e-05,1.9014441926092368e-05
0,0.0,massive_planetesimal,490,MP_489,101.66833285690454,1.509732823708215e-05,1.0280796110218938e-05
0,0.0,massive_planetesimal,491,MP_490,104.86625917524965,7.119432068168809e-06,2.6078557602338607e-05
0,0.0,massive_planetesimal,492,MP_491,98.24405664141612,2.5547226008153935e-05,3.065273310676416e-05
0,0.0,massive_planetesimal,493,MP_492,96.47946913304702,2.9228195409247725e-05,1.6555285230907042e-05
0,0.0,massive_planetesimal,494,MP_493,97.47946991660888,2.9248642024828285e-05,2.5513408025137336e-05
0,0.0,massive_planetesimal,495,MP_494,97.57150474030777,1.7374134584778834e-05,1.020964787746499e-05
0,0.0,massive_planetesimal,496,MP_495,99.6913343697212,2.0825992481386132e-05,4.094554566467037e-06
0,0.0,massive_planetesimal,497,MP_496,101.53905430621066,2.272003011919961e-05,2.290915092499722e-05
0,0.0,massive_planetesimal,498,MP_497,95.99509642865456,1.9400019822579505e-05,2.091309789151873e-06
0,0.0,massive_planetesimal,499,MP_498,96.60338124942871,1.953303422159911e-05,2.531262485224852e-05
0,0.0,massive_planetesimal,500,MP_499,100.6301076008636,1.5132389828895806e-05,2.094792405701141e-05
0,0.0,massive_planetesimal,501,MP_500,103.29221141203129,1.901107158257594e-05,7.824964720612764e-06
0,0.0,massive_planetesimal,502,MP_501,100.89985222243016,3.544010188670515e-06,2.561320938754782e-06
0,0.0,massive_planetesimal,503,MP_502,102.62073021030173,2.2342087830852102e-05,8.954453545231656e-06
0,0.0,massive_planetesimal,504,MP_503,98.26162642003565,7.509512494736985e-06,1.2576871163780067e-05
0,0.0,massive_planetesimal,505,MP_504,98.14154888078343,4.521256546617883e-06,8.537736462515945e-06
0,0.0,massive_planetesimal,506,MP_505,102.89905981735588,2.06263783852562e-06,8.099607985145754e-06
0,0.0,massive_planetesimal,507,MP_506,101.17785936388559,1.5951888972535998e-07,5.915117333884395e-06
0,0.0,massive_planetesimal,508,MP_507,102.64724219141752,1.4316290330086573e-05,2.398177073107052e-05
0,0.0,massive_planetesimal,509,MP_508,104.186646150613,7.957589185175947e-06,2.836790617393655e-05
0,0.0,massive_planetesimal,510,MP_509,101.1460621925243,1.5857113732877717e-05,1.9766288961818032e-05
0,0.0,massive_planetesimal,511,MP_510,100.9777934063004,1.4140834359676793e-05,7.824964720612764e-06
0,0.0,massive_planetesimal,512,MP_511,99.09701076548993,5.822174568763355e-06,2.3412708902503816e-05
0,0.0,massive_planetesimal,513,MP_512,103.15763611595408,2.3153899331122685e-05,2.780996466762975e-05
0,0.0,massive_planetesimal,514,MP_513,101.08807809205594,8.553589401961537e-06,7.091976543484069e-06
0,0.0,massive_planetesimal,515,MP_514,102.60952979517008,1.012081207018742e-05,6.557959812547711e-06
0,0.0,massive_planetesimal,516,MP_515,103.74823154274056,2.931386660168894e-05,2.7200429787399718e-05
0,0.0,massive_planetesimal,517,MP_516,95.83562032148478,1.2488836536535804e-05,8.233494873389921e-06
0,0.0,massive_planetesimal,518,MP_517,104.59379272315232,2.434684289034744e-05,2.0526110585337575e-05
0,0.0,massive_planetesimal,519,MP_518,96.86692118281267,3.0006573841105913e-05,9.659346157805877e-06
0,0.0,massive_planetesimal,520,MP_519,99.51298918343302,2.023827951021126e-05,5.122641877509565e-06
0,0.0,massive_planetesimal,521,MP_520,96.6217993494378,1.0636068321125241e-05,1.059505231752994e-05
0,0.0,massive_planetesimal,522,MP_521,100.4173857166323,4.1240769495533795e-06,2.2049851152230296e-05
0,0.0,massive_planetesimal,523,MP_522,95.98316591125871,1.374644076394494e-06,2.3083488036552718e-05
0,0.0,massive_planetesimal,524,MP_523,102.76907054956834,1.204923944962521e-05,9.697004570245026e-06
0,0.0,massive_planetesimal,525,MP_524,103.27008014607999,2.046382193566573e-05,2.3521425216738414e-05
0,0.0,massive_planetesimal,526,MP_525,95.00824616834687,1.9152911649309312e-05,1.1326587362040649e-05
0,0.0,massive_planetesimal,527,MP_526,95.70233370886699,1.8212224677134337e-06,2.9315658079272248e-05
0,0.0,massive_planetesimal,528,MP_527,96.42571282327111,2.287757769263363e-05,1.9224131335124367e-05
0,0.0,massive_planetesimal,529,MP_528,95.76638661450883,1.933229456702521e-05,3.157808532191564e-05
0,0.0,massive_planetesimal,530,MP_529,101.78011554171799,1.285810323940181e-06,2.774435956405637e-05
0,0.0,massive_planetesimal,531,MP_530,104.37015000876262,8.234581990291105e-06,1.571963993965638e-05
0,0.0,massive_planetesimal,532,MP_531,102.27010905961357,2.765038306374421e-05,4.597711793052988e-06
0,0.0,massive_planetesimal,533,MP_532,100.53431369886991,2.2397509444861404e-05,2.0738089811501742e-05
0,0.0,massive_planetesimal,534,MP_533,96.54303718722691,2.9817427825318103e-05,2.437370494636604e-05
0,0.0,massive_planetesimal,535,MP_534,104.28238648112166,1.3334531298519743e-05,0.0
0,0.0,massive_planetesimal,536,MP_535,98.51702390850267,2.2440665827680936e-05,2.5298222219587597e-05
0,0.0,massive_planetesimal,537,MP_536,98.54801919137594,4.1578715742848364e-07,8.99506352021738e-06
0,0.0,massive_planetesimal,538,MP_537,102.59926397594086,2.2257664973089377e-05,4.436338000413295e-06
0,0.0,massive_planetesimal,539,MP_538,101.4809393028152,1.5472372512317786e-05,1.4054888045735014e-05
0,0.0,massive_planetesimal,540,MP_539,96.64253387254266,4.241482056957779e-06,3.05336003858729e-05
0,0.0,massive_planetesimal,541,MP_540,103.9825044517814,1.8014909163072755e-05,2.9414949330792166e-05
0,0.0,massive_planetesimal,542,MP_541,98.45536991790023,2.5661018671378805e-05,2.8148646507952976e-05
0,0.0,massive_planetesimal,543,MP_542,97.7092039338631,1.564721649097323e-05,1.2074182697257333e-06
0,0.0,massive_planetesimal,544,MP_543,100.65316547004946,1.3752040203642536e-06,2.561320938754782e-06
0,0.0,massive_planetesimal,545,MP_544,98.38695633420748,7.298541054555947e-06,6.037091348628668e-06
0,0.0,massive_planetesimal,546,MP_545,104.59681219174126,1.9032400111065732e-05,2.0526110585337575e-05
0,0.0,massive_planetesimal,547,MP_546,99.834686513477,1.706747480048658e-05,1.03514553342977e-05
0,0.0,massive_planetesimal,548,MP_547,97.75635051083368,3.015355662455193e-06,6.037091348628668e-06
0,0.0,massive_planetesimal,549,MP_548,95.90171976489486,1.386796532684356e-05,1.129436371961277e-05
0,0.0,massive_planetesimal,550,MP_549,99.86982082304992,3.0921500392094044e-05,2.419360121073552e-05
0,0.0,massive_planetesimal,551,MP_550,104.42509263319799,1.0213567096044857e-05,8.18910913293408e-06
0,0.0,massive_planetesimal,552,MP_551,95.61885477025581,8.160500470662578e-07,1.9186176448475686e-05
0,0.0,massive_planetesimal,553,MP_552,100.46054066748083,1.9732445804781196e-05,9.35262170110869e-06
0,0.0,massive_planetesimal,554,MP_553,95.855576410184,9.959139494753623e-06,0.0
0,0.0,massive_planetesimal,555,MP_554,101.04307303798923,2.709997449975394e-05,1.3004292747236537e-05
0,0.0,massive_planetesimal,556,MP_555,104.44145646660463,8.79906796290282e-06,1.2074182697257333e-06
0,0.0,massive_planetesimal,557,MP_556,100.24667509443566,2.826006022484872e-05,9.35262170110869e-06
0,0.0,massive_planetesimal,558,MP_557,96.57601513288475,3.3123285860766838e-06,1.6108968939569464e-05
0,0.0,massive_planetesimal,559,MP_558,102.73849761319003,1.2566721873802826e-05,8.537736462515939e-07
0,0.0,massive_planetesimal,560,MP_559,99.95491341268684,1.140215947690864e-05,1.7929246571283543e-05
0,0.0,massive_planetesimal,561,MP_560,98.18064147108691,1.1078862571025245e-05,1.8724717893074728e-05
0,0.0,massive_planetesimal,562,MP_561,101.94045013186148,2.0717146332269823e-05,4.26886823125797e-06
0,0.0,massive_planetesimal,563,MP_562,103.55163946484217,5.221701026145963e-06,1.6221699278780337e-05
0,0.0,massive_planetesimal,564,MP_563,99.5492522733431,3.053658485599579e-05,9.195423586105984e-06
0,0.0,massive_planetesimal,565,MP_564,97.02677787867724,2.192791782730883e-05,1.7580275371856632e-05
0,0.0,massive_planetesimal,566,MP_565,96.38287001494108,2.23562741979588e-05,3.1171508501065545e-05
0,0.0,massive_planetesimal,567,MP_566,95.74781534227348,3.5254414433439304e-06,2.2132342465963256e-05
0,0.0,massive_planetesimal,568,MP_567,100.2342384784489,2.903031594670409e-05,2.8096807335951147e-05
0,0.0,massive_planetesimal,569,MP_568,100.05975503911125,3.225964089085962e-06,2.1086653546985296e-05
0,0.0,massive_planetesimal,570,MP_569,97.99512490274637,7.426574741152207e-06,1.983990668017933e-05
0,0.0,massive_planetesimal,571,MP_570,103.60767694954602,1.0952610377209328e-05,2.106936231525657e-05
0,0.0,massive_planetesimal,572,MP_571,95.86359674501588,2.8111108973276582e-05,2.9575586669422292e-05
0,0.0,massive_planetesimal,573,MP_572,104.8460737660093,7.93285407467693e-06,2.4148365394514667e-06
0,0.0,massive_planetesimal,574,MP_573,95.07085354169952,1.9079661105144893e-05,8.408695236852925e-06
0,0.0,massive_planetesimal,575,MP_574,103.78968872386457,1.0773465843241457e-05,2.173352885506333e-05
0,0.0,massive_planetesimal,576,MP_575,101.91879659666945,1.7895751318327983e-05,0.0
0,0.0,massive_planetesimal,577,MP_576,104.37565258772943,2.887370255736224e-05,0.0
0,0.0,massive_planetesimal,578,MP_577,95.06715784163391,9.222377638209118e-06,2.4042484171852243e-05
0,0.0,massive_planetesimal,579,MP_578,98.10362591287867,3.09364468362748e-05,1.4054888045735014e-05
0,0.0,massive_planetesimal,580,MP_579,100.52671564597411,1.383473352881964e-05,2.645320890690588e-05
0,0.0,massive_planetesimal,581,MP_580,99.42148557464492,2.2567681881372268e-05,2.6836212209724197e-05
0,0.0,massive_planetesimal,582,MP_581,101.76393776717285,2.3876273783270438e-05,6.722620413208828e-06
0,0.0,massive_planetesimal,583,MP_582,103.55962508813677,1.9520784270181054e-05,4.182619578303747e-06
0,0.0,massive_planetesimal,584,MP_583,98.92042461861861,2.733448021399374e-05,1.325413123547268e-05
0,0.0,massive_planetesimal,585,MP_584,102.1817579212793,1.8147499695756474e-05,1.5904040849567444e-05
0,0.0,massive_planetesimal,586,MP_585,104.59073338079985,2.2632550214079535e-05,3.1612691453200965e-05
0,0.0,massive_planetesimal,587,MP_586,101.09429368496971,5.509461238061378e-06,1.737172379932318e-05
0,0.0,massive_planetesimal,588,MP_587,96.09655899191695,1.219009113737383e-05,1.619921597029155e-05
0,0.0,massive_planetesimal,589,MP_588,103.37617292855494,1.5500296294814886e-05,1.7075472925031877e-06
0,0.0,massive_planetesimal,590,MP_589,102.05125945999222,2.5450350800812642e-05,7.3444386094852035e-06
0,0.0,massive_planetesimal,591,MP_590,103.88795494181437,1.7411138927176153e-05,2.8329336603178093e-05
0,0.0,massive_planetesimal,592,MP_591,99.80080075194539,3.1924734950278575e-05,3.6222548091772e-06
0,0.0,massive_planetesimal,593,MP_592,98.44037168259159,1.6615235337645797e-05,9.35262170110869e-06
0,0.0,massive_planetesimal,594,MP_593,101.22691344356045,1.6458218659500148e-05,2.2749503328951236e-05
0,0.0,massive_planetesimal,595,MP_594,104.73348683745908,2.5990097659152226e-05,2.7546606797101884e-05
0,0.0,massive_planetesimal,596,MP_595,102.61948178564172,4.494405068548566e-06,9.846198017076838e-06
0,0.0,massive_planetesimal,597,MP_596,103.20104744783706,8.21362854855843e-06,2.3844600278602423e-05
0,0.0,massive_planetesimal,598,MP_597,99.0169877550249,2.3119290340599182e-05,2.9278337048126537e-05
0,0.0,massive_planetesimal,599,MP_598,102.79357544785805,9.3630268750587e-06,2.5726794021849062e-05
0,0.0,massive_planetesimal,600,MP_599,95.44397296910584,3.1925614316358894e-05,2.782306712520834e-05
0,0.0,massive_planetesimal,601,MP_600,97.8683555468015,4.160799840273921e-06,1.6040950469935144e-05
0,0.0,massive_planetesimal,602,MP_601,96.43196737743119,7.887227298713128e-06,6.3890569402604e-06
0,0.0,massive_planetesimal,603,MP_602,101.15024381903379,2.8488253876774772e-05,1.9280923575057597e-05
0,0.0,massive_planetesimal,604,MP_603,98.2058406244991,3.085704475874628e-05,1.98949412011025e-05
0,0.0,massive_planetesimal,605,MP_604,101.68443570705774,1.794089090340969e-05,2.8329336603178093e-05
0,0.0,massive_planetesimal,606,MP_605,96.06388683012405,3.088454774584722e-05,1.9167170820781278e-05
0,0.0,massive_planetesimal,607,MP_606,103.221272739041,6.9326571375945675e-06,2.5740956860258367e-05
0,0.0,massive_planetesimal,608,MP_607,103.15833355326613,5.646724526404666e-06,1.7075472925031877e-06
0,0.0,massive_planetesimal,609,MP_608,97.47067587280718,2.7493711318287945e-05,9.507220963046152e-06
0,0.0,massive_planetesimal,610,MP_609,98.1765522080521,2.653959132133757e-06,5.0509930079323e-06
0,0.0,massive_planetesimal,611,MP_610,97.1267470676003,2.9067061617331644e-05,2.8483301522902347e-05
0,0.0,massive_planetesimal,612,MP_611,97.1122099443796,4.114832292301546e-06,1.2164402004367092e-05
0,0.0,massive_planetesimal,613,MP_612,97.96254735379311,1.1067216888068212e-05,2.5298222219587597e-05
0,0.0,massive_planetesimal,614,MP_613,97.78162283892269,1.7067085345654728e-06,2.3614212264245028e-05
0,0.0,massive_planetesimal,615,MP_614,96.84471584179104,3.0257712211624177e-06,1.1164539134006841e-05
0,0.0,massive_planetesimal,616,MP_615,95.38910820774217,1.9208745004422404e-05,3.078324659199975e-06
0,0.0,massive_planetesimal,617,MP_616,97.99411494816523,1.516295482064215e-06,8.537736462515939e-07
0,0.0,massive_planetesimal,618,MP_617,100.74055505781827,2.189778622966174e-05,1.9090959104164224e-06
0,0.0,massive_planetesimal,619,MP_618,99.39035112228096,2.3494242182979023e-05,2.7757492989437645e-05
0,0.0,massive_planetesimal,620,MP_619,103.52179195007452,2.6635723470705512e-05,2.336596135056891e-05
0,0.0,massive_planetesimal,621,MP_620,101.38287023912542,1.6478071090307598e-05,2.722721505217398e-05
0,0.0,massive_planetesimal,622,MP_621,104.61886101368593,7.965462376326047e-06,2.270139012036184e-05
0,0.0,massive_planetesimal,623,MP_622,100.73525861708451,1.8532901947580823e-05,5.399738656763834e-06
0,0.0,massive_planetesimal,624,MP_623,102.95795004805315,1.4118896147514544e-05,6.722620413208828e-06
0,0.0,massive_planetesimal,625,MP_624,95.9013698203827,2.294462312829117e-05,8.009106731400786e-06
0,0.0,massive_planetesimal,626,MP_625,95.84858443554938,1.6368996372292886e-05,1.4413358044696506e-05
0,0.0,massive_planetesimal,627,MP_626,97.6165491563295,8.900695854758486e-06,2.9686287942277552e-05
0,0.0,massive_planetesimal,628,MP_627,95.88390235417502,7.958092185057321e-06,1.9090959104164224e-06
0,0.0,massive_planetesimal,629,MP_628,101.62049604631564,2.018068883055287e-05,3.0076592789757522e-05
0,0.0,massive_planetesimal,630,MP_629,102.92425100335181,1.5721713046688183e-05,2.254027104997907e-05
0,0.0,massive_planetesimal,631,MP_630,95.8497475312574,2.6755705107099143e-05,2.9857674121376002e-05
0,0.0,massive_planetesimal,632,MP_631,104.60226004522966,4.0922362992720585e-06,1.1164539134006841e-05
0,0.0,massive_planetesimal,633,MP_632,95.23291060004696,4.912693789837299e-06,1.7990127040434818e-05
0,0.0,massive_planetesimal,634,MP_633,99.15281413738799,8.751702919851282e-06,8.537736462515939e-07
0,0.0,massive_planetesimal,635,MP_634,95.20144471496606,5.038323477350072e-06,2.1310162845882393e-05
0,0.0,massive_planetesimal,636,MP_635,100.67756116841194,4.401803119657257e-06,1.805080217741265e-05
0,0.0,massive_planetesimal,637,MP_636,99.27813809362941,8.954429388611335e-06,2.1933842111273517e-05
0,0.0,massive_planetesimal,638,MP_637,100.38344799333015,9.946937602836478e-07,2.313080647644551e-05
0,0.0,massive_planetesimal,639,MP_638,104.35606786469745,1.997959184345325e-05,1.5201007603895785e-05
0,0.0,massive_planetesimal,640,MP_639,97.90309256707667,1.4075305618970362e-05,2.1933842111273517e-05
0,0.0,massive_planetesimal,641,MP_640,101.82559793432506,2.0567210069129977e-05,2.08956630423927e-05
0,0.0,massive_planetesimal,642,MP_641,102.32319115515354,2.2574378599493526e-05,7.588506156264597e-06
0,0.0,massive_planetesimal,643,MP_642,98.66743098929952,1.2510739646289886e-05,1.9318692315611825e-05
0,0.0,massive_planetesimal,644,MP_643,102.06244111683253,2.6061593993634757e-06,1.5032236230862699e-05
0,0.0,massive_planetesimal,645,MP_644,104.4925281410583,1.0371974867131388e-05,1.8030599818338033e-05
0,0.0,massive_planetesimal,646,MP_645,98.70628261505627,6.5180591708247604e-06,3.52019892386405e-06
0,0.0,massive_planetesimal,647,MP_646,95.01929707873333,3.049372129968815e-05,0.0
0,0.0,massive_planetesimal,648,MP_647,102.12886291432098,1.4836024156665744e-05,3.11831985477923e-05
0,0.0,massive_planetesimal,649,MP_648,104.28930017126349,8.152717571753976e-06,4.517745487845102e-06
0,0.0,massive_planetesimal,650,MP_649,104.24619178483216,1.9842589012737175e-05,9.956626120759437e-06
0,0.0,massive_planetesimal,651,MP_650,96.4335007020954,2.5929322918711063e-05,2.2556434745889217e-05
0,0.0,massive_planetesimal,652,MP_651,103.12905347695758,2.819946290168086e-05,1.7497153036827848e-05
0,0.0,massive_planetesimal,653,MP_652,103.65431855622101,1.2363965960392464e-05,1.2663509647306462e-05
0,0.0,massive_planetesimal,654,MP_653,101.60461145310452,1.377607392319871e-05,6.9884384818971375e-06
0,0.0,massive_planetesimal,655,MP_654,97.07353333026454,1.7921839239317262e-05,1.716063790683883e-05
0,0.0,massive_planetesimal,656,MP_655,100.31428172172062,1.875550028532624e-05,1.631132260876835e-05
0,0.0,massive_planetesimal,657,MP_656,98.42688180377824,2.0771251173866006e-05,1.5926940848252804e-05
0,0.0,massive_planetesimal,658,MP_657,96.90885146572228,1.9465624223390616e-05,5.663293681020318e-06
0,0.0,massive_planetesimal,659,MP_658,103.75746016359649,9.450482434506272e-06,1.3606912857609226e-05
0,0.0,massive_planetesimal,660,MP_659,95.68938951732555,1.8986884013233147e-05,3.165877411826649e-05
0,0.0,massive_planetesimal,661,MP_660,98.15536745902834,4.151299420780707e-06,2.2247316447246325e-05
0,0.0,massive_planetesimal,662,MP_661,99.97967558778667,5.06137163702641e-06,1.3819533748532954e-05
0,0.0,massive_planetesimal,663,MP_662,100.21887153850635,6.303354410080478e-06,2.4148365394514667e-06
0,0.0,massive_planetesimal,664,MP_663,99.93484157763214,2.0858096673822673e-05,2.699869328381916e-06
0,0.0,massive_planetesimal,665,MP_664,98.72078411516023,2.298715831232897e-06,7.091976543484069e-06
0,0.0,massive_planetesimal,666,MP_665,104.79621681124286,1.3538764361443156e-05,2.4148365394514667e-06
0,0.0,massive_planetesimal,667,MP_666,95.9523361028837,1.4502141921697064e-05,1.0866764427531615e-05
0,0.0,massive_planetesimal,668,MP_667,103.51867855746544,7.711269128407112e-06,1.722423530049259e-05
0,0.0,massive_planetesimal,669,MP_668,96.61578624371519,1.9591148065161463e-05,8.408695236852925e-06
0,0.0,massive_planetesimal,670,MP_669,100.65148112695894,1.7544442938594907e-05,8.009106731400786e-06
0,0.0,massive_planetesimal,671,MP_670,97.21697148376828,6.188331514816149e-06,1.006584283732318e-05
0,0.0,massive_planetesimal,672,MP_671,101.51962346033088,2.121348835289186e-05,1.5367925632528735e-05
0,0.0,massive_planetesimal,673,MP_672,101.40375009917665,1.7476463788899606e-05,3.91248236030638e-06
0,0.0,massive_planetesimal,674,MP_673,98.78842556973102,2.6289767444080506e-05,1.4158234202550823e-05
0,0.0,massive_planetesimal,675,MP_674,99.8055989079892,8.31354385993165e-06,7.778248095798993e-06
0,0.0,massive_planetesimal,676,MP_675,104.49603042900794,2.1409197764055865e-05,1.7517970596881582e-05
0,0.0,massive_planetesimal,677,MP_676,97.9303767443282,3.0509447956798085e-05,1.2634696163675251e-05
0,0.0,massive_planetesimal,678,MP_677,96.6155072645119,1.8756382565576973e-05,3.818191820832846e-06
0,0.0,massive_planetesimal,679,MP_678,104.10089674130198,5.792315221363075e-06,1.2605816820395112e-05
0,0.0,massive_planetesimal,680,MP_679,95.29071614168801,1.3011140598024213e-05,2.0790746916525475e-05
0,0.0,massive_planetesimal,681,MP_680,98.69471046181253,8.774476873364935e-06,2.3334744287397123e-05
0,0.0,massive_planetesimal,682,MP_681,100.39275982253581,1.974473312506576e-05,2.4148365394514667e-06
0,0.0,massive_planetesimal,683,MP_682,103.35921080916843,5.96656938202173e-06,7.040397847728103e-06
0,0.0,massive_planetesimal,684,MP_683,101.86753958541458,2.8966168198702067e-05,9.430238149809192e-06
0,0.0,massive_planetesimal,685,MP_684,104.07415186593678,3.055469182369018e-06,2.2765518468793922e-05
0,0.0,massive_planetesimal,686,MP_685,98.21622338219251,2.6487701435426746e-05,2.4670956235889678e-05
0,0.0,massive_planetesimal,687,MP_686,100.8950633040347,2.7685870553186505e-05,1.0173887179578492e-05
0,0.0,massive_planetesimal,688,MP_687,103.87039020330556,1.2327905948234817e-05,3.188818852572369e-05
0,0.0,massive_planetesimal,689,MP_688,102.98432190800139,2.9075768720000302e-05,2.3397136763167146e-05
0,0.0,massive_planetesimal,690,MP_689,100.09300313224816,6.517911576663917e-07,1.6086328072527303e-05
0,0.0,massive_planetesimal,691,MP_690,98.9048498976852,1.692714358093778e-05,8.537736462515939e-07
0,0.0,massive_planetesimal,692,MP_691,95.31240978990652,2.209305948082316e-05,1.392462677356116e-05
0,0.0,massive_planetesimal,693,MP_692,99.38026781270739,1.5167503137473112e-05,1.8587967992817196e-05
0,0.0,massive_planetesimal,694,MP_693,99.50924747316002,6.63593200715769e-06,1.6752248626020106e-05
0,0.0,massive_planetesimal,695,MP_694,101.38755555768434,7.96415130099522e-06,8.537736462515939e-07
0,0.0,massive_planetesimal,696,MP_695,104.62014363818862,2.2618853562871658e-05,3.1853881696505914e-05
0,0.0,massive_planetesimal,697,MP_696,101.11760354448492,3.1547302413912246e-05,2.0930518217647733e-05
0,0.0,massive_planetesimal,698,MP_697,101.99423710322307,1.5498098837555856e-05,2.94025562612171e-05
0,0.0,massive_planetesimal,699,MP_698,95.69611001798607,1.578383599207975e-05,2.561320938754782e-06
0,0.0,massive_planetesimal,700,MP_699,97.79795788671316,1.661250509317239e-05,3.818191820832846e-06
0,0.0,massive_planetesimal,701,MP_700,97.05050598523185,2.5799407639004083e-05,3.4150945850063763e-06
0,0.0,massive_planetesimal,702,MP_701,96.90060886608136,1.971967947997778e-06,1.4388049231413678e-05
0,0.0,massive_planetesimal,703,MP_702,99.49353941033131,3.6315178591438063e-06,1.8151476701449225e-05
0,0.0,massive_planetesimal,704,MP_703,104.75894592281324,2.1904863314721166e-05,5.915117333884395e-06
0,0.0,massive_planetesimal,705,MP_704,97.1841133311955,2.7928008269983454e-05,1.9299817184270054e-05
0,0.0,massive_planetesimal,706,MP_705,104.76200864358096,1.0482313686184707e-06,2.3443822150653013e-05
0,0.0,massive_planetesimal,707,MP_706,98.84306659103954,2.7780954448780276e-05,1.7181863193747868e-05
0,0.0,massive_planetesimal,708,MP_707,99.76284543083679,1.6281380440597017e-05,2.2972699315936647e-05
0,0.0,massive_planetesimal,709,MP_708,96.9577160220972,2.560639817741411e-05,1.0866764427531615e-05
0,0.0,massive_planetesimal,710,MP_709,103.4618152934498,2.2608229048079137e-06,8.537736462515939e-07
0,0.0,massive_planetesimal,711,MP_710,104.59170539067048,2.840579765082057e-05,9.115808030550376e-06
0,0.0,massive_planetesimal,712,MP_711,99.22916143042873,2.609608818964776e-05,2.5370153619298495e-05
0,0.0,massive_planetesimal,713,MP_712,103.06922977819914,2.7599307743358646e-05,6.776618231767655e-06
0,0.0,massive_planetesimal,714,MP_713,97.89103281194514,2.2400324930393432e-05,0.0
0,0.0,massive_planetesimal,715,MP_714,103.96606912147436,5.000767267538773e-06,2.911605978830686e-05
0,0.0,massive_planetesimal,716,MP_715,95.8434489443831,2.0888715034008135e-06,2.4148365394514667e-06
0,0.0,massive_planetesimal,717,MP_716,99.44835759281862,1.8857206517250206e-05,1.705411522696106e-05
0,0.0,massive_planetesimal,718,MP_717,104.9731074254663,1.120953095218231e-05,0.0
0,0.0,massive_planetesimal,719,MP_718,104.39982593704993,2.007827488321241e-05,1.666499673782919e-05
0,0.0,massive_planetesimal,720,MP_719,95.03061104864092,1.9829675588572315e-05,2.991864554309662e-05
0,0.0,massive_planetesimal,721,MP_720,103.24238946100128,1.762661328091105e-05,1.9784719072079925e-05
0,0.0,massive_planetesimal,722,MP_721,95.58801057823497,2.3726297810849257e-05,2.6890481652835544e-05
0,0.0,massive_planetesimal,723,MP_722,95.67620007629294,1.5169798909683585e-05,2.6876924565181398e-05
0,0.0,massive_planetesimal,724,MP_723,100.1127023943604,2.5971095827133445e-05,4.00455336570039e-06
0,0.0,massive_planetesimal,725,MP_724,102.30213735144872,3.0388332421706784e-05,2.452278098427758e-05
0,0.0,massive_planetesimal,726,MP_725,96.82903183986686,2.1871324926858886e-06,2.1000055014580763e-05
0,0.0,massive_planetesimal,727,MP_726,104.52200725408912,1.004437300215468e-05,1.5533050064947642e-05
0,0.0,massive_planetesimal,728,MP_727,101.59467275005473,3.132187694251974e-05,2.3829310376242385e-05
0,0.0,massive_planetesimal,729,MP_728,96.46623142864364,1.3822913823677542e-05,9.115808030550376e-06
0,0.0,massive_planetesimal,730,MP_729,100.90537408585725,5.430301831812537e-06,2.3146557793542595e-05
0,0.0,massive_planetesimal,731,MP_730,100.21997387045737,1.024335250863832e-05,7.194024615706825e-06
0,0.0,massive_planetesimal,732,MP_731,98.03248618147846,4.935795907197333e-06,2.303607239996808e-05
0,0.0,massive_planetesimal,733,MP_732,100.1893043524214,2.090864638427962e-05,1.1486349657968266e-05
0,0.0,massive_planetesimal,734,MP_733,96.57011324151787,2.4905683032060832e-05,2.554196249185269e-05
0,0.0,massive_planetesimal,735,MP_734,99.68337742791817,1.9057420119177674e-05,2.9414949330792166e-05
0,0.0,massive_planetesimal,736,MP_735,98.7128048750863,1.67302434631039e-06,2.376805240761552e-05
0,0.0,massive_planetesimal,737,MP_736,100.34716717422708,4.471270213447025e-07,0.0
0,0.0,massive_planetesimal,738,MP_737,101.1359393771611,7.309967094963352e-06,1.893761558392725e-05
0,0.0,massive_planetesimal,739,MP_738,97.36860603127289,9.546274565006202e-07,9.846198017076838e-06
0,0.0,massive_planetesimal,740,MP_739,100.758336185818,1.8155537888562993e-05,2.6522008005948065e-05
0,0.0,massive_planetesimal,741,MP_740,95.40869989771677,1.0070011625083207e-05,2.8083832591626884e-05
0,0.0,massive_planetesimal,742,MP_741,98.81348901587646,1.5659494292375995e-05,1.774535200165325e-05
0,0.0,massive_planetesimal,743,MP_742,101.53404812003646,2.1134471631589673e-05,1.688228096739878e-05
0,0.0,massive_planetesimal,744,MP_743,95.44941403509209,2.638408216620901e-05,1.3472320895799749e-05
0,0.0,massive_planetesimal,745,MP_744,96.74916952770722,4.841850287110719e-06,5.263014220319208e-06
0,0.0,massive_planetesimal,746,MP_745,104.05617397067488,8.915729894713375e-06,2.0720507705914895e-05
0,0.0,massive_planetesimal,747,MP_746,100.3631977722263,7.610732316163736e-06,2.650826247094554e-05
0,0.0,massive_planetesimal,748,MP_747,102.90413268345577,7.727649940248573e-06,2.765225093091718e-05
0,0.0,massive_planetesimal,749,MP_748,97.88386703414172,1.707583788621184e-05,1.679570459689203e-05
0,0.0,massive_planetesimal,750,MP_749,97.71388132825031,1.1443142727078087e-05,1.5344191370284065e-05
0,0.0,massive_planetesimal,751,MP_750,95.18851579037955,1.4560696338570856e-05,1.9784719072079925e-05
0,0.0,massive_planetesimal,752,MP_751,99.11655695129743,6.006909517896065e-06,2.419360121073552e-05
0,0.0,massive_planetesimal,753,MP_752,103.77427079216393,3.904477819463055e-06,3.6222548091772e-06
0,0.0,massive_planetesimal,754,MP_753,102.63187082395253,7.848506979806613e-06,2.699869328381916e-06
0,0.0,massive_planetesimal,755,MP_754,102.3334484836335,1.785237371189533e-05,2.3178028314933844e-05
0,0.0,massive_planetesimal,756,MP_755,102.70609332638422,1.0147861179584652e-05,2.0930518217647733e-05
0,0.0,massive_planetesimal,757,MP_756,101.66217165305378,2.7701985131444855e-05,4.517745487845102e-06
0,0.0,massive_planetesimal,758,MP_757,104.89658496671753,1.5791088265784718e-05,1.142271288210643e-05
0,0.0,massive_planetesimal,759,MP_758,102.25708395737739,9.080259065871863e-06,2.2588727439225506e-06
0,0.0,massive_planetesimal,760,MP_759,97.5037659898982,2.3875335426530794e-05,2.462659727359999e-05
0,0.0,massive_planetesimal,761,MP_760,104.90145614055757,7.764011793043312e-06,8.748576518413899e-06
0,0.0,massive_planetesimal,762,MP_761,102.55026377500566,1.1891411775331578e-06,1.774535200165325e-05
0,0.0,massive_planetesimal,763,MP_762,96.62749719299858,1.1654230704316359e-05,2.7146779972275288e-05
0,0.0,massive_planetesimal,764,MP_763,99.8922906718999,2.4105811983087994e-06,2.1699963539503996e-05
0,0.0,massive_planetesimal,765,MP_764,101.72015722299584,2.4609981242932703e-05,1.619921597029155e-05
0,0.0,massive_planetesimal,766,MP_765,97.35452017013883,1.5895608983044964e-05,2.3350358035739973e-05
0,0.0,massive_planetesimal,767,MP_766,99.34610360737203,5.818094493232396e-06,1.059505231752994e-05
0,0.0,massive_planetesimal,768,MP_767,104.86590075922096,2.085436028518135e-05,2.23942727958561e-05
0,0.0,massive_planetesimal,769,MP_768,96.06380649310964,3.114419168342235e-05,2.765225093091718e-05
0,0.0,massive_planetesimal,770,MP_769,98.23128206145473,9.176774744089068e-06,4.353408482428142e-06
0,0.0,massive_planetesimal,771,MP_770,97.15357167479395,3.0035541465262102e-05,2.045496267426006e-05
0,0.0,massive_planetesimal,772,MP_771,103.49461818644164,1.0589464953649524e-05,6.273929367455621e-06
0,0.0,massive_planetesimal,773,MP_772,98.2596360277933,8.680770326770638e-06,2.075565702330201e-05
0,0.0,massive_planetesimal,774,MP_773,96.75849749281012,7.0696915912463264e-06,6.445849674396954e-06
0,0.0,massive_planetesimal,775,MP_774,97.72939811774894,3.1833709587466475e-05,2.939015796580554e-05
0,0.0,massive_planetesimal,776,MP_775,103.44413546659241,2.56846701245074e-05,4.094554566467037e-06
0,0.0,massive_planetesimal,777,MP_776,103.82084999095504,3.4357071901318708e-06,1.8390847172212026e-05
0,0.0,massive_planetesimal,778,MP_777,99.5476929247559,2.6586487902337832e-06,1.8529051939721453e-05
0,0.0,massive_planetesimal,779,MP_778,103.7489720047259,8.758413044412373e-06,5.0509930079323e-06
0,0.0,massive_planetesimal,780,MP_779,101.60117633882035,4.553055313863088e-06,3.52019892386405e-06
0,0.0,massive_planetesimal,781,MP_780,104.44115115496535,1.489956855002749e-06,2.4313818602933875e-05
0,0.0,massive_planetesimal,782,MP_781,97.85508991690416,1.4498627865888583e-05,2.741397912824408e-05
0,0.0,massive_planetesimal,783,MP_782,102.27015741268376,2.734485977701517e-05,1.2806604693773934e-05
0,0.0,massive_planetesimal,784,MP_783,100.24910379954913,2.4823226048583754e-05,3.127656162661276e-05
0,0.0,massive_planetesimal,785,MP_784,96.33889069375186,9.502039609950065e-06,2.699869328381916e-06
0,0.0,massive_planetesimal,786,MP_785,102.9357774939161,7.869684818791186e-06,1.9581033806511645e-05
0,0.0,massive_planetesimal,787,MP_786,98.44766193965954,1.889181462999946e-05,1.619921597029155e-05
0,0.0,massive_planetesimal,788,MP_787,97.67332714457581,1.9598256490691155e-05,2.2588727439225506e-06
0,0.0,massive_planetesimal,789,MP_788,101.05176850003082,1.3120950838623308e-05,1.0138000340489137e-05
0,0.0,massive_planetesimal,790,MP_789,104.0930131564027,2.3870219390048673e-05,2.181721622226445e-05
0,0.0,massive_planetesimal,791,MP_790,97.09432836526254,7.220415539683416e-06,2.4935452903362143e-05
0,0.0,massive_planetesimal,792,MP_791,99.43177987245295,1.974811448545694e-05,2.780996466762975e-05
0,0.0,massive_planetesimal,793,MP_792,98.64108362241977,1.544119843987977e-05,2.9575586669422292e-05
0,0.0,massive_planetesimal,794,MP_793,95.65215669899537,2.982763034789668e-05,1.6063655294419955e-05
0,0.0,massive_planetesimal,795,MP_794,99.38407090530153,8.719634947571025e-06,2.1086653546985296e-05
0,0.0,massive_planetesimal,796,MP_795,101.44086857336636,1.2714684294462857e-05,0.0
0,0.0,massive_planetesimal,797,MP_796,99.30609902480832,2.6214362936491346e-06,8.79013768592829e-06
0,0.0,massive_planetesimal,798,MP_797,104.16302033914982,1.8729916946660487e-05,3.093677994638948e-05
0,0.0,massive_planetesimal,799,MP_798,96.36831784003957,2.19056455806725e-05,1.569643750643458e-05
0,0.0,massive_planetesimal,800,MP_799,98.1583148508848,5.806542569683426e-06,5.9764155237611605e-06
0,0.0,test_particle,801,TP_0,97.08726883436962,1.4740768032656666e-06,1.4812419152493543e-05
0,0.0,test_particle,802,TP_1,100.947026719176,1.3959888670409893e-05,1.850937158160324e-05
0,0.0,test_particle,803,TP_2,104.40610998167557,1.3696901810801733e-05,0.0
0,0.0,test_particle,804,TP_3,100.52384789312062,2.2865667144109886e-05,8.79013768592829e-06
0,0.0,test_particle,805,TP_4,99.0216909914632,5.725593141092449e-06,1.3281600966983096e-05
0,0.0,test_particle,806,TP_5,97.99370343354306,2.18332709967666e-05,2.3691257207163768e-05
0,0.0,test_particle,807,TP_6,95.1075371760002,3.935064723950536e-06,4.9783130603797145e-06
0,0.0,test_particle,808,TP_7,99.29075115986811,1.2634908566550238e-05,9.659346157805877e-06
0,0.0,test_particle,809,TP_8,102.7542445267268,6.454016425137752e-06,2.3412708902503816e-05
0,0.0,test_particle,810,TP_9,104.4957277065366,1.4817497816013401e-05,2.016786123962658e-05
0,0.0,test_particle,811,TP_10,103.86218313389408,8.686061361791122e-06,2.4803557134904816e-05
0,0.0,test_particle,812,TP_11,97.37864036438619,1.4160882802446438e-05,2.0329854695303062e-05
0,0.0,test_particle,813,TP_12,100.84471094711496,1.661804503710075e-05,1.774535200165325e-05
0,0.0,test_particle,814,TP_13,98.63467819730016,4.791494664737544e-06,1.911004052732249e-05
0,0.0,test_particle,815,TP_14,103.45457898715425,3.4897378072645867e-06,2.2247316447246325e-05
0,0.0,test_particle,816,TP_15,97.8052420541449,1.414740142564994e-05,8.580318953419392e-06
0,0.0,test_particle,817,TP_16,100.06374069486564,2.8441208523707444e-05,2.5355783664240607e-05
0,0.0,test_particle,818,TP_17,103.783828771869,2.272534209608977e-05,1.8311404696405027e-05
0,0.0,test_particle,819,TP_18,97.16712312413227,3.858478112746938e-06,1.4886052178675807e-05
0,0.0,test_particle,820,TP_19,103.14902259051998,2.3962464015029286e-05,2.1378464825009335e-05
0,0.0,test_particle,821,TP_20,96.60947423581511,8.824386415771977e-06,2.8161591390912678e-05
0,0.0,test_particle,822,TP_21,99.84960250243618,2.293329185491358e-05,9.155702348202485e-06
0,0.0,test_particle,823,TP_22,97.50909628874916,2.0192900631497205e-05,4.90455619685548e-06
0,0.0,test_particle,824,TP_23,96.87860725337524,2.746696550696e-05,1.7075472925031877e-06
0,0.0,test_particle,825,TP_24,103.00671819959419,1.9045791142109118e-05,2.5052110629806456e-05
0,0.0,test_particle,826,TP_25,102.41820913572924,7.61311637327364e-06,3.1381263074239215e-05
0,0.0,test_particle,827,TP_26,97.42985861962813,1.1548889391621894e-05,2.286137370735188e-05
0,0.0,test_particle,828,TP_27,97.4369675423273,7.541054578001003e-06,0.0
0,0.0,test_particle,829,TP_28,101.21233178213664,2.005296582434226e-05,2.2588727439225506e-06
0,0.0,test_particle,830,TP_29,99.11974724011986,1.4883261710861927e-05,6.668185343934157e-06
0,0.0,test_particle,831,TP_30,97.23934391692296,9.943688568781918e-06,5.122641877509565e-06
0,0.0,test_particle,832,TP_31,96.89646381548123,2.9420701579762614e-05,3.4150945850063763e-06
0,0.0,test_particle,833,TP_32,98.55359870356001,1.905599058908645e-05,7.143182815269534e-06
0,0.0,test_particle,834,TP_33,101.15230050535293,6.980773905889127e-06,2.1207297420553703e-05
0,0.0,test_particle,835,TP_34,99.39587375301345,2.4768770752107138e-05,2.084327099243578e-05
0,0.0,test_particle,836,TP_35,100.31778843284607,6.5397021999188345e-06,2.3225154141253322e-05
0,0.0,test_particle,837,TP_36,99.86709934143498,1.9227180044806982e-05,1.4002928947190923e-05
0,0.0,test_particle,838,TP_37,101.29516571403434,2.032025330745412e-05,1.9487745835180195e-05
0,0.0,test_particle,839,TP_38,95.25531837138453,2.386058053968747e-07,2.7267343614925723e-05
0,0.0,test_particle,840,TP_39,96.9817122962244,2.8663386824248546e-05,6.097163388881822e-06
0,0.0,test_particle,841,TP_40,96.50744166276098,1.011944672597137e-05,1.274955940040773e-05
0,0.0,test_particle,842,TP_41,103.30634826982865,5.091767906925486e-06,3.136964683727848e-05
0,0.0,test_particle,843,TP_42,96.20285715156093,2.6138242159262684e-05,8.79013768592829e-06
0,0.0,test_particle,844,TP_43,95.55485986524305,5.395800379180576e-06,5.122641877509565e-06
0,0.0,test_particle,845,TP_44,100.129544505113,1.995440472641337e-05,1.1454575462498553e-05
0,0.0,test_particle,846,TP_45,98.43645925729766,1.4488027976588537e-05,1.6176701413239816e-05
0,0.0,test_particle,847,TP_46,96.49511739489341,1.1199975446242996e-05,2.295682871002444e-05
0,0.0,test_particle,848,TP_47,95.51579544404474,2.9858407727175167e-05,1.3226604453452851e-05
0,0.0,test_particle,849,TP_48,97.90470334428898,1.3191380790172382e-05,2.4283820049125425e-05
0,0.0,test_particle,850,TP_49,100.55614525690353,2.2060174517598664e-05,2.0579310097245934e-05
0,0.0,test_particle,851,TP_50,97.94556074966403,7.296079223186209e-07,1.9655345397318433e-05
0,0.0,test_particle,852,TP_51,97.88082072935644,1.6319645744445496e-05,2.6768220683679767e-05
0,0.0,test_particle,853,TP_52,104.36047520334816,3.7345181338112047e-06,2.9649433442727233e-05
0,0.0,test_particle,854,TP_53,100.06148155640597,1.9924149570918518e-05,9.80911239371097e-06
0,0.0,test_particle,855,TP_54,95.4186152540684,1.406341653026968e-05,6.883343194785022e-06
0,0.0,test_particle,856,TP_55,96.75185397251059,7.02413283038706e-06,1.52966123677706e-05
0,0.0,test_particle,857,TP_56,95.39885602713136,7.276510259430572e-06,2.69716810776727e-05
0,0.0,test_particle,858,TP_57,104.29425405046189,1.059770383891602e-05,2.6713702866020766e-05
0,0.0,test_particle,859,TP_58,97.76803287391046,2.1069869637792666e-05,2.699869328381916e-06
0,0.0,test_particle,860,TP_59,95.03725508077616,1.039206772579924e-05,1.8860476299618448e-05
0,0.0,test_particle,861,TP_60,104.39525039979672,4.0209058183823105e-06,1.3309014001239913e-05
0,0.0,test_particle,862,TP_61,102.46281812735349,3.972800413028716e-06,1.059505231752994e-05
0,0.0,test_particle,863,TP_62,95.46857022667153,5.580534970267438e-06,1.4787793334710982e-06
0,0.0,test_particle,864,TP_63,100.28314395568259,2.105253700468857e-05,1.2342862421580037e-05
0,0.0,test_particle,865,TP_64,103.66170430817742,7.249276065830375e-07,1.6968415613083328e-05
0,0.0,test_particle,866,TP_65,101.81610848337408,3.917083127335282e-06,2.1598954627055457e-05
0,0.0,test_particle,867,TP_66,98.44504851677551,2.4105907698705188e-05,1.7392691488064896e-05
0,0.0,test_particle,868,TP_67,99.5917703660616,5.443980979971617e-06,8.537736462515939e-07
0,0.0,test_particle,869,TP_68,95.73180690580959,1.443803025717649e-05,7.824964720612764e-06
0,0.0,test_particle,870,TP_69,99.48731519416255,1.2003636898713228e-05,1.2074182697257333e-06
0,0.0,test_particle,871,TP_70,100.60861572936388,3.1604754466870036e-06,3.306651113363206e-06
0,0.0,test_particle,872,TP_71,95.04449024808865,6.175182136805926e-06,7.540324677666867e-06
0,0.0,test_particle,873,TP_72,99.05026726500982,2.27994010799682e-05,2.0077300111958862e-05
0,0.0,test_particle,874,TP_73,100.64828363162758,4.438643301624852e-06,9.391510108767544e-06
0,0.0,test_particle,875,TP_74,101.53063584319736,1.630047627594832e-05,6.445849674396954e-06
0,0.0,test_particle,876,TP_75,95.62139184133875,8.259887988873108e-06,2.5726794021849062e-05
0,0.0,test_particle,877,TP_76,99.22905934358052,1.365231992194676e-05,6.2155659652833185e-06
0,0.0,test_particle,878,TP_77,103.85662920045375,1.179098250582694e-05,1.7075472925031877e-06
0,0.0,test_particle,879,TP_78,99.9039841725963,3.060287808204746e-05,2.8005857894382053e-05
0,0.0,test_particle,880,TP_79,102.56468940755545,1.8474848098540804e-05,2.3020245484736634e-05
0,0.0,test_particle,881,TP_80,98.02663322381429,3.1557162366538417e-05,1.210433051621537e-05
0,0.0,test_particle,882,TP_81,100.54825400376572,9.82820139732507e-06,1.9469034601067135e-05
0,0.0,test_particle,883,TP_82,101.68166476859166,2.439685887070103e-05,1.866623346736378e-05
0,0.0,test_particle,884,TP_83,95.9255893873833,1.7728624066323233e-05,1.961822478742201e-05
0,0.0,test_particle,885,TP_84,101.32229537088318,3.195825576038827e-05,9.391510108767544e-06
0,0.0,test_particle,886,TP_85,97.50912928952562,1.1102720811840867e-05,2.0401438912201045e-05
0,0.0,test_particle,887,TP_86,104.17942501622872,1.3020350717632456e-05,1.0526028440638427e-05
0,0.0,test_particle,888,TP_87,95.41153200052399,4.648718955705816e-06,4.597711793052988e-06
0,0.0,test_particle,889,TP_88,98.43806448193848,2.4506901939163346e-05,2.3752713230536933e-05
0,0.0,test_particle,890,TP_89,102.75603392226637,2.2242028476942333e-05,2.1310162845882393e-05
0,0.0,test_particle,891,TP_90,95.42339450609174,2.7799864825602407e-05,1.8646697895850028e-05
0,0.0,test_particle,892,TP_91,102.48737519549066,2.131771686751668e-05,6.502146373618258e-06
0,0.0,test_particle,893,TP_92,101.50943923421785,2.893944640292161e-05,2.969856261220141e-05
0,0.0,test_particle,894,TP_93,103.19078841080723,2.0627370874619336e-05,2.561320938754782e-06
0,0.0,test_particle,895,TP_94,104.51832448697475,1.3691230954756408e-05,2.5081190280489664e-05
0,0.0,test_particle,896,TP_95,104.97026361639163,9.670145195487891e-07,1.911004052732249e-05
0,0.0,test_particle,897,TP_96,102.21579244298849,6.924786024918957e-06,2.6522008005948065e-05
0,0.0,test_particle,898,TP_97,96.88945750462187,7.615567604254267e-06,2.4935452903362143e-05
0,0.0,test_particle,899,TP_98,104.30181928744776,1.7980090716178554e-05,1.2401778567452335e-05
0,0.0,test_particle,900,TP_99,99.11644316887725,9.989762323367665e-06,1.0421635496217848e-05
0,0.0,test_particle,901,TP_100,97.01204498125873,1.2294656102547454e-05,4.676310850554341e-06
0,0.0,test_particle,902,TP_101,96.63416577540261,7.248178622085573e-06,2.617620432170656e-05
0,0.0,test_particle,903,TP_102,96.88732554342964,2.3273873908031077e-05,1.4983666681503355e-05
0,0.0,test_particle,904,TP_103,98.53406976453095,1.2313428320025903e-05,1.567320072462458e-05
0,0.0,test_particle,905,TP_104,101.45989460203005,3.0420764132155476e-05,2.6148342467805902e-05
0,0.0,test_particle,906,TP_105,99.42914063113602,2.1057033932430798e-05,1.3660378340025536e-05
0,0.0,test_particle,907,TP_106,97.04188639642005,3.0206323504864788e-05,4.9783130603797145e-06
0,0.0,test_particle,908,TP_107,102.38759419881242,3.073697484485822e-05,8.664856156940838e-06
0,0.0,test_particle,909,TP_108,99.45600029701322,1.8720072615182713e-07,1.8390847172212026e-05
0,0.0,test_particle,910,TP_109,100.3039953941851,5.703872101215416e-06,2.066767164616705e-05
0,0.0,test_particle,911,TP_110,96.1069488330549,3.398958348150072e-06,2.367586827588284e-05
0,0.0,test_particle,912,TP_111,96.41393428077765,1.6588180712980605e-05,3.078324659199975e-06
0,0.0,test_particle,913,TP_112,97.07730735369577,2.1852628990003894e-05,4.094554566467037e-06
0,0.0,test_particle,914,TP_113,104.98863240391685,8.296392986432782e-07,0.0
0,0.0,test_particle,915,TP_114,104.12582547697298,2.8176799243184262e-05,4.676310850554341e-06
0,0.0,test_particle,916,TP_115,101.63238028510548,7.5885716222080705e-06,1.03514553342977e-05
0,0.0,test_particle,917,TP_116,98.06259560936851,7.528995146147018e-07,8.18910913293408e-06
0,0.0,test_particle,918,TP_117,101.26048877245411,2.7996770257874025e-05,1.1581149199548762e-05
0,0.0,test_particle,919,TP_118,100.91487674079602,3.23658282653945e-06,1.7203062292734435e-05
0,0.0,test_particle,920,TP_119,104.81111935620272,5.633386236380824e-06,6.156649318399953e-06
0,0.0,test_particle,921,TP_120,97.49557182026555,1.3741548256747264e-05,2.1565179853261896e-05
0,0.0,test_particle,922,TP_121,96.98179030822863,3.054617109967335e-05,2.593842462888128e-05
0,0.0,test_particle,923,TP_122,98.46752498261064,2.6867570865075065e-05,2.4072783470796085e-05
0,0.0,test_particle,924,TP_123,95.0105197256039,3.0778103724631724e-05,1.7580275371856632e-05
0,0.0,test_particle,925,TP_124,97.90047844773598,3.109043599681364e-05,1.9913252241518953e-05
0,0.0,test_particle,926,TP_125,95.64348982174927,1.1207366290151798e-05,5.663293681020318e-06
0,0.0,test_particle,927,TP_126,98.32882625414052,2.145166412249649e-05,4.7536104815230715e-06
0,0.0,test_particle,928,TP_127,96.7468400492064,2.9847874432170777e-05,7.917571076845593e-06
0,0.0,test_particle,929,TP_128,103.79238218899985,4.737063043352017e-06,0.0
0,0.0,test_particle,930,TP_129,96.28162270645707,3.1431386546291955e-05,2.166634622491146e-05
0,0.0,test_particle,931,TP_130,98.8456406713091,1.0378879782710086e-05,2.2940947124789083e-05
0,0.0,test_particle,932,TP_131,97.94621105787671,1.5664921578648302e-05,1.9636793863786756e-05
0,0.0,test_particle,933,TP_132,95.09435727627653,1.823487642336283e-05,2.0276000680978352e-05
0,0.0,test_particle,934,TP_133,99.74997450714373,1.7013005710937756e-05,2.091309789151873e-06
0,0.0,test_particle,935,TP_134,100.56555515720945,1.841793150212329e-06,1.9148146328926346e-05
0,0.0,test_particle,936,TP_135,102.1088768272949,9.18060236281519e-06,2.086074962946319e-05
0,0.0,test_particle,937,TP_136,103.35633259053321,1.93789325952939e-05,2.091309789151873e-06
0,0.0,test_particle,938,TP_137,101.14563941295265,3.3273924816364764e-07,1.945030536671637e-05
0,0.0,test_particle,939,TP_138,98.03658417109871,1.3480753937740453e-05,5.72728773124927e-06
0,0.0,test_particle,940,TP_139,101.68694762843423,8.40231875722843e-06,2.2765518468793922e-05
0,0.0,test_particle,941,TP_140,102.96971391915464,2.5086450566689037e-05,1.2013660097101191e-05
0,0.0,test_particle,942,TP_141,95.81264693947521,1.3907337091964787e-05,5.853177225625916e-06
0,0.0,test_particle,943,TP_142,98.60381860330014,9.239713127399455e-06,6.502146373618258e-06
0,0.0,test_particle,944,TP_143,102.46724876291799,1.3392984865288518e-05,0.0
0,0.0,test_particle,945,TP_144,101.960409614241,8.228545188539308e-06,2.8547208494697696e-05
0,0.0,test_particle,946,TP_145,103.68849591022014,1.1573909600895382e-05,1.7580275371856632e-05
0,0.0,test_particle,947,TP_146,100.78060763186696,2.414179821541264e-05,1.186100256021862e-05
0,0.0,test_particle,948,TP_147,100.84048355405031,1.3458176321171424e-05,8.537736462515939e-07
0,0.0,test_particle,949,TP_148,103.92039516033745,1.7460507968399568e-05,3.4150945850063763e-06
0,0.0,test_particle,950,TP_149,97.91098163697373,3.964499497283137e-06,2.8826716089393242e-05
0,0.0,test_particle,951,TP_150,95.97212637784943,2.025076269059376e-06,2.4283820049125425e-05
0,0.0,test_particle,952,TP_151,103.39303572067755,1.843951089327388e-06,1.972937709214414e-05
0,0.0,test_particle,953,TP_152,101.86047504647544,3.3325764059607564e-06,6.3890569402604e-06
0,0.0,test_particle,954,TP_153,96.0032931784505,2.442838573261025e-05,2.091309789151873e-06
0,0.0,test_particle,955,TP_154,103.81563199864384,2.081642886827768e-05,1.0316186218701491e-05
0,0.0,test_particle,956,TP_155,103.86400419192775,2.1786322959727823e-05,2.8661881965269553e-05
0,0.0,test_particle,957,TP_156,101.68035044093423,2.9249938570616457e-05,1.2164402004367092e-05
0,0.0,test_particle,958,TP_157,103.96942791833308,2.176194737386617e-05,2.091309789151873e-06
0,0.0,test_particle,959,TP_158,104.67413313698373,1.1775808133621175e-06,1.2224178295571348e-05
0,0.0,test_particle,960,TP_159,101.09488887089519,4.571827793306737e-06,1.5765942366712732e-05
0,0.0,test_particle,961,TP_160,104.10892949729903,2.38286708541478e-05,2.98210314312095e-05
0,0.0,test_particle,962,TP_161,101.16307096052093,1.1249900382988404e-05,2.38904112723793e-05
0,0.0,test_particle,963,TP_162,100.27022049292376,7.150227735283795e-06,1.2074182697257333e-06
0,0.0,test_particle,964,TP_163,95.87622911406537,3.185683772993085e-05,3.18195378787608e-05
0,0.0,test_particle,965,TP_164,102.37566161223293,2.8135227417999035e-05,2.606457820835509e-05
0,0.0,test_particle,966,TP_165,101.90704813021297,4.238444740618648e-06,3.6222548091772e-06
0,0.0,test_particle,967,TP_166,104.07261790848831,2.1106891419554963e-05,1.2720940824698908e-05
0,0.0,test_particle,968,TP_167,100.64353306949124,1.6280348231023004e-05,2.325651830698318e-05
0,0.0,test_particle,969,TP_168,102.54952132081979,1.6440334430461326e-05,2.2588727439225506e-06
0,0.0,test_particle,970,TP_169,102.93798977649763,9.607939476093638e-06,6.445849674396954e-06
0,0.0,test_particle,971,TP_170,103.4551993787823,2.306938208251695e-05,5.533085616490783e-06
0,0.0,test_particle,972,TP_171,97.48171878216893,1.681238185129466e-05,2.5341405560638048e-05
0,0.0,test_particle,973,TP_172,101.53364286603029,1.758296797901011e-05,3.078324659199975e-06
0,0.0,test_particle,974,TP_173,96.98439336632266,1.2063802206785086e-05,1.0663629423853027e-05
0,0.0,test_particle,975,TP_174,103.89197685314664,3.0123007265569175e-05,7.040397847728103e-06
0,0.0,test_particle,976,TP_175,103.63600069854148,7.583168673942784e-07,8.009106731400786e-06
0,0.0,test_particle,977,TP_176,100.13718541167053,1.7742396223846966e-05,8.099607985145754e-06
0,0.0,test_particle,978,TP_177,102.34433830178834,2.1536840438673037e-05,1.0629396175241108e-05
0,0.0,test_particle,979,TP_178,96.95144220538313,2.0387469221424956e-05,9.2743557084027e-06
0,0.0,test_particle,980,TP_179,99.77790906818383,1.9436334509709647e-05,5.663293681020318e-06
0,0.0,test_particle,981,TP_180,97.23498621074108,2.5126596350190075e-05,3.071212617370677e-05
0,0.0,test_particle,982,TP_181,96.58050291118846,2.6968393115373726e-05,2.699869328381916e-06
0,0.0,test_particle,983,TP_182,103.47350622419188,8.815238813953904e-07,2.4862263861133457e-05
0,0.0,test_particle,984,TP_183,95.61129402360093,2.6663841241673776e-05,8.537736462515939e-07
0,0.0,test_particle,985,TP_184,103.81388704354835,2.033373672915314e-05,1.9949823901789886e-05
0,0.0,test_particle,986,TP_185,96.0479768914339,1.6928339201929316e-05,8.706816964856289e-06
0,0.0,test_particle,987,TP_186,102.77179482831279,2.780165405422868e-05,9.391510108767544e-06
0,0.0,test_particle,988,TP_187,98.02343112142282,1.796779306467196e-05,5.399738656763834e-06
0,0.0,test_particle,989,TP_188,95.45936997106728,3.175867871303419e-05,7.963470424126384e-06
0,0.0,test_particle,990,TP_189,100.52661356103646,7.673937417800123e-06,1.2576871163780067e-05
0,0.0,test_particle,991,TP_190,100.94322844787321,4.727314001387417e-06,2.6120450894569068e-05
0,0.0,test_particle,992,TP_191,101.67428975584467,1.1787874643194748e-05,2.086074962946319e-05
0,0.0,test_particle,993,TP_192,95.45580653667551,1.3767248842516361e-05,2.0526110585337575e-05
0,0.0,test_particle,994,TP_193,98.08862754915263,4.6191368892945113e-07,4.9783130603797145e-06
0,0.0,test_particle,995,TP_194,97.40653475565765,2.4729477391493493e-05,9.195423586105984e-06
0,0.0,test_particle,996,TP_195,95.46804941815472,1.7134256673729863e-05,3.1853881696505914e-05
0,0.0,test_particle,997,TP_196,98.44951831820069,5.1287193658630634e-06,2.1310162845882393e-05
0,0.0,test_particle,998,TP_197,98.36543675887428,2.1347032306021733e-05,1.1706354451251847e-05
0,0.0,test_particle,999,TP_198,99.83262482088423,3.4633739792602766e-06,2.2016768086107558e-05
0,0.0,test_particle,1000,TP_199,98.76280744348531,1.858168539232913e-05,2.6106493933436568e-05
0,0.0,test_particle,1001,TP_200,96.18857989570226,1.8213549655841272e-05,4.9783130603797145e-06
0,0.0,test_particle,1002,TP_201,103.54147306406391,2.505073772673623e-05,2.742727075526903e-05
0,0.0,test_particle,1003,TP_202,101.2610231180921,3.855417732475852e-06,1.9090959104164224e-06
0,0.0,test_particle,1004,TP_203,104.48772405205207,3.132724027682682e-05,2.8598231249430012e-05
0,0.0,test_particle,1005,TP_204,103.71085859859697,4.853939747747536e-06,3.7215130446689415e-06
0,0.0,test_particle,1006,TP_205,99.5598484949406,3.982160890761819e-06,0.0
0,0.0,test_particle,1007,TP_206,97.8456306927211,7.043250327502011e-06,1.3606912857609226e-05
0,0.0,test_particle,1008,TP_207,104.96667038142016,1.691810784318255e-05,1.2401778567452335e-05
0,0.0,test_particle,1009,TP_208,100.02132788634628,1.381913603643916e-05,1.7455443435103742e-05
0,0.0,test_particle,1010,TP_209,95.3822544528274,4.293401769850849e-06,1.8271553931657168e-05
0,0.0,test_particle,1011,TP_210,99.03143252450897,4.944470660873519e-06,1.2835032264144346e-05
0,0.0,test_particle,1012,TP_211,97.26195899954531,9.241634137884536e-06,4.436338000413295e-06
0,0.0,test_particle,1013,TP_212,96.8298893352687,2.5947968573247747e-05,1.6752248626020106e-05
0,0.0,test_particle,1014,TP_213,103.56158162492164,6.140616707706502e-06,8.537736462515939e-07
0,0.0,test_particle,1015,TP_214,103.00377031482523,1.573150685807556e-05,7.73124918760008e-06
0,0.0,test_particle,1016,TP_215,96.16480615933204,1.9720385119312584e-05,1.9412792688854636e-05
0,0.0,test_particle,1017,TP_216,100.37537434849624,2.0427097976113306e-05,4.436338000413295e-06
0,0.0,test_particle,1018,TP_217,103.35161495783832,1.3748131072205145e-05,3.094855865610481e-05
0,0.0,test_particle,1019,TP_218,101.00321470046643,2.714809906668792e-06,1.225395709315776e-05
0,0.0,test_particle,1020,TP_219,102.62670858547509,1.2374571632662833e-05,4.182619578303747e-06
0,0.0,test_particle,1021,TP_220,98.64384405897044,2.198074417679184e-05,1.0933637455190016e-05
0,0.0,test_particle,1022,TP_221,95.05419799818202,1.711366122181728e-05,3.7215130446689415e-06
0,0.0,test_particle,1023,TP_222,97.63455626856019,1.0534197473989012e-05,7.917571076845593e-06
0,0.0,test_particle,1024,TP_223,99.45035295831522,6.057803494161921e-06,5.0509930079323e-06
0,0.0,test_particle,1025,TP_224,101.50162891877964,2.4745600256471614e-05,1.045654894575938e-05
0,0.0,test_particle,1026,TP_225,102.20962163826707,1.1470580653645568e-05,9.075738350724584e-06
0,0.0,test_particle,1027,TP_226,95.4314098309524,1.2627072099869313e-07,2.980880719153571e-05
0,0.0,test_particle,1028,TP_227,100.70538014685081,2.853042484252644e-05,2.0878213633885978e-05
0,0.0,test_particle,1029,TP_228,101.98547113921713,3.139139011238828e-05,1.3580101180607511e-05
0,0.0,test_particle,1030,TP_229,104.90624773368495,2.2616904240440298e-05,1.1486349657968266e-05
0,0.0,test_particle,1031,TP_230,100.27816402021247,2.596419044850594e-05,2.113844237704587e-05
0,0.0,test_particle,1032,TP_231,97.62539215649001,1.9931989019467614e-05,1.9562411801531992e-05
0,0.0,test_particle,1033,TP_232,99.85969503767807,1.4126447646382008e-06,1.3309014001239913e-05
0,0.0,test_particle,1034,TP_233,104.89769233382447,1.618944042946816e-05,1.5926940848252804e-05
0,0.0,test_particle,1035,TP_234,101.77354629115105,1.2664537916773773e-05,9.2743557084027e-06
0,0.0,test_particle,1036,TP_235,102.49983124083316,1.22236338878464e-05,1.9148146328926346e-05
0,0.0,test_particle,1037,TP_236,101.95617694954142,6.255785438359945e-06,1.3950776330441617e-05
0,0.0,test_particle,1038,TP_237,96.45935686781696,1.631197354645317e-05,3.7215130446689415e-06
0,0.0,test_particle,1039,TP_238,99.33749359443168,2.9053859930656788e-05,1.567320072462458e-05
0,0.0,test_particle,1040,TP_239,95.75089380633193,1.346392943407708e-05,2.139550625045351e-05
0,0.0,test_particle,1041,TP_240,96.77267077616949,1.1905932233632217e-06,2.532701929461308e-05
0,0.0,test_particle,1042,TP_241,104.63521364059177,1.9720233331378335e-05,1.210433051621537e-05
0,0.0,test_particle,1043,TP_242,98.570172990006,2.9206399703800394e-05,2.9427337181133195e-05
0,0.0,test_particle,1044,TP_243,97.45328366224052,2.831730122218256e-05,4.436338000413295e-06
0,0.0,test_particle,1045,TP_244,103.38364887603088,2.3881481971660132e-06,2.564165271600967e-05
0,0.0,test_particle,1046,TP_245,97.21291289680647,1.899899862451774e-05,8.537736462515939e-07
0,0.0,test_particle,1047,TP_246,101.56417123660736,2.3997509168060346e-05,1.9090959104164224e-06
0,0.0,test_particle,1048,TP_247,95.86639192295326,2.683615946715431e-05,1.7929246571283543e-05
0,0.0,test_particle,1049,TP_248,103.90779286476698,2.303001219393535e-05,2.9710832210994712e-05
0,0.0,test_particle,1050,TP_249,102.96016392091602,2.5743819358376405e-05,2.0614700166548044e-05
0,0.0,test_particle,1051,TP_250,99.9957537835844,1.6687587610319433e-05,5.193302344775284e-06
0,0.0,test_particle,1052,TP_251,103.48615496290634,1.1180685602656653e-05,2.270139012036184e-05
0,0.0,test_particle,1053,TP_252,96.52693693499772,2.2139503166800986e-05,1.619921597029155e-05
0,0.0,test_particle,1054,TP_253,101.00326392017718,7.388832621022491e-06,1.2134403433412636e-05
0,0.0,test_particle,1055,TP_254,96.84287062234891,2.7089267133590348e-05,1.8529051939721453e-05
0,0.0,test_particle,1056,TP_255,104.57612325921744,1.629469727173096e-05,1.5056462251787269e-05
0,0.0,test_particle,1057,TP_256,98.36947731571618,4.829432170562059e-06,2.2845425764212974e-05
0,0.0,test_particle,1058,TP_257,99.51783802437996,9.09011815065862e-06,2.0419295754930057e-05
0,0.0,test_particle,1059,TP_258,101.88808574513446,2.4721213198551047e-05,2.9414949330792166e-05
0,0.0,test_particle,1060,TP_259,99.99881664729585,1.0501694227456398e-05,3.0173380144643463e-05
0,0.0,test_particle,1061,TP_260,101.39406990291603,1.6641640915847492e-05,4.094554566467037e-06
0,0.0,test_particle,1062,TP_261,97.05667056663577,1.7708742643741e-05,2.2459278078588273e-05
0,0.0,test_particle,1063,TP_262,102.03817742020352,9.097557900826085e-06,6.502146373618258e-06
0,0.0,test_particle,1064,TP_263,99.62821134557231,2.2583617736036332e-05,2.7888487077090034e-05
0,0.0,test_particle,1065,TP_264,103.77407827691128,8.823013875410622e-06,4.182619578303747e-06
0,0.0,test_particle,1066,TP_265,101.26020900101788,1.0203620784025698e-05,4.26886823125797e-06
0,0.0,test_particle,1067,TP_266,96.55512601012268,1.781974617376696e-05,2.6036596903232025e-05
0,0.0,test_particle,1068,TP_267,100.24634156395284,6.229814299245542e-06,2.3178028314933844e-05
0,0.0,test_particle,1069,TP_268,97.11834461458508,5.762194874540211e-07,2.426880686682541e-05
0,0.0,test_particle,1070,TP_269,96.57482868975676,1.4392782138149093e-05,6.502146373618258e-06
0,0.0,test_particle,1071,TP_270,100.27820322807143,2.1423366022866243e-05,2.5052110629806456e-05
0,0.0,test_particle,1072,TP_271,98.94996310172563,1.4934611522639148e-05,4.436338000413295e-06
0,0.0,test_particle,1073,TP_272,104.1665996019574,1.917266968302924e-05,1.2431131930566656e-05
0,0.0,test_particle,1074,TP_273,100.75015041568506,1.5836666060646082e-05,2.9153588559787306e-05
0,0.0,test_particle,1075,TP_274,96.53123111468352,2.2083088630767983e-05,1.5007971104097566e-05
0,0.0,test_particle,1076,TP_275,97.84650433122816,1.5706610120151427e-05,8.748576518413899e-06
0,0.0,test_particle,1077,TP_276,102.23799765598643,1.6334002210136015e-05,2.2813496432377448e-05
0,0.0,test_particle,1078,TP_277,97.6660570704918,1.7791071713223284e-05,2.7374065524264036e-05
0,0.0,test_particle,1079,TP_278,103.66241919757566,1.2848642645931441e-05,1.943155808007896e-05
0,0.0,test_particle,1080,TP_279,95.45430754778765,2.529006431206194e-05,1.3553236463535334e-05
0,0.0,test_particle,1081,TP_280,99.65247335633832,2.779198376084689e-05,2.3521425216738414e-05
0,0.0,test_particle,1082,TP_281,101.59059232802555,6.5737710501011e-07,3.171628329212913e-05
0,0.0,test_particle,1083,TP_282,96.6046466272797,2.7132138969921434e-05,0.0
0,0.0,test_particle,1084,TP_283,100.86384746300503,2.9274955158333955e-05,1.045654894575938e-05
0,0.0,test_particle,1085,TP_284,95.407332648055,3.0169304452133536e-05,1.4787793334710982e-06
0,0.0,test_particle,1086,TP_285,96.48443051848982,5.739852546036976e-06,2.405763859136635e-05
0,0.0,test_particle,1087,TP_286,101.51241928782683,6.739333955689858e-06,9.697004570245026e-06
0,0.0,test_particle,1088,TP_287,97.19584899466335,1.0957922869407879e-05,3.197949347573169e-05
0,0.0,test_particle,1089,TP_288,95.83605384973973,8.770163158480454e-06,3.1762215659848485e-05
0,0.0,test_particle,1090,TP_289,96.71637512628845,3.934229005165816e-06,1.8802414151681903e-05
0,0.0,test_particle,1091,TP_290,97.46681857431662,2.953574357310714e-05,1.657728561965808e-05
0,0.0,test_particle,1092,TP_291,100.5950937747296,2.3091889121006078e-05,8.99506352021738e-06
0,0.0,test_particle,1093,TP_292,95.78544963832461,5.1176829399621305e-06,1.2164402004367092e-05
0,0.0,test_particle,1094,TP_293,97.29731526612801,1.4480268755473258e-05,1.1326587362040649e-05
0,0.0,test_particle,1095,TP_294,101.90331261356202,1.8408565652827093e-05,1.6063655294419955e-05
0,0.0,test_particle,1096,TP_295,100.32480079455226,2.0645950741286286e-05,1.9412792688854636e-05
0,0.0,test_particle,1097,TP_296,102.57614377871917,3.100519947253632e-05,3.071212617370677e-05
0,0.0,test_particle,1098,TP_297,96.78048295257551,1.532859063405632e-05,8.233494873389921e-06
0,0.0,test_particle,1099,TP_298,100.13698618469923,8.132873219660025e-06,2.2165253030559974e-05
0,0.0,test_particle,1100,TP_299,98.49082607489872,7.820897391488332e-06,8.580318953419392e-06
0,0.0,test_particle,1101,TP_300,96.14395557401281,8.694263913204706e-06,5.122641877509565e-06
0,0.0,test_particle,1102,TP_301,97.21114503710955,3.4748997431505533e-06,0.0
0,0.0,test_particle,1103,TP_302,96.11616046672164,3.15294695429122e-05,4.00455336570039e-06
0,0.0,test_particle,1104,TP_303,97.66971785346176,2.587198450861278e-05,8.748576518413899e-06
0,0.0,test_particle,1105,TP_304,104.09792283829366,2.0538023173533085e-05,1.8646697895850028e-05
0,0.0,test_particle,1106,TP_305,95.60463573925362,2.818708898601471e-05,1.8548711416805456e-05
0,0.0,test_particle,1107,TP_306,102.02449573186784,2.5404245960315702e-05,1.2372355563799738e-05
0,0.0,test_particle,1108,TP_307,98.39031941897484,2.0103392248702066e-05,3.1945284701301985e-06
0,0.0,test_particle,1109,TP_308,98.11382744268656,2.1141082083726548e-05,3.165877411826649e-05
0,0.0,test_particle,1110,TP_309,98.76917148455544,1.919294899109765e-05,3.067650413252108e-05
0,0.0,test_particle,1111,TP_310,103.83531529623129,4.345146419763722e-06,2.71870272589746e-05
0,0.0,test_particle,1112,TP_311,99.76996517263467,6.1530872363076384e-06,2.7025678491239083e-05
0,0.0,test_particle,1113,TP_312,99.35086241103922,2.185767094489264e-05,4.436338000413295e-06
0,0.0,test_particle,1114,TP_313,99.57338333153326,2.1137022924316072e-05,2.841925084250819e-05
0,0.0,test_particle,1115,TP_314,98.52809436227857,3.0148232765722387e-05,2.83550554796536e-05
0,0.0,test_particle,1116,TP_315,95.58789661567009,2.8556067327149006e-05,2.619012413355009e-05
0,0.0,test_particle,1117,TP_316,96.23160585872888,2.309727172181278e-05,1.780686120515573e-05
0,0.0,test_particle,1118,TP_317,96.2239513547618,1.4671520339923907e-05,1.5812109207457903e-05
0,0.0,test_particle,1119,TP_318,96.57344538818501,4.9511647679570455e-06,2.7400681053666684e-05
0,0.0,test_particle,1120,TP_319,103.39170875582639,2.36766281992518e-05,2.6904031909000533e-05
0,0.0,test_particle,1121,TP_320,98.79029766661434,1.3388579133062511e-05,4.182619578303747e-06
0,0.0,test_particle,1122,TP_321,97.75130755326344,2.4061023192053315e-05,1.8489670275773655e-05
0,0.0,test_particle,1123,TP_322,102.96067099601723,3.145106244738051e-06,3.125324700419523e-05
0,0.0,test_particle,1124,TP_323,98.318941398509,1.9154233353370393e-05,1.1581149199548762e-05
0,0.0,test_particle,1125,TP_324,95.98409594120042,1.9548472876297686e-05,1.6839048422762124e-05
0,0.0,test_particle,1126,TP_325,97.70983481415728,2.4876567401158424e-05,2.911605978830686e-05
0,0.0,test_particle,1127,TP_326,103.85170433272731,1.323712866206255e-05,7.824964720612764e-06
0,0.0,test_particle,1128,TP_327,101.77888025520323,1.0151955132546208e-05,2.0579310097245934e-05
0,0.0,test_particle,1129,TP_328,98.91909676666361,1.1152181715293907e-05,1.8646697895850028e-05
0,0.0,test_particle,1130,TP_329,98.85172028916018,1.2637873380360978e-05,1.7538763447639102e-05
0,0.0,test_particle,1131,TP_330,98.84144386525239,1.9743143980286007e-05,1.9090959104164224e-06
0,0.0,test_particle,1132,TP_331,102.19252990707948,2.426418502430135e-05,2.7079568232672354e-05
0,0.0,test_particle,1133,TP_332,100.81804859140443,2.0217649483207433e-05,1.77863817720369e-05
0,0.0,test_particle,1134,TP_333,96.58101788943628,1.3032062057479921e-05,2.1241641244543493e-05
0,0.0,test_particle,1135,TP_334,102.72825714497479,1.684130512020137e-05,3.0402015207791838e-05
0,0.0,test_particle,1136,TP_335,97.85792477110597,1.0818738602603836e-05,3.4150945850063763e-06
0,0.0,test_particle,1137,TP_336,96.90092359573022,3.9522002347275105e-06,3.100738508945133e-05
0,0.0,test_particle,1138,TP_337,95.33402463063376,1.8379877453688885e-05,1.786815867113289e-05
0,0.0,test_particle,1139,TP_338,102.44691169376148,1.5805475396916625e-05,1.9784719072079925e-05
0,0.0,test_particle,1140,TP_339,96.62326621337635,1.7892933876324886e-06,2.0365678255589807e-05
0,0.0,test_particle,1141,TP_340,104.90597928992858,2.3130504385406495e-05,1.0833173112455685e-05
0,0.0,test_particle,1142,TP_341,99.17540235928497,6.458191794045062e-06,3.052166153873579e-05
0,0.0,test_particle,1143,TP_342,99.07770730663248,4.4642945402545705e-06,1.079947731352768e-05
0,0.0,test_particle,1144,TP_343,96.12345119058244,6.957709739441547e-06,2.8978038473417905e-05
0,0.0,test_particle,1145,TP_344,98.54512656178356,1.6563427040532666e-05,1.4787793334710982e-06
0,0.0,test_particle,1146,TP_345,100.67257815827233,1.4012914637785885e-05,1.1197136397927998e-05
0,0.0,test_particle,1147,TP_346,98.28240828099324,2.1691913393866038e-05,3.4150945850063763e-06
0,0.0,test_particle,1148,TP_347,103.01825036549377,2.9993961727222974e-05,3.062894363239529e-05
0,0.0,test_particle,1149,TP_348,101.28192925928248,1.991503795377608e-05,1.0316186218701491e-05
0,0.0,test_particle,1150,TP_349,96.23900345783314,2.9641066274515288e-05,0.0
0,0.0,test_particle,1151,TP_350,100.27098089172458,2.2265077231431433e-05,1.0138000340489137e-05
0,0.0,test_particle,1152,TP_351,103.08449411492836,3.159488523605145e-05,1.186100256021862e-05
0,0.0,test_particle,1153,TP_352,102.39873904832936,2.3991402142228335e-05,2.8342198958711723e-05
0,0.0,test_particle,1154,TP_353,100.94568705116977,2.4037604485490096e-05,2.531262485224852e-05
0,0.0,test_particle,1155,TP_354,96.69036346539632,8.336556965966451e-06,2.9178580924908405e-05
0,0.0,test_particle,1156,TP_355,102.23071087481047,1.8364905394293706e-05,2.229640951859779e-05
0,0.0,test_particle,1157,TP_356,100.63469496062484,2.171161053193868e-06,8.664856156940838e-06
0,0.0,test_particle,1158,TP_357,100.96580455380293,1.2244136735409055e-05,2.4759435741296416e-05
0,0.0,test_particle,1159,TP_358,103.90358001654242,1.905256894228675e-05,3.093677994638948e-05
0,0.0,test_particle,1160,TP_359,99.77220410954357,9.222668366643181e-06,1.7600994619320313e-05
0,0.0,test_particle,1161,TP_360,96.75706992702126,1.844445248540197e-05,1.2692257719825012e-05
0,0.0,test_particle,1162,TP_361,96.73197086633203,1.912442140602448e-05,1.8171544675186196e-05
0,0.0,test_particle,1163,TP_362,104.5121988697078,1.7958960729042412e-05,0.0
0,0.0,test_particle,1164,TP_363,102.05162427155969,3.100203917636455e-05,3.090141687907246e-05
0,0.0,test_particle,1165,TP_364,101.29197938829593,1.912787471844134e-05,1.7075472925031877e-06
0,0.0,test_particle,1166,TP_365,97.57652491347768,2.9022567143441234e-05,1.657728561965808e-05
0,0.0,test_particle,1167,TP_366,98.91385124420569,2.7643500602998317e-05,2.3737364141224494e-05
0,0.0,test_particle,1168,TP_367,100.2857442996218,2.8485201842903827e-05,1.45392412910642e-05
0,0.0,test_particle,1169,TP_368,100.28292489604353,2.355580601819531e-06,3.125324700419523e-05
0,0.0,test_particle,1170,TP_369,104.67552005272053,1.2209332820088349e-05,1.2074182697257333e-06
0,0.0,test_particle,1171,TP_370,104.79773535045724,1.0792735113628131e-05,1.5462498375200197e-05
0,0.0,test_particle,1172,TP_371,97.5106166561133,1.958766194877076e-05,2.8788761213039053e-05
0,0.0,test_particle,1173,TP_372,96.23886203033828,5.315238807697438e-06,2.002276682850205e-05
0,0.0,test_particle,1174,TP_373,104.26587724178376,2.1125626058644127e-05,6.273929367455621e-06
0,0.0,test_particle,1175,TP_374,104.62345201750708,1.2221404285191303e-05,1.03514553342977e-05
0,0.0,test_particle,1176,TP_375,97.21221390024574,1.1812565829603208e-05,1.3740186487444049e-05
0,0.0,test_particle,1177,TP_376,96.40361001456756,1.8688702426275932e-05,1.3004292747236537e-05
0,0.0,test_particle,1178,TP_377,95.61828960698004,1.2056591081363823e-05,2.593842462888128e-05
0,0.0,test_particle,1179,TP_378,102.07801398591852,2.129093510744742e-05,6.9884384818971375e-06
0,0.0,test_particle,1180,TP_379,99.61812734462924,7.287729157387549e-06,3.178515695259018e-05
0,0.0,test_particle,1181,TP_380,103.38893519307844,2.5437362658576188e-05,6.668185343934157e-06
0,0.0,test_particle,1182,TP_381,97.71565370544076,5.795820408472369e-06,1.0491346209810032e-05
0,0.0,test_particle,1183,TP_382,102.69034227704608,2.1636816821118906e-05,8.45192788808014e-06
0,0.0,test_particle,1184,TP_383,95.10245360383477,1.0862783058150969e-05,8.18910913293408e-06
0,0.0,test_particle,1185,TP_384,95.44769489988411,2.052537294445274e-05,1.8191590511038928e-05
0,0.0,test_particle,1186,TP_385,100.84392447388612,2.173162773031723e-05,1.7011319387290267e-05
0,0.0,test_particle,1187,TP_386,101.90025312230605,7.356399505842172e-06,2.084327099243578e-05
0,0.0,test_particle,1188,TP_387,103.68441545538717,9.306769611110667e-06,3.192245848566801e-05
0,0.0,test_particle,1189,TP_388,98.04596351328046,1.441728910051055e-05,2.1293053117836167e-05
0,0.0,test_particle,1190,TP_389,101.76774305864816,4.351020481749632e-06,7.443026089337888e-06
0,0.0,test_particle,1191,TP_390,102.12880722092622,2.4494988301473692e-05,2.9575586669421963e-06
0,0.0,test_particle,1192,TP_391,102.63802852330242,2.3305563690801977e-05,1.924308070525986e-05
0,0.0,test_particle,1193,TP_392,100.78552249315888,2.587897189666272e-05,2.3814010656927556e-05
0,0.0,test_particle,1194,TP_393,96.65459636395116,1.8763258509383018e-05,1.4362695820999273e-05
0,0.0,test_particle,1195,TP_394,99.17415825198555,2.2973844657404077e-05,6.273929367455621e-06
0,0.0,test_particle,1196,TP_395,100.45336459125501,2.3534250744686423e-05,2.0790746916525475e-05
0,0.0,test_particle,1197,TP_396,104.73060653517459,2.9514661066210235e-05,1.0421635496217848e-05
0,0.0,test_particle,1198,TP_397,98.56827672657978,2.153403127191985e-06,1.289169934879393e-05
0,0.0,test_particle,1199,TP_398,101.58840069445651,1.6852189863990555e-05,8.664856156940838e-06
0,0.0,test_particle,1200,TP_399,104.559842693402,4.181456287373509e-06,2.829071444942783e-05
0,0.0,test_particle,1201,TP_400,98.43908195464924,1.8046351415225044e-07,3.142768508641298e-05
0,0.0,test_particle,1202,TP_401,95.40527034096257,5.556830569770064e-06,1.9931546459655188e-05
0,0.0,test_particle,1203,TP_402,101.01435675979384,2.6088502537910497e-05,2.091309789151873e-06
0,0.0,test_particle,1204,TP_403,96.9564963648739,6.843279214578267e-06,6.331754823653221e-06
0,0.0,test_particle,1205,TP_404,96.05078258948772,8.604684898536286e-07,1.020964787746499e-05
0,0.0,test_particle,1206,TP_405,97.22064086025513,6.296634352060973e-06,1.1952831047522336e-05
0,0.0,test_particle,1207,TP_406,101.25970980042793,1.542591674479264e-05,2.709302391958106e-05
0,0.0,test_particle,1208,TP_407,103.20064488022992,1.4894101016525855e-05,3.158962491130937e-05
0,0.0,test_particle,1209,TP_408,101.00951244349767,1.711396152980809e-05,1.6444841801656834e-05
0,0.0,test_particle,1210,TP_409,95.4885990675806,1.4345691831597194e-05,2.9053404110380783e-05
0,0.0,test_particle,1211,TP_410,103.2666722137706,1.7493894770484603e-05,0.0
0,0.0,test_particle,1212,TP_411,101.28909618902738,2.9213218684403495e-05,1.1454575462498553e-05
0,0.0,test_particle,1213,TP_412,97.39427837752534,2.2715593575443136e-05,2.4223711491474025e-05
0,0.0,test_particle,1214,TP_413,102.3977496160106,2.2997069687990164e-05,2.699869328381916e-06
0,0.0,test_particle,1215,TP_414,104.13542648352991,2.551719262732011e-05,3.6222548091772e-06
0,0.0,test_particle,1216,TP_415,97.67091276637416,2.6525791407397448e-05,4.597711793052988e-06
0,0.0,test_particle,1217,TP_416,95.79233489006958,2.9051184062851115e-05,2.0579310097245934e-05
0,0.0,test_particle,1218,TP_417,99.7712722791525,1.700228744985722e-05,1.4489019236708837e-05
0,0.0,test_particle,1219,TP_418,98.94570010288308,1.2378331059461573e-05,8.954453545231656e-06
0,0.0,test_particle,1220,TP_419,96.7251193769828,2.7819760336138887e-05,3.106610012989557e-05
0,0.0,test_particle,1221,TP_420,95.36851540610046,1.2572223860094877e-05,2.9759860020269187e-05
0,0.0,test_particle,1222,TP_421,99.28757903255728,8.857367807132245e-06,1.3660378340025536e-05
0,0.0,test_particle,1223,TP_422,101.57968964494323,1.2449510362326624e-05,2.886462105788996e-05
0,0.0,test_particle,1224,TP_423,104.019166628522,1.7498139784413778e-05,9.115808030550376e-06
0,0.0,test_particle,1225,TP_424,100.36828401202149,1.087405875344781e-05,1.5248884911748957e-05
0,0.0,test_particle,1226,TP_425,96.57646564912142,3.049428844886195e-05,1.841065422929595e-05
0,0.0,test_particle,1227,TP_426,96.41259475906087,8.836155764960883e-06,2.0982692419620152e-05
0,0.0,test_particle,1228,TP_427,103.23372591370658,5.894646856413154e-06,2.9575586669421963e-06
0,0.0,test_particle,1229,TP_428,104.25448867703858,9.542905259898082e-06,2.6890481652835544e-05
0,0.0,test_particle,1230,TP_429,96.4589321977912,2.5350256344262256e-06,3.062894363239529e-05
0,0.0,test_particle,1231,TP_430,98.7893441147547,3.023989849285961e-05,2.091309789151873e-06
0,0.0,test_particle,1232,TP_431,96.28536757960946,1.1027243772810047e-06,7.194024615706825e-06
0,0.0,test_particle,1233,TP_432,102.38318936952405,2.7373878068515406e-05,2.8750756231172085e-05
0,0.0,test_particle,1234,TP_433,102.69340450921587,1.7195266588841003e-05,8.099607985145754e-06
0,0.0,test_particle,1235,TP_434,95.13678644273686,3.070080272818989e-05,1.8430439999894915e-05
0,0.0,test_particle,1236,TP_435,102.37264520091836,3.0450551489925763e-06,1.9033600058837345e-05
0,0.0,test_particle,1237,TP_436,103.77634796806403,1.4767394294578815e-05,3.1945284701301985e-06
0,0.0,test_particle,1238,TP_437,99.96405804459796,2.396003832784382e-05,5.9764155237611605e-06
0,0.0,test_particle,1239,TP_438,104.28940435871336,2.664023753220007e-05,2.0738089811501742e-05
0,0.0,test_particle,1240,TP_439,99.34148784360364,2.8646056423023323e-06,1.1454575462498553e-05
0,0.0,test_particle,1241,TP_440,103.18942848531002,2.2846217549137258e-05,4.90455619685548e-06
0,0.0,test_particle,1242,TP_441,98.69424284754477,1.5125973326251582e-05,1.562662350209747e-05
0,0.0,test_particle,1243,TP_442,101.0317902991159,3.058621459259502e-05,1.722423530049259e-05
0,0.0,test_particle,1244,TP_443,101.53124667553946,1.5427543048319623e-05,1.8311404696405027e-05
0,0.0,test_particle,1245,TP_444,95.03481923684613,6.809330945544034e-06,5.7905745997743736e-06
0,0.0,test_particle,1246,TP_445,103.1397095531887,1.1311195898205019e-05,1.4763126439582163e-05
0,0.0,test_particle,1247,TP_446,97.74584002662436,1.3585793200250763e-05,2.9065946051008295e-05
0,0.0,test_particle,1248,TP_447,102.68817293264165,9.394921908862339e-06,2.5298222219587597e-05
0,0.0,test_particle,1249,TP_448,95.21652875032044,3.0306004540794028e-05,3.1990888271559454e-05
0,0.0,test_particle,1250,TP_449,102.43776183266104,1.0631824493038157e-05,1.6063655294419955e-05
0,0.0,test_particle,1251,TP_450,102.32395433254986,6.023211900571872e-06,1.4209625421253986e-05
0,0.0,test_particle,1252,TP_451,103.48275548004284,1.9888589446831243e-05,1.8685748614844558e-05
0,0.0,test_particle,1253,TP_452,101.98296394588212,2.2922777604543915e-05,1.6400456182785058e-05
0,0.0,test_particle,1254,TP_453,95.19694353598636,1.8931726878720889e-06,1.1229639039294082e-05
0,0.0,test_particle,1255,TP_454,97.30211358779329,2.4976426866169507e-05,2.4670956235889678e-05
0,0.0,test_particle,1256,TP_455,95.87129312047175,1.2520936028756542e-05,1.4787793334710982e-06
0,0.0,test_particle,1257,TP_456,103.2264465683519,4.136510268562748e-06,8.580318953419392e-06
0,0.0,test_particle,1258,TP_457,104.76126779162591,1.7625208202576874e-05,9.77188602642399e-06
0,0.0,test_particle,1259,TP_458,95.0717110505227,2.8294721330051812e-05,2.1480510583046296e-05
0,0.0,test_particle,1260,TP_459,104.19532064785285,9.572450913642814e-06,1.0316186218701491e-05
0,0.0,test_particle,1261,TP_460,97.93154208006695,3.850002163005168e-06,1.4080795695456232e-05
0,0.0,test_particle,1262,TP_461,101.33880469636269,2.8997803703697826e-05,3.125324700419523e-05
0,0.0,test_particle,1263,TP_462,98.59278345996242,2.7887031468583393e-07,3.139287501286946e-05
0,0.0,test_particle,1264,TP_463,98.6696949410636,8.273214936945843e-06,2.7106472927070858e-05
0,0.0,test_particle,1265,TP_464,98.77391771404996,4.663032374928453e-06,3.192245848566801e-05
0,0.0,test_particle,1266,TP_465,104.05728230630852,2.627813786227069e-05,2.5966511723876633e-05
0,0.0,test_particle,1267,TP_466,102.0370613516329,1.2942327756561126e-05,1.9205163268014068e-05
0,0.0,test_particle,1268,TP_467,100.73863452164828,2.871429661236517e-05,3.15434412244619e-05
0,0.0,test_particle,1269,TP_468,103.96562339920305,2.458728018724434e-05,2.3737364141224494e-05
0,0.0,test_particle,1270,TP_469,103.08932487590802,9.400969336393123e-06,2.1900583802360337e-05
0,0.0,test_particle,1271,TP_470,102.41889266838197,3.407676722616945e-06,4.436338000413295e-06
0,0.0,test_particle,1272,TP_471,104.01895810509357,1.5658782565072468e-06,2.682262769242261e-05
0,0.0,test_particle,1273,TP_472,100.76974487077699,3.7224672090167237e-06,0.0
0,0.0,test_particle,1274,TP_473,98.72939138088228,9.895045465332189e-07,2.9278337048126537e-05
0,0.0,test_particle,1275,TP_474,97.53883161368745,2.0408802067743963e-06,1.2313298636799924e-05
0,0.0,test_particle,1276,TP_475,97.22445417391677,1.6903394232885392e-05,1.2074182697257333e-06
0,0.0,test_particle,1277,TP_476,102.76404463451802,4.556413599724665e-06,1.7642360116135545e-05
0,0.0,test_particle,1278,TP_477,104.35202091395728,4.651209760422672e-06,1.4413358044696506e-05
0,0.0,test_particle,1279,TP_478,100.11702172373663,3.174174109498594e-05,5.598568198963992e-06
0,0.0,test_particle,1280,TP_479,100.28601883689976,8.491729582070562e-06,3.084238833065715e-05
0,0.0,test_particle,1281,TP_480,101.69800095180976,1.445393586595284e-05,2.722721505217398e-05
0,0.0,test_particle,1282,TP_481,101.73220027083417,1.1969473962906482e-05,1.1799386545725382e-05
0,0.0,test_particle,1283,TP_482,97.24791101868065,7.91434475355212e-06,1.8685748614844558e-05
0,0.0,test_particle,1284,TP_483,100.77644946575046,5.121431268516976e-06,1.6903855776160324e-05
0,0.0,test_particle,1285,TP_484,100.09474685129257,5.790483714456471e-06,1.4812419152493543e-05
0,0.0,test_particle,1286,TP_485,102.79341650980217,1.3631747154626668e-05,7.540324677666867e-06
0,0.0,test_particle,1287,TP_486,103.30880883900326,2.4611574617813484e-05,1.4028932551663055e-05
0,0.0,test_particle,1288,TP_487,98.99222725202505,2.741168455702823e-05,1.2576871163780067e-05
0,0.0,test_particle,1289,TP_488,96.52035907694568,2.0957930459164374e-05,1.4028932551663055e-05
0,0.0,test_particle,1290,TP_489,98.9667394746341,2.363133649975009e-05,1.4080795695456232e-05
0,0.0,test_particle,1291,TP_490,99.57842193493381,2.6119734775611508e-05,2.9153588559787306e-05
0,0.0,test_particle,1292,TP_491,101.44616030123663,9.210569485840126e-06,2.598054388470835e-05
0,0.0,test_particle,1293,TP_492,103.48732723991668,1.3583576559511883e-05,2.909101371073535e-05
0,0.0,test_particle,1294,TP_493,100.65435698827345,1.1246163665133104e-05,3.014921243540363e-05
0,0.0,test_particle,1295,TP_494,95.03863882341706,2.32818256754303e-05,1.210433051621537e-05
0,0.0,test_particle,1296,TP_495,95.92627808741976,2.8213794218128226e-06,3.0485816944409457e-05
0,0.0,test_particle,1297,TP_496,103.73639746435802,6.4497896854680385e-06,2.262097403300073e-05
0,0.0,test_particle,1298,TP_497,97.22989282318392,1.2125749038688383e-05,3.088962019344348e-05
0,0.0,test_particle,1299,TP_498,97.39039742151361,2.281215541300356e-05,1.6018213462801612e-05
0,0.0,test_particle,1300,TP_499,102.35331856682241,7.783065468480546e-06,2.8031873559903006e-05
0,0.0,test_particle,1301,TP_500,103.04171334402967,1.1333266398752555e-05,1.5462498375200197e-05
0,0.0,test_particle,1302,TP_501,98.3942524895333,3.0242540331722053e-05,8.537736462515939e-07
0,0.0,test_particle,1303,TP_502,97.50682989509056,1.7730275100508337e-05,1.0173887179578492e-05
0,0.0,test_particle,1304,TP_503,99.55696860021185,2.0742913288857046e-05,1.850937158160324e-05
0,0.0,test_particle,1305,TP_504,97.06852361701515,2.528880854645671e-05,4.676310850554341e-06
0,0.0,test_particle,1306,TP_505,101.85987656574515,2.883783797454036e-06,2.218169000206661e-05
0,0.0,test_particle,1307,TP_506,102.18760781748155,2.37235639344205e-05,1.045654894575938e-05
0,0.0,test_particle,1308,TP_507,100.99867844827578,3.426258330620841e-06,8.831503268221697e-06
0,0.0,test_particle,1309,TP_508,102.03185414905643,1.750397892473129e-05,2.6863360635695186e-05
0,0.0,test_particle,1310,TP_509,102.92065875091298,6.299872274142372e-06,7.73124918760008e-06
0,0.0,test_particle,1311,TP_510,95.38920530786572,4.072243785205201e-06,1.599544413577957e-05
0,0.0,test_particle,1312,TP_511,96.84269998666822,1.884053438792151e-05,2.221452745898164e-05
0,0.0,test_particle,1313,TP_512,95.8350169538657,1.734227942996955e-05,4.00455336570039e-06
0,0.0,test_particle,1314,TP_513,104.48406961637711,8.747684807220853e-06,0.0
0,0.0,test_particle,1315,TP_514,98.5971265767143,9.537105521656814e-06,7.040397847728103e-06
0,0.0,test_particle,1316,TP_515,104.10774639681601,3.3004432870880315e-06,4.829673078902934e-06
0,0.0,test_particle,1317,TP_516,95.74042687467929,3.0669593720026424e-05,9.77188602642399e-06
0,0.0,test_particle,1318,TP_517,101.62688239103268,3.055274654524741e-05,6.037091348628668e-06
0,0.0,test_particle,1319,TP_518,98.6217367582934,3.151227296125855e-05,4.517745487845102e-06
0,0.0,test_particle,1320,TP_519,104.80382101559778,2.8315122952608905e-05,1.7075472925031877e-06
0,0.0,test_particle,1321,TP_520,98.94275869167117,2.6037378451741355e-05,1.8430439999894915e-05
0,0.0,test_particle,1322,TP_521,99.40376801584783,1.520494385910605e-07,2.2165253030559974e-05
0,0.0,test_particle,1323,TP_522,96.70644359382688,1.9931493440354616e-05,9.80911239371097e-06
0,0.0,test_particle,1324,TP_523,101.22850949430548,5.366118863026861e-06,1.1612577070626602e-05
0,0.0,test_particle,1325,TP_524,97.50906979463744,2.9846875941570564e-05,1.3226604453452851e-05
0,0.0,test_particle,1326,TP_525,101.13945863138451,2.837550886933728e-05,1.7075472925031877e-06
0,0.0,test_particle,1327,TP_526,97.56351342523853,3.3537887962057223e-06,3.0125025337699377e-05
0,0.0,test_particle,1328,TP_527,102.10152437885986,5.144598547417259e-06,2.6050591312682815e-05
0,0.0,test_particle,1329,TP_528,95.42829999093689,2.03836922077517e-05,4.7536104815230715e-06
0,0.0,test_particle,1330,TP_529,103.99530170178501,2.6844248382926368e-05,3.067650413252108e-05
0,0.0,test_particle,1331,TP_530,103.96183667971543,2.966204145136002e-05,3.112470440784726e-05
0,0.0,test_particle,1332,TP_531,104.47141466816217,2.1316203645058672e-05,2.742727075526903e-05
0,0.0,test_particle,1333,TP_532,103.63963696484778,1.776116129565785e-06,1.0866764427531615e-05
0,0.0,test_particle,1334,TP_533,104.52072379333995,1.789828267700077e-05,2.872539164199877e-05
0,0.0,test_particle,1335,TP_534,102.02377659971971,1.745573266166639e-05,2.6092529506690732e-05
0,0.0,test_particle,1336,TP_535,102.19711947617327,2.1660012036966095e-05,1.1549635809980122e-05
0,0.0,test_particle,1337,TP_536,102.09871254437171,1.0592708634569996e-05,2.000455603180256e-05
0,0.0,test_particle,1338,TP_537,99.13180572935592,7.839603017234973e-06,1.5603282751949065e-05
0,0.0,test_particle,1339,TP_538,100.9173742445769,1.891670998188747e-05,1.1706354451251847e-05
0,0.0,test_particle,1340,TP_539,103.66096172878478,1.3742210736091803e-05,1.574280817616329e-05
0,0.0,test_particle,1341,TP_540,99.10621158784318,2.688849750617022e-05,1.463916852406315e-05
0,0.0,test_particle,1342,TP_541,104.77998523561727,1.7587636390928937e-05,2.2148803860924733e-05
0,0.0,test_particle,1343,TP_542,102.03055567050532,2.9949718764277244e-05,1.8821788102366937e-05
0,0.0,test_particle,1344,TP_543,103.81952521756156,2.0682119236028897e-05,7.443026089337888e-06
0,0.0,test_particle,1345,TP_544,96.56596049520556,4.079906911047379e-06,1.319902026398418e-05
0,0.0,test_particle,1346,TP_545,100.33610519067908,7.266809001047225e-06,1.4388049231413678e-05
0,0.0,test_particle,1347,TP_546,97.42527530250632,3.13105545753054e-05,3.165877411826649e-05
0,0.0,test_particle,1348,TP_547,100.77441642444629,4.029462447467788e-06,2.62040365510697e-05
0,0.0,test_particle,1349,TP_548,96.02042998474634,1.0852480226374734e-05,2.091309789151873e-06
0,0.0,test_particle,1350,TP_549,103.5896832961867,2.478482488163628e-06,1.6925403083538737e-05
0,0.0,test_particle,1351,TP_550,96.79682015379635,2.395885083419771e-05,2.32094561643728e-05
0,0.0,test_particle,1352,TP_551,103.39895177854302,1.922745988669174e-05,1.926201143360106e-05
0,0.0,test_particle,1353,TP_552,102.27755278853213,4.059715769596185e-06,3.0003797379776638e-05
0,0.0,test_particle,1354,TP_553,102.25404510352617,1.2040724853951293e-05,1.850937158160324e-05
0,0.0,test_particle,1355,TP_554,98.56172771435415,1.3419992226894089e-05,2.2345394732206442e-05
0,0.0,test_particle,1356,TP_555,104.02828307572047,2.560907573273557e-05,2.6384230409038572e-05
0,0.0,test_particle,1357,TP_556,95.44190819161474,2.463334977267249e-05,1.03514553342977e-05
0,0.0,test_particle,1358,TP_557,98.3801483215783,1.935438585845176e-05,1.8685748614844558e-05
0,0.0,test_particle,1359,TP_558,95.9272333767637,1.6410330918457655e-05,1.666499673782919e-05
0,0.0,test_particle,1360,TP_559,104.73633766248031,2.7883298666863292e-05,6.830189170012755e-06
0,0.0,test_particle,1361,TP_560,100.52995120307693,7.4404042529429795e-06,7.143182815269534e-06
0,0.0,test_particle,1362,TP_561,104.76116740040293,6.477293885490005e-06,1.2576871163780067e-05
0,0.0,test_particle,1363,TP_562,100.39646051401344,2.4163321645537514e-06,2.8585484098696695e-05
0,0.0,test_particle,1364,TP_563,98.91914207321108,8.14927012385645e-06,2.4163453409354298e-05
0,0.0,test_particle,1365,TP_564,104.28603638222833,1.1964625969253466e-05,1.319902026398418e-05
0,0.0,test_particle,1366,TP_565,103.50054731122943,3.647058785472066e-06,2.9575586669422292e-05
0,0.0,test_particle,1367,TP_566,97.12813050201396,1.4334318015815725e-05,6.502146373618258e-06
0,0.0,test_particle,1368,TP_567,100.93108308897841,9.608012273280801e-06,1.186100256021862e-05
0,0.0,test_particle,1369,TP_568,104.60936270488602,1.3716308800260208e-05,3.114811524561212e-05
0,0.0,test_particle,1370,TP_569,95.62920705899376,2.7261912649272913e-05,1.835116892281229e-05
0,0.0,test_particle,1371,TP_570,102.83617255964487,1.0494842733058799e-05,2.9464469482568416e-05
0,0.0,test_particle,1372,TP_571,96.62847253064773,3.037961760908358e-05,2.0982692419620152e-05
0,0.0,test_particle,1373,TP_572,101.07857912849893,2.859955221351026e-05,3.52019892386405e-06
0,0.0,test_particle,1374,TP_573,98.7287547154128,1.8924903041746928e-06,3.065273310676416e-05
0,0.0,test_particle,1375,TP_574,96.67726290961559,4.9499023886532475e-06,2.2588727439225506e-06
0,0.0,test_particle,1376,TP_575,96.38390428649666,2.337688945853311e-05,2.665907355963277e-05
0,0.0,test_particle,1377,TP_576,97.49500197033277,2.4303635102805718e-05,1.8151476701449225e-05
0,0.0,test_particle,1378,TP_577,104.39652920798225,2.1309368960219574e-05,3.0854203074752875e-05
0,0.0,test_particle,1379,TP_578,98.49304819437691,1.56005555381241e-05,5.0509930079323e-06
0,0.0,test_particle,1380,TP_579,98.71471690168038,1.3519453658478546e-05,2.3920903194517875e-05
0,0.0,test_particle,1381,TP_580,100.93207572834702,1.2587007756858227e-05,1.6131578029909146e-05
0,0.0,test_particle,1382,TP_581,104.14939011770554,1.117945746359625e-05,8.009106731400786e-06
0,0.0,test_particle,1383,TP_582,95.08604955567178,2.2020778607577164e-05,1.3281600966983096e-05
0,0.0,test_particle,1384,TP_583,98.44496218745603,2.2553354963478657e-05,1.2605816820395112e-05
0,0.0,test_particle,1385,TP_584,96.19433086792301,2.2136065076822718e-05,2.134434115628997e-05
0,0.0,test_particle,1386,TP_585,98.16161480802067,9.949149886748245e-07,9.88314448090898e-06
0,0.0,test_particle,1387,TP_586,103.70337510037511,9.786532980783586e-06,1.3713635377634418e-05
0,0.0,test_particle,1388,TP_587,104.386061662291,2.7741882715381398e-05,6.830189170012755e-06
0,0.0,test_particle,1389,TP_588,99.75652106751522,6.136703061267337e-06,2.047277283233529e-05
0,0.0,test_particle,1390,TP_589,101.84936437123555,2.6497381175215886e-05,3.52019892386405e-06
0,0.0,test_particle,1391,TP_590,100.6652367003571,2.1498847419796976e-05,1.1358719589327519e-05
0,0.0,test_particle,1392,TP_591,96.40872796704778,7.411255850469413e-07,1.7075472925031877e-06
0,0.0,test_particle,1393,TP_592,96.99612091234864,1.6814676862518984e-05,2.548482156459163e-05
0,0.0,test_particle,1394,TP_593,96.60682392777959,5.497462188991042e-06,2.8826716089393242e-05
0,0.0,test_particle,1395,TP_594,104.81397332832107,3.828174567957944e-06,2.4208661032430873e-05
0,0.0,test_particle,1396,TP_595,100.48752877725269,6.590772407298864e-06,1.2976235988020372e-05
0,0.0,test_particle,1397,TP_596,103.364045329374,1.3092490616636626e-05,1.3526318390362917e-05
0,0.0,test_particle,1398,TP_597,98.12635354194776,5.500537452338364e-06,1.2342862421580037e-05
0,0.0,test_particle,1399,TP_598,100.65936895223707,2.1410449773883638e-05,1.392462677356116e-05
0,0.0,test_particle,1400,TP_599,100.40080568288337,1.7514489990644e-05,2.4208661032430873e-05
0,0.0,test_particle,1401,TP_600,96.69453179607184,1.882435109186719e-05,2.6700056018199894e-05
0,0.0,test_particle,1402,TP_601,102.12575864349326,2.816495831949982e-05,2.1800504449438904e-05
0,0.0,test_particle,1403,TP_602,97.9438071922302,2.841922777077073e-06,2.6480749995996562e-05
0,0.0,test_particle,1404,TP_603,95.93530151307921,8.964428404440304e-06,2.6958164824717834e-05
0,0.0,test_particle,1405,TP_604,100.5147212029164,2.528122309235711e-05,7.443026089337888e-06
0,0.0,test_particle,1406,TP_605,95.25153275628007,2.823091252417085e-05,2.066767164616705e-05
0,0.0,test_particle,1407,TP_606,102.98611246142299,3.0001038234218064e-05,5.4668187275950014e-06
0,0.0,test_particle,1408,TP_607,99.12754851036378,2.763902463728987e-05,0.0
0,0.0,test_particle,1409,TP_608,102.9225359701742,3.014088313288653e-05,2.831646840510158e-06
0,0.0,test_particle,1410,TP_609,95.78939675703198,3.0470161164419885e-05,2.8572731261078417e-05
0,0.0,test_particle,1411,TP_610,101.55520075111421,2.1068693097919226e-05,2.6998693283819406e-05
0,0.0,test_particle,1412,TP_611,100.03133892791247,1.671931677051089e-05,1.1549635809980122e-05
0,0.0,test_particle,1413,TP_612,95.25559766635432,9.056618296415488e-06,7.393896667355496e-06
0,0.0,test_particle,1414,TP_613,103.1070488384162,6.149377458273186e-07,5.598568198963992e-06
0,0.0,test_particle,1415,TP_614,103.38176014762077,3.0142831634741402e-05,1.9090959104164224e-06
0,0.0,test_particle,1416,TP_615,104.31702266340129,1.2934460170021786e-05,2.8406423375891032e-05
0,0.0,test_particle,1417,TP_616,104.14327624287317,1.781318103563864e-05,0.0
0,0.0,test_particle,1418,TP_617,100.98738435628144,2.1794622781770143e-05,8.913658556096819e-06
0,0.0,test_particle,1419,TP_618,103.60170156349167,9.217369327836167e-06,1.6925403083538737e-05
0,0.0,test_particle,1420,TP_619,100.62227554621576,2.9718611035835074e-05,5.263014220319208e-06
0,0.0,test_particle,1421,TP_620,98.65683203387006,3.0964354341921944e-05,1.3281600966983096e-05
0,0.0,test_particle,1422,TP_621,101.94859619542785,2.3961977660502085e-05,8.45192788808014e-06
0,0.0,test_particle,1423,TP_622,104.32279447553091,2.365552950681799e-05,7.3444386094852035e-06
0,0.0,test_particle,1424,TP_623,97.57070048047244,5.84428777576137e-06,0.0
0,0.0,test_particle,1425,TP_624,100.0430487946777,2.386994508567092e-05,1.7642360116135545e-05
0,0.0,test_particle,1426,TP_625,101.49648907211746,2.5573259586537064e-05,2.273347690686424e-05
0,0.0,test_particle,1427,TP_626,102.37021912325534,9.598925839911208e-06,2.7979818039477206e-05
0,0.0,test_particle,1428,TP_627,97.47019838116428,1.3296078798002988e-05,1.1768457563181822e-05
0,0.0,test_particle,1429,TP_628,102.94038904643824,2.0092914584087446e-05,3.019752851196985e-05
0,0.0,test_particle,1430,TP_629,100.24574833271335,7.224743343005651e-07,8.321556147031972e-06
0,0.0,test_particle,1431,TP_630,98.6159802230754,1.7100335361256813e-05,0.0
0,0.0,test_particle,1432,TP_631,99.37915857005075,1.5557673391308765e-05,2.0383566426149207e-05
0,0.0,test_particle,1433,TP_632,99.56508931786959,2.4636087208992147e-06,2.4729977746640186e-05
0,0.0,test_particle,1434,TP_633,99.10497062620989,1.716283636432186e-05,1.7075472925031877e-06
0,0.0,test_particle,1435,TP_634,99.18934165417325,7.115619293982476e-06,2.3844600278602423e-05
0,0.0,test_particle,1436,TP_635,102.2926327916473,2.0569928137304235e-05,2.2588727439225506e-06
0,0.0,test_particle,1437,TP_636,101.85999060371813,5.697245067821271e-06,2.325651830698318e-05
0,0.0,test_particle,1438,TP_637,101.79543855284103,1.0978613873432585e-05,1.4787793334710982e-06
0,0.0,test_particle,1439,TP_638,103.64665338031094,1.627709899262616e-05,1.6533255566816085e-05
0,0.0,test_particle,1440,TP_639,99.78748414682055,8.330139381154269e-06,1.2547858734911261e-05
0,0.0,test_particle,1441,TP_640,104.89611934291862,1.8367720264131972e-06,1.020964787746499e-05
0,0.0,test_particle,1442,TP_641,97.47743798682964,1.4728619012368247e-05,2.0650029584355165e-05
0,0.0,test_particle,1443,TP_642,96.19673567687512,1.1002236300920292e-05,6.668185343934157e-06
0,0.0,test_particle,1444,TP_643,99.25652040597595,8.721755939532281e-06,8.913658556096819e-06
0,0.0,test_particle,1445,TP_644,101.56550651996133,1.4620083439875666e-05,2.2049851152230296e-05
0,0.0,test_particle,1446,TP_645,98.4959791205771,3.153581202509905e-05,5.853177225625916e-06
0,0.0,test_particle,1447,TP_646,101.72273547674662,2.4838266520224495e-05,2.221452745898164e-05
0,0.0,test_particle,1448,TP_647,103.65516606324466,7.879527765821478e-06,4.094554566467037e-06
0,0.0,test_particle,1449,TP_648,103.25213563649307,1.6191716282049235e-05,1.0421635496217848e-05
0,0.0,test_particle,1450,TP_649,99.89705884964864,4.791105577357412e-06,1.1454575462498553e-05
0,0.0,test_particle,1451,TP_650,100.49508547462398,6.720211450068857e-06,1.1000103948581645e-05
0,0.0,test_particle,1452,TP_651,95.3886563553589,1.1346792624021059e-06,1.1197136397927998e-05
0,0.0,test_particle,1453,TP_652,102.15674309313847,1.2619170845338902e-07,8.537736462515939e-07
0,0.0,test_particle,1454,TP_653,95.39627261458425,2.5684666815377688e-05,1.578904266095767e-05
0,0.0,test_particle,1455,TP_654,104.25362876253463,3.168770476347573e-05,1.1518036199983983e-05
0,0.0,test_particle,1456,TP_655,100.31005667061747,1.210840324002361e-05,1.5367925632528735e-05
0,0.0,test_particle,1457,TP_656,98.35161249328684,2.5118747652080887e-05,2.045496267426006e-05
0,0.0,test_particle,1458,TP_657,102.24473790203038,1.8154837338878108e-05,1.2835032264144346e-05
0,0.0,test_particle,1459,TP_658,100.45379276571909,2.3126218248451506e-05,1.325413123547268e-05
0,0.0,test_particle,1460,TP_659,97.38031359593953,8.639639595417512e-06,5.3318147119265075e-06
0,0.0,test_particle,1461,TP_660,96.0161544289762,8.637412896597989e-06,2.1310162845882393e-05
0,0.0,test_particle,1462,TP_661,104.84511553290986,1.8082169064292264e-05,2.699869328381916e-06
0,0.0,test_particle,1463,TP_662,102.52469118333822,2.1624440245995358e-05,5.72728773124927e-06
0,0.0,test_particle,1464,TP_663,97.37335514746371,1.9070777306694846e-05,5.0509930079323e-06
0,0.0,test_particle,1465,TP_664,97.31112944226851,1.971372617220922e-05,2.1086653546985296e-05
0,0.0,test_particle,1466,TP_665,103.55069930253997,1.058554302312641e-05,2.3829310376242385e-05
0,0.0,test_particle,1467,TP_666,101.00261147968872,4.340933057196897e-06,1.306022544728445e-05
0,0.0,test_particle,1468,TP_667,97.1249560522203,2.502173618561615e-05,1.7600994619320313e-05
0,0.0,test_particle,1469,TP_668,103.80429275782635,2.6336540252065567e-05,3.1762215659848485e-05
0,0.0,test_particle,1470,TP_669,98.13238730503443,2.762988019400764e-05,2.5355783664240607e-05
0,0.0,test_particle,1471,TP_670,99.00054965887378,2.0481673894838586e-05,2.3614212264245028e-05
0,0.0,test_particle,1472,TP_671,104.56892777821525,5.7161158060885405e-06,3.0414001021467728e-05
0,0.0,test_particle,1473,TP_672,100.6800097519814,1.2483510798984413e-05,2.561320938754782e-06
0,0.0,test_particle,1474,TP_673,101.94436719308771,5.7295215729828e-06,4.353408482428142e-06
0,0.0,test_particle,1475,TP_674,100.96893701473824,2.589924649656314e-05,1.893761558392725e-05
0,0.0,test_particle,1476,TP_675,96.49942176926898,4.332697974429605e-06,1.911004052732249e-05
0,0.0,test_particle,1477,TP_676,104.5674836845419,8.102900579493552e-06,6.722620413208828e-06
0,0.0,test_particle,1478,TP_677,100.95960609941116,2.161709815585427e-06,1.5128907556614795e-05
0,0.0,test_particle,1479,TP_678,101.48352665709645,1.758252694277098e-05,2.7992840994820227e-05
0,0.0,test_particle,1480,TP_679,98.04289828476365,2.8149220421756223e-05,2.2099382890764463e-05
0,0.0,test_particle,1481,TP_680,104.37343321339526,2.0298278375057527e-05,1.2074182697257333e-06
0,0.0,test_particle,1482,TP_681,100.98510634681581,2.4861500880118084e-05,1.2074182697257333e-06
0,0.0,test_particle,1483,TP_682,97.447283727157,1.2595054575772359e-05,3.818191820832846e-06
0,0.0,test_particle,1484,TP_683,96.75039888096804,6.03877753859023e-06,2.883935661448634e-05
0,0.0,test_particle,1485,TP_684,97.38922712792318,1.3018254510065329e-05,2.6022594967880463e-05
0,0.0,test_particle,1486,TP_685,100.00721072374684,1.9860620277127743e-05,1.2976235988020372e-05
0,0.0,test_particle,1487,TP_686,97.19456233769543,2.7760838979731403e-05,2.3920903194517875e-05
0,0.0,test_particle,1488,TP_687,98.44489222642395,1.408963674054791e-05,1.5032236230862699e-05
0,0.0,test_particle,1489,TP_688,98.50599849527875,1.9536487250659237e-05,8.99506352021738e-06
0,0.0,test_particle,1490,TP_689,104.58499553024133,6.970652118052147e-06,0.0
0,0.0,test_particle,1491,TP_690,96.17185522834605,2.2064890961425127e-06,2.449303836449816e-05
0,0.0,test_particle,1492,TP_691,102.23288335815201,1.4356121870723607e-05,5.0509930079323e-06
0,0.0,test_particle,1493,TP_692,104.69749226741588,1.5191735734733707e-05,1.1922300139301147e-05
0,0.0,test_particle,1494,TP_693,101.18473698300743,7.800607192551245e-06,1.198328416961092e-05
0,0.0,test_particle,1495,TP_694,96.67410351837125,1.6175429991868826e-05,1.020964787746499e-05
0,0.0,test_particle,1496,TP_695,98.90181028483505,2.6477989240931793e-05,1.7075472925031877e-06
0,0.0,test_particle,1497,TP_696,104.18862245323116,2.2939799820755543e-05,2.000455603180256e-05
0,0.0,test_particle,1498,TP_697,103.26579794740098,1.9100433785760604e-05,2.3966568339221968e-05
0,0.0,test_particle,1499,TP_698,98.8657659527732,2.8225585648329225e-05,5.72728773124927e-06
0,0.0,test_particle,1500,TP_699,104.33394060661735,2.6755825110318002e-05,1.4812419152493543e-05
0,0.0,test_particle,1501,TP_700,97.46056980486827,1.5646850377721902e-05,8.537736462515939e-07
0,0.0,test_particle,1502,TP_701,100.47808237110823,2.2272239431106983e-05,1.2074182697257333e-06
0,0.0,test_particle,1503,TP_702,97.99230100601655,3.117492894984977e-05,2.7025678491239083e-05
0,0.0,test_particle,1504,TP_703,103.16193269070361,9.705595996163374e-06,3.1773688376733324e-05
0,0.0,test_particle,1505,TP_704,100.24008894618783,2.4349777670190868e-05,2.645320890690588e-05
0,0.0,test_particle,1506,TP_705,104.1761363263235,1.2744754660705326e-05,2.8393590114167225e-05
0,0.0,test_particle,1507,TP_706,100.60670768918676,1.153549744070217e-05,1.4787793334710982e-06
0,0.0,test_particle,1508,TP_707,101.07332955744334,9.84288366162672e-06,2.091309789151873e-06
0,0.0,test_particle,1509,TP_708,98.92986904750937,2.8542533999847465e-06,1.860756522334479e-05
0,0.0,test_particle,1510,TP_709,104.28231796102327,2.0369392108043233e-05,3.1830989935233354e-05
0,0.0,test_particle,1511,TP_710,104.16700390761956,1.5301422643883688e-05,2.5211633640790377e-05
0,0.0,test_particle,1512,TP_711,100.96173650661974,2.161793622896716e-05,1.1099057401270736e-05
0,0.0,test_particle,1513,TP_712,101.76874233672815,2.3722141952722777e-05,4.00455336570039e-06
0,0.0,test_particle,1514,TP_713,98.35597849435054,1.493476018917105e-05,1.1549635809980122e-05
0,0.0,test_particle,1515,TP_714,95.93077161352554,8.521603766485023e-06,2.623183925019106e-05
0,0.0,test_particle,1516,TP_715,100.41510560324998,4.20844565632323e-06,7.143182815269534e-06
0,0.0,test_particle,1517,TP_716,98.87585062560849,1.7812453532417115e-05,3.104262744038639e-05
0,0.0,test_particle,1518,TP_717,102.16643031745845,2.3369288575404115e-05,2.3334744287397123e-05
0,0.0,test_particle,1519,TP_718,98.81530170540645,3.149616375332332e-05,1.1643920115677384e-05
0,0.0,test_particle,1520,TP_719,103.45631368319627,4.968807601191565e-06,1.8171544675186196e-05
0,0.0,test_particle,1521,TP_720,104.60020347787777,2.790936679244526e-05,1.1164539134006841e-05
0,0.0,test_particle,1522,TP_721,101.10208806664403,9.017725195029282e-06,2.0790746916525475e-05
0,0.0,test_particle,1523,TP_722,100.87307178676433,8.275968809301087e-07,2.2263692832568247e-05
0,0.0,test_particle,1524,TP_723,96.4582017342141,1.3933726144007737e-05,3.0209595456911797e-05
0,0.0,test_particle,1525,TP_724,102.18099785266922,7.629989977367951e-06,1.4438622495364691e-05
0,0.0,test_particle,1526,TP_725,98.50124958293188,1.67073804489174e-05,3.111299238319633e-05
0,0.0,test_particle,1527,TP_726,96.07543300874936,7.364892649141697e-06,1.303228910417746e-05
0,0.0,test_particle,1528,TP_727,100.78308451918673,1.5719345639690073e-05,1.2692257719825012e-05
0,0.0,test_particle,1529,TP_728,98.03116353396707,5.477907726967211e-06,2.166634622491146e-05
0,0.0,test_particle,1530,TP_729,104.97543148222084,1.5602895290582268e-05,1.5835142153691223e-05
0,0.0,test_particle,1531,TP_730,95.99827881814959,1.2829644245051418e-05,3.148561635232688e-05
0,0.0,test_particle,1532,TP_731,101.08110071806591,2.4135066653615578e-05,2.1086653546985296e-05
0,0.0,test_particle,1533,TP_732,97.5849347390143,1.557364308606238e-05,4.676310850554341e-06
0,0.0,test_particle,1534,TP_733,99.99028141782385,5.20084009689186e-06,3.0806916911985116e-05
0,0.0,test_particle,1535,TP_734,103.43254363112229,2.0026685289464363e-05,1.3309014001239913e-05
0,0.0,test_particle,1536,TP_735,98.80809705652013,4.316034187566945e-06,3.52019892386405e-06
0,0.0,test_particle,1537,TP_736,104.92817752753571,2.5094312139155073e-05,5.122641877509565e-06
0,0.0,test_particle,1538,TP_737,101.87336952892436,1.5695739865270943e-06,2.6425639114207566e-05
0,0.0,test_particle,1539,TP_738,98.90313670566553,2.1094844484241414e-06,2.5370153619298495e-05
0,0.0,test_particle,1540,TP_739,98.05123063094105,1.154099691889058e-05,2.186727491038013e-05
0,0.0,test_particle,1541,TP_740,99.93636408564251,9.267497625063931e-07,8.099607985145754e-06
0,0.0,test_particle,1542,TP_741,98.64475059776994,1.997049492925583e-05,2.6522008005948065e-05
0,0.0,test_particle,1543,TP_742,102.77940598758535,2.6412699895442414e-05,6.668185343934157e-06
0,0.0,test_particle,1544,TP_743,99.29883090221557,3.151433420484686e-05,3.52019892386405e-06
0,0.0,test_particle,1545,TP_744,102.14453236007238,1.5031623104367349e-05,2.7294063213316153e-05
0,0.0,test_particle,1546,TP_745,102.56855276814979,2.9488882399758953e-05,1.987661329191399e-05
0,0.0,test_particle,1547,TP_746,95.4640356082917,1.003230740468535e-05,2.9624838304987327e-05
0,0.0,test_particle,1548,TP_747,96.77429546381012,1.56142235784317e-05,3.1945284701301985e-06
0,0.0,test_particle,1549,TP_748,95.79530702480803,1.2967701658392758e-05,2.7718074044593696e-05
0,0.0,test_particle,1550,TP_749,98.92308490707508,3.2440026460495157e-06,2.9894271897060604e-05
0,0.0,test_particle,1551,TP_750,98.68405928571948,7.835860625822703e-06,1.823161606110081e-05
0,0.0,test_particle,1552,TP_751,104.28057595985564,1.0961750541298813e-05,2.0579310097245934e-05
0,0.0,test_particle,1553,TP_752,100.71356508627444,5.49510775334619e-06,3.01129245035748e-05
0,0.0,test_particle,1554,TP_753,95.95504130732198,2.369154907869322e-05,9.035490975690211e-06
0,0.0,test_particle,1555,TP_754,100.3013960173044,1.6656953092651843e-05,1.9090959104164224e-06
0,0.0,test_particle,1556,TP_755,95.47174556515117,1.2110058620242679e-05,1.9599638118362943e-05
0,0.0,test_particle,1557,TP_756,100.48257781146977,1.8513932018998607e-05,9.956626120759437e-06
0,0.0,test_particle,1558,TP_757,97.00231822522395,2.0168149253362217e-05,1.8489670275773655e-05
0,0.0,test_particle,1559,TP_758,95.22741463439175,2.485421034733302e-05,1.6221699278780337e-05
0,0.0,test_particle,1560,TP_759,98.10588237868946,3.145724388779616e-05,2.075565702330201e-05
0,0.0,test_particle,1561,TP_760,99.46974002326444,2.0180022537900694e-05,1.6422663987382993e-05
0,0.0,test_particle,1562,TP_761,103.16597046891154,2.448159921887858e-05,2.465617878249081e-05
0,0.0,test_particle,1563,TP_762,104.68678201116468,1.835682079569535e-05,6.936089891014029e-06
0,0.0,test_particle,1564,TP_763,96.72062188417172,1.4864411799810198e-05,1.3418106104862006e-05
0,0.0,test_particle,1565,TP_764,100.14626326213644,2.8373827389302495e-05,2.6162277103736507e-05
0,0.0,test_particle,1566,TP_765,103.44849823837524,1.7691203603314425e-05,6.722620413208828e-06
0,0.0,test_particle,1567,TP_766,103.63336174020984,2.5095755294030996e-05,2.1378464825009335e-05
0,0.0,test_particle,1568,TP_767,99.63921644643855,2.2707214703579956e-05,1.9525114509642464e-05
0,0.0,test_particle,1569,TP_768,101.45998570577967,1.0951949631091925e-05,1.1390761175093017e-05
0,0.0,test_particle,1570,TP_769,100.61049029412222,1.285290069007734e-05,2.3583323811175405e-05
0,0.0,test_particle,1571,TP_770,95.34285734053476,1.819555257510745e-05,6.502146373618258e-06
0,0.0,test_particle,1572,TP_771,99.40608224189522,2.203734667010878e-05,2.6686402191677665e-05
0,0.0,test_particle,1573,TP_772,99.54517068725,2.4701613664182827e-05,1.77863817720369e-05
0,0.0,test_particle,1574,TP_773,96.77546552278321,1.801831434093951e-05,3.035402462505872e-05
0,0.0,test_particle,1575,TP_774,97.82606311002179,1.7366042801200676e-05,1.6839048422762124e-05
0,0.0,test_particle,1576,TP_775,97.50598536415444,2.5632865396669694e-05,2.134434115628997e-05
0,0.0,test_particle,1577,TP_776,96.789776235904,1.8777416287146186e-05,3.113641202699663e-05
0,0.0,test_particle,1578,TP_777,96.57257458937022,3.122169094091945e-05,7.540324677666867e-06
0,0.0,test_particle,1579,TP_778,97.25851483781236,2.145167566508394e-05,3.078324659199975e-06
0,0.0,test_particle,1580,TP_779,104.75016327874816,1.7511903961935236e-05,2.4148365394514843e-05
0,0.0,test_particle,1581,TP_780,98.57760890282047,3.196990191118066e-05,2.0419295754930057e-05
0,0.0,test_particle,1582,TP_781,100.11006251462383,3.0604884655325646e-05,2.8952872998872167e-05
0,0.0,test_particle,1583,TP_782,100.9038385036914,2.6277730812953385e-06,5.193302344775284e-06
0,0.0,test_particle,1584,TP_783,97.12167299216145,2.2107346634398858e-05,2.0383566426149207e-05
0,0.0,test_particle,1585,TP_784,101.25538349584953,1.8252970132539556e-05,5.9764155237611605e-06
0,0.0,test_particle,1586,TP_785,99.36259332401318,8.009170979986182e-06,2.5839879375781124e-05
0,0.0,test_particle,1587,TP_786,98.60587547162085,9.764893787522509e-06,4.353408482428142e-06
0,0.0,test_particle,1588,TP_787,100.10999414561604,2.7455663301560545e-06,1.835116892281229e-05
0,0.0,test_particle,1589,TP_788,97.62317177166281,1.7327499653471086e-05,2.045496267426006e-05
0,0.0,test_particle,1590,TP_789,98.54857341347699,2.7437990452862916e-05,7.540324677666867e-06
0,0.0,test_particle,1591,TP_790,104.5393639986237,1.4150836432526777e-05,1.679570459689203e-05
0,0.0,test_particle,1592,TP_791,101.98561946604505,1.680244775482638e-05,4.676310850554341e-06
0,0.0,test_particle,1593,TP_792,96.0308859660976,4.675222692102323e-06,0.0
0,0.0,test_particle,1594,TP_793,101.7453915124849,2.1600603547650527e-05,4.517745487845102e-06
0,0.0,test_particle,1595,TP_794,100.56703735141703,7.864398922616531e-06,2.593842462888128e-05
0,0.0,test_particle,1596,TP_795,101.54447716433236,1.3367225210749324e-05,2.298855896526509e-05
0,0.0,test_particle,1597,TP_796,101.82381631610463,3.838580201404885e-06,2.4148365394514667e-06
0,0.0,test_particle,1598,TP_797,103.24735197125673,2.5910025849970514e-05,2.733409363797526e-05
0,0.0,test_particle,1599,TP_798,96.36985515011077,2.3180508135006425e-05,3.078324659199975e-06
0,0.0,test_particle,1600,TP_799,99.84729254667165,5.803585530925998e-06,1.1066171232981577e-05
0,0.0,test_particle,1601,TP_800,96.95245894545572,2.2091593983033416e-05,1.2518779069552075e-05
0,0.0,test_particle,1602,TP_801,100.28036647512364,3.140390112700521e-05,1.1737447080919157e-05
0,0.0,test_particle,1603,TP_802,97.34418301942476,1.6561815164120423e-06,1.4002928947190923e-05
0,0.0,test_particle,1604,TP_803,102.24471833073027,5.374346621697421e-06,2.3443822150653013e-05
0,0.0,test_particle,1605,TP_804,102.00712580268375,7.191598094626139e-06,1.1549635809980122e-05
0,0.0,test_particle,1606,TP_805,104.68694618844677,7.405981456452699e-06,1.0280796110218938e-05
0,0.0,test_particle,1607,TP_806,103.08688379514489,1.953418796296376e-05,9.468807791963592e-06
0,0.0,test_particle,1608,TP_807,96.00915031040456,2.7631716280433034e-05,1.5926940848252804e-05
0,0.0,test_particle,1609,TP_808,99.57685579558813,2.7191034108800898e-05,2.5627434997857515e-05
0,0.0,test_particle,1610,TP_809,103.19767588618812,1.362023818545976e-05,1.4787793334710982e-06
0,0.0,test_particle,1611,TP_810,102.59514944478813,8.447110895636086e-06,2.6713702866020766e-05
0,0.0,test_particle,1612,TP_811,104.95768796874172,2.9561739521875036e-05,2.784925354712252e-05
0,0.0,test_particle,1613,TP_812,100.34372507025186,1.2866484940661725e-05,3.4150945850063763e-06
0,0.0,test_particle,1614,TP_813,99.06029560630533,1.8345964502729743e-05,8.537736462515939e-07
0,0.0,test_particle,1615,TP_814,95.0548839613459,2.7420529324177258e-05,2.762587777190695e-05
0,0.0,test_particle,1616,TP_815,96.85704173066317,2.3546276378851274e-05,1.9090959104164224e-06
0,0.0,test_particle,1617,TP_816,99.24757117695603,4.901093841073857e-06,7.091976543484069e-06
0,0.0,test_particle,1618,TP_817,97.7978681167726,9.824817259451175e-06,4.094554566467037e-06
0,0.0,test_particle,1619,TP_818,101.12615829434166,2.6023453299635138e-05,1.2919939687890481e-05
0,0.0,test_particle,1620,TP_819,99.87794134917517,8.467730434580151e-06,2.699869328381916e-06
0,0.0,test_particle,1621,TP_820,104.88192120997188,1.5424632534649804e-05,1.1922300139301147e-05
0,0.0,test_particle,1622,TP_821,97.50701429153531,1.9429696450692757e-05,3.0076592789757522e-05
0,0.0,test_particle,1623,TP_822,96.76222165206521,2.4629813883663593e-06,1.8879790668529747e-05
0,0.0,test_particle,1624,TP_823,101.59512400691328,1.6333607988810137e-05,1.225395709315776e-05
0,0.0,test_particle,1625,TP_824,102.92750828209847,2.1273624496412097e-05,2.8610972720879466e-05
0,0.0,test_particle,1626,TP_825,103.91742302317925,1.026966974456586e-05,0.0
0,0.0,test_particle,1627,TP_826,100.24599764508619,2.447693928035742e-06,7.824964720612764e-06
0,0.0,test_particle,1628,TP_827,97.91943507951433,1.4484473697524996e-05,1.698988104306101e-05
0,0.0,test_particle,1629,TP_828,95.85059479670781,1.1965666427101493e-05,2.3814010656927556e-05
0,0.0,test_particle,1630,TP_829,96.07644893039843,3.7827605709921635e-06,2.1034737209993527e-05
0,0.0,test_particle,1631,TP_830,100.16771659431103,2.1146601508234528e-05,7.143182815269534e-06
0,0.0,test_particle,1632,TP_831,98.75563410250149,6.922841924575524e-06,2.8889863407320775e-05
0,0.0,test_particle,1633,TP_832,95.44953472411349,6.130759518792044e-06,1.9469034601067135e-05
0,0.0,test_particle,1634,TP_833,99.03658770299171,1.5544556106132667e-06,1.945030536671637e-05
0,0.0,test_particle,1635,TP_834,103.68500161961742,2.208922135441216e-05,1.7075472925031877e-06
0,0.0,test_particle,1636,TP_835,98.8155877390727,2.0147322473324013e-05,1.7075472925031877e-06
0,0.0,test_particle,1637,TP_836,95.05322982040421,1.2785740000147058e-05,2.829071444942783e-05
0,0.0,test_particle,1638,TP_837,99.4874623387517,1.2347551235180639e-05,1.4787793334710982e-06
0,0.0,test_particle,1639,TP_838,100.15167487014119,2.5412944579650398e-05,7.194024615706825e-06
0,0.0,test_particle,1640,TP_839,95.08683598463867,5.45265738338641e-06,1.5056462251787269e-05
0,0.0,test_particle,1641,TP_840,97.12133975423026,5.906710266094433e-06,2.047277283233529e-05
0,0.0,test_particle,1642,TP_841,98.89819648462087,1.2111110071566634e-05,1.2074182697257333e-06
0,0.0,test_particle,1643,TP_842,96.58298917289919,3.3845674803223506e-06,3.078324659199975e-06
0,0.0,test_particle,1644,TP_843,100.0032644815914,4.9003792860486885e-06,1.6018213462801612e-05
0,0.0,test_particle,1645,TP_844,99.23530194893924,1.827380531399946e-08,2.5153742327560286e-05
0,0.0,test_particle,1646,TP_845,103.20787334564427,2.101241001025823e-05,7.963470424126384e-06
0,0.0,test_particle,1647,TP_846,103.61956548335459,5.609132145001385e-06,1.1326587362040649e-05
0,0.0,test_particle,1648,TP_847,98.45871023235527,7.21228943306546e-06,2.7704921932800045e-05
0,0.0,test_particle,1649,TP_848,104.15130449231067,1.8391628095446815e-05,1.6086328072527303e-05
0,0.0,test_particle,1650,TP_849,103.25153462340535,2.0976350743628003e-05,2.5499118800815618e-05
0,0.0,test_particle,1651,TP_850,97.02100104732904,2.2801329982065e-05,1.6040950469935144e-05
0,0.0,test_particle,1652,TP_851,102.87693447666207,1.0203755389378151e-05,2.7493632504236408e-05
0,0.0,test_particle,1653,TP_852,97.52694127901705,1.0458709597704667e-05,9.77188602642399e-06
0,0.0,test_particle,1654,TP_853,103.91287221756457,6.54965213286681e-06,1.7075472925031942e-05
0,0.0,test_particle,1655,TP_854,104.71689710429543,2.1264394884257165e-05,1.2074182697257333e-06
0,0.0,test_particle,1656,TP_855,101.80752098047795,1.597925778800857e-05,6.613302226726415e-06
0,0.0,test_particle,1657,TP_856,97.72773581792279,2.455858486671948e-05,2.2604856486221263e-05
0,0.0,test_particle,1658,TP_857,100.73045576528096,9.877747508901061e-06,8.537736462515939e-07
0,0.0,test_particle,1659,TP_858,100.48867936059816,1.4238523659972712e-07,3.18195378787608e-05
0,0.0,test_particle,1660,TP_859,99.76594236590768,2.3826760681070544e-05,4.26886823125797e-06
0,0.0,test_particle,1661,TP_860,99.50472652860361,4.579006393031742e-06,3.124158316837039e-05
0,0.0,test_particle,1662,TP_861,101.20376349346816,5.748903258186755e-06,1.705411522696106e-05
0,0.0,test_particle,1663,TP_862,98.36700647739299,2.055729324156135e-05,3.52019892386405e-06
0,0.0,test_particle,1664,TP_863,96.25863154370056,8.99351725991864e-06,0.0
0,0.0,test_particle,1665,TP_864,104.58962169651632,2.6624936138683104e-05,2.606457820835509e-05
0,0.0,test_particle,1666,TP_865,98.46695761776324,1.1824280363361235e-05,4.517745487845102e-06
0,0.0,test_particle,1667,TP_866,96.65346968157549,1.1949132741606327e-05,1.5367925632528735e-05
0,0.0,test_particle,1668,TP_867,95.3665539516824,9.721584697842823e-06,5.0509930079323e-06
0,0.0,test_particle,1669,TP_868,98.18873943422973,2.3203658122349736e-05,1.628896300592164e-05
0,0.0,test_particle,1670,TP_869,96.03164992739028,2.0322969190790177e-05,2.5341405560638048e-05
0,0.0,test_particle,1671,TP_870,97.84750274833787,9.978304988249177e-06,3.188818852572369e-05
0,0.0,test_particle,1672,TP_871,96.61930693820356,2.8136957428288353e-05,2.080826967304219e-05
0,0.0,test_particle,1673,TP_872,96.1052618941831,3.198291553311985e-05,3.014921243540363e-05
0,0.0,test_particle,1674,TP_873,100.36278583881672,4.779822149125473e-07,1.599544413577957e-05
0,0.0,test_particle,1675,TP_874,99.71282350293558,2.036193941295899e-05,1.3713635377634418e-05
0,0.0,test_particle,1676,TP_875,95.23279481482261,2.2089606511616678e-05,1.319902026398418e-05
0,0.0,test_particle,1677,TP_876,98.88082350113713,2.355405133784436e-05,3.110127594806681e-05
0,0.0,test_particle,1678,TP_877,95.70330457867612,1.831271512267026e-05,2.9563260939914524e-05
0,0.0,test_particle,1679,TP_878,96.05633809533398,1.6792394754908833e-05,2.90283039725545e-05
0,0.0,test_particle,1680,TP_879,102.45570396000939,1.7824862124305326e-05,5.598568198963992e-06
0,0.0,test_particle,1681,TP_880,97.25467637642679,4.233404551624647e-06,3.062894363239529e-05
0,0.0,test_particle,1682,TP_881,103.2947366519229,5.1997062319314565e-06,1.5904040849567444e-05
0,0.0,test_particle,1683,TP_882,101.33982594250944,2.7798585736026102e-05,2.113844237704587e-05
0,0.0,test_particle,1684,TP_883,97.32562233552491,3.119895302110762e-05,2.4670956235889678e-05
0,0.0,test_particle,1685,TP_884,97.84552998863008,1.0460206134335107e-05,3.030595804759414e-05
0,0.0,test_particle,1686,TP_885,97.9769439027588,1.0436164564059136e-05,2.7533372779140336e-05
0,0.0,test_particle,1687,TP_886,100.42636355182813,1.4414265284903162e-05,9.993164321055812e-06
0,0.0,test_particle,1688,TP_887,96.26699429715426,5.232529411737379e-06,9.659346157805877e-06
0,0.0,test_particle,1689,TP_888,98.83148872359592,2.8144881911087744e-05,3.306651113363206e-06
0,0.0,test_particle,1690,TP_889,97.10343595422755,2.353630500556273e-05,2.1800504449438904e-05
0,0.0,test_particle,1691,TP_890,103.25392883127168,1.0289835569732345e-05,4.436338000413295e-06
0,0.0,test_particle,1692,TP_891,95.56143540676415,1.3345437842572884e-05,2.1632676668865267e-05
0,0.0,test_particle,1693,TP_892,98.40140869643744,1.1243132460219097e-05,1.0866764427531615e-05
0,0.0,test_particle,1694,TP_893,102.44483206632208,4.686895080905658e-06,1.7949563004511183e-05
0,0.0,test_particle,1695,TP_894,104.53462846760907,2.899885173768097e-05,2.645320890690588e-05
0,0.0,test_particle,1696,TP_895,98.17909158756528,2.8396350121595088e-05,6.037091348628668e-06
0,0.0,test_particle,1697,TP_896,102.32367176916641,8.580073226170943e-06,2.113844237704587e-05
0,0.0,test_particle,1698,TP_897,95.49165525539213,1.427647094141155e-06,2.699869328381916e-06
0,0.0,test_particle,1699,TP_898,97.19306557797194,3.0354609020880924e-05,3.818191820832846e-06
0,0.0,test_particle,1700,TP_899,104.20953187475727,3.1711549045280943e-06,2.185060142346445e-05
0,0.0,test_particle,1701,TP_900,102.69387417215985,1.3479955480947694e-05,1.5649929441225564e-05
0,0.0,test_particle,1702,TP_901,97.05558406054561,8.259464345084537e-06,1.1486349657968266e-05
0,0.0,test_particle,1703,TP_902,100.65015435921337,2.252892060724421e-05,1.7990127040434818e-05
0,0.0,test_particle,1704,TP_903,101.98462440875558,2.5692804734985237e-05,2.295682871002444e-05
0,0.0,test_particle,1705,TP_904,102.24377498367562,2.3616271285813128e-05,2.4148365394514667e-06
0,0.0,test_particle,1706,TP_905,102.62619053921735,1.071065020082546e-05,8.831503268221697e-06
0,0.0,test_particle,1707,TP_906,96.77133549720041,1.1503152732009089e-05,1.2835032264144346e-05
0,0.0,test_particle,1708,TP_907,98.37653558878878,1.0035996624887062e-05,2.513924866900887e-05
0,0.0,test_particle,1709,TP_908,104.30647566129007,2.5286701984705087e-05,3.1416086014201565e-05
0,0.0,test_particle,1710,TP_909,98.06554087478412,2.8422758013556637e-05,1.3171378306389627e-05
0,0.0,test_particle,1711,TP_910,104.66413553364303,2.1276187385735745e-06,7.824964720612764e-06
0,0.0,test_particle,1712,TP_911,97.91472428066737,2.52944135408887e-05,7.143182815269534e-06
0,0.0,test_particle,1713,TP_912,98.54158925892824,6.01251975020914e-06,4.26886823125797e-06
0,0.0,test_particle,1714,TP_913,104.83839506942623,2.1481701856057918e-05,2.7012189257311024e-05
0,0.0,test_particle,1715,TP_914,96.85136122938816,2.8490711512604815e-05,2.8534438550647994e-05
0,0.0,test_particle,1716,TP_915,102.54152338034461,2.7071741056154814e-05,1.1131846416284069e-05
0,0.0,test_particle,1717,TP_916,99.2401467586369,1.8659123571780533e-05,3.158962491130937e-05
0,0.0,test_particle,1718,TP_917,100.49107196024462,2.7812145854155404e-05,1.935638736085189e-05
0,0.0,test_particle,1719,TP_918,96.32107361494708,8.50236587444818e-07,1.562662350209747e-05
0,0.0,test_particle,1720,TP_919,103.4859032022758,1.1084417248854106e-05,1.628896300592164e-05
0,0.0,test_particle,1721,TP_920,100.25989117744498,7.166779249070048e-06,1.8568350079179434e-05
0,0.0,test_particle,1722,TP_921,96.93143832355094,1.186947767042789e-05,2.8432072521862283e-05
0,0.0,test_particle,1723,TP_922,95.07614704222566,6.039574813004096e-06,2.9796577936788606e-05
0,0.0,test_particle,1724,TP_923,102.16562378282747,2.470480511659385e-05,3.121824242311115e-05
0,0.0,test_particle,1725,TP_924,103.37992405744863,1.7430813383341086e-05,1.8070981951380476e-05
0,0.0,test_particle,1726,TP_925,99.9224138617861,1.7925583960283976e-05,2.3752713230536933e-05
0,0.0,test_particle,1727,TP_926,101.59320636958594,2.1572591238591386e-05,2.270139012036184e-05
0,0.0,test_particle,1728,TP_927,101.79640841619053,2.4677786717265486e-06,7.040397847728103e-06
0,0.0,test_particle,1729,TP_928,104.87396918483523,7.5255195475723885e-06,0.0
0,0.0,test_particle,1730,TP_929,102.75822031984764,1.8095646528396086e-05,8.144481502960801e-06
0,0.0,test_particle,1731,TP_930,101.14297555409163,6.97489260263431e-07,2.6148342467805902e-05
0,0.0,test_particle,1732,TP_931,101.01492963464972,4.581768935334976e-06,6.2155659652833185e-06
0,0.0,test_particle,1733,TP_932,100.67813145559545,2.0693814230440833e-05,1.4106655764433061e-05
0,0.0,test_particle,1734,TP_933,103.04946800391549,2.967755419442907e-05,4.90455619685548e-06
0,0.0,test_particle,1735,TP_934,97.00970239268968,2.502505384469486e-05,2.1497471115166028e-05
0,0.0,test_particle,1736,TP_935,95.23069953489329,4.15827368316538e-06,1.6599256849472397e-05
0,0.0,test_particle,1737,TP_936,95.83564156356844,5.709551126548362e-07,2.32094561643728e-05
0,0.0,test_particle,1738,TP_937,97.64060589153463,1.973046655197875e-05,1.5556496191598024e-05
0,0.0,test_particle,1739,TP_938,101.10834319589304,1.2615464087659665e-07,2.0040961077443264e-05
0,0.0,test_particle,1740,TP_939,104.96260744642248,7.386954070430588e-06,2.9216029386426384e-05
0,0.0,test_particle,1741,TP_940,98.81035546898795,3.165885079652701e-05,1.980313203006426e-05
0,0.0,test_particle,1742,TP_941,95.83805455807196,1.5031157449939148e-06,8.79013768592829e-06
0,0.0,test_particle,1743,TP_942,96.97632144505847,1.1906544909787778e-05,2.4964668441096088e-05
0,0.0,test_particle,1744,TP_943,101.25935804509712,3.114322159356463e-05,2.1172897888710374e-05
0,0.0,test_particle,1745,TP_944,103.62158914213813,1.2284477063190761e-05,6.3890569402604e-06
0,0.0,test_particle,1746,TP_945,100.73261800773493,2.455508066727063e-05,2.6713702866020766e-05
0,0.0,test_particle,1747,TP_946,99.33781477028383,6.3033263442443005e-06,2.867459515372585e-05
0,0.0,test_particle,1748,TP_947,101.45716557941536,8.365960261338346e-06,2.0311919222296604e-05
0,0.0,test_particle,1749,TP_948,101.36369858458664,8.10312398532762e-06,1.4388049231413678e-05
0,0.0,test_particle,1750,TP_949,103.68809197978464,1.101300211502005e-05,2.2263692832568247e-05
0,0.0,test_particle,1751,TP_950,95.52236498498135,5.473255715506028e-06,1.972937709214414e-05
0,0.0,test_particle,1752,TP_951,95.84758145714886,5.532360705740151e-07,2.502299718518935e-05
0,0.0,test_particle,1753,TP_952,99.07423170771143,2.9413417186518974e-05,5.4668187275950014e-06
0,0.0,test_particle,1754,TP_953,104.52030505857734,2.900698947371331e-05,2.398177073107052e-05
0,0.0,test_particle,1755,TP_954,99.33651088114472,3.078866302727983e-05,2.0878213633885978e-05
0,0.0,test_particle,1756,TP_955,95.65368972239615,1.1028785026519215e-05,2.2940947124789083e-05
0,0.0,test_particle,1757,TP_956,102.75540901864112,1.659237740250206e-05,3.0617041963544e-05
0,0.0,test_particle,1758,TP_957,102.7293156388395,7.780466412332474e-06,2.69716810776727e-05
0,0.0,test_particle,1759,TP_958,100.32808768457919,2.9591451069369368e-05,6.883343194785022e-06
0,0.0,test_particle,1760,TP_959,104.19668130711567,1.2609670111761664e-05,2.4148365394514667e-06
0,0.0,test_particle,1761,TP_960,100.18593285685905,2.590301017648666e-05,6.156649318399953e-06
0,0.0,test_particle,1762,TP_961,103.31440207250952,1.0389786630170509e-05,2.9906461203131697e-05
0,0.0,test_particle,1763,TP_962,99.006708898563,2.6174920795066643e-05,2.1683161397194114e-05
0,0.0,test_particle,1764,TP_963,95.86865218528185,2.4852991679449938e-05,1.3281600966983096e-05
0,0.0,test_particle,1765,TP_964,101.83899577067847,1.947949170438071e-05,3.110127594806681e-05
0,0.0,test_particle,1766,TP_965,103.07918418708199,1.9721962664036346e-05,1.3713635377634418e-05
0,0.0,test_particle,1767,TP_966,99.7250076111034,2.266617492363656e-06,2.872539164199877e-05
0,0.0,test_particle,1768,TP_967,102.91572588815094,1.3819282888507908e-05,3.818191820832846e-06
0,0.0,test_particle,1769,TP_968,102.67870865523795,6.541778658403014e-06,6.2155659652833185e-06
0,0.0,test_particle,1770,TP_969,98.78251682279063,9.664352255103466e-06,2.1683161397194114e-05
0,0.0,test_particle,1771,TP_970,99.40711508202223,2.9045254025673703e-05,1.850937158160324e-05
0,0.0,test_particle,1772,TP_971,95.6373548757489,2.7363566095727852e-05,1.943155808007896e-05
0,0.0,test_particle,1773,TP_972,101.34423632463653,2.035558851086134e-05,2.2588727439225506e-06
0,0.0,test_particle,1774,TP_973,98.0938891645088,2.2337767307853543e-05,2.6672741375736855e-05
0,0.0,test_particle,1775,TP_974,98.21225431558868,1.593368361787536e-05,2.6120450894569068e-05
0,0.0,test_particle,1776,TP_975,99.44427426515406,2.613025264612657e-05,4.676310850554341e-06
0,0.0,test_particle,1777,TP_976,102.59329213326644,1.459208626844446e-05,1.5320420339170408e-05
0,0.0,test_particle,1778,TP_977,102.77921840831809,7.139594342054122e-06,1.9949823901789886e-05
0,0.0,test_particle,1779,TP_978,96.02593572263841,6.269841714295204e-06,2.5456203002431588e-05
0,0.0,test_particle,1780,TP_979,100.74273115067771,1.5533086144220492e-05,2.4012146640308904e-05
0,0.0,test_particle,1781,TP_980,103.31051310398378,2.6054965127432093e-05,2.7146779972275288e-05
0,0.0,test_particle,1782,TP_981,103.73282415255258,1.537550696464254e-05,3.15434412244619e-05
0,0.0,test_particle,1783,TP_982,97.24492050871888,2.4844754539404005e-05,3.6222548091772e-06
0,0.0,test_particle,1784,TP_983,103.47113862893484,2.445689347399859e-05,1.303228910417746e-05
0,0.0,test_particle,1785,TP_984,100.61314483408616,3.138170183897385e-05,1.7600994619320313e-05
0,0.0,test_particle,1786,TP_985,99.34980678107054,1.592031683381466e-05,5.598568198963992e-06
0,0.0,test_particle,1787,TP_986,102.66557193509894,5.622369501230508e-07,1.8030599818338033e-05
0,0.0,test_particle,1788,TP_987,96.69462760185905,3.157214058537963e-05,3.1968094618311744e-05
0,0.0,test_particle,1789,TP_988,103.96554272185162,1.66177619061262e-05,1.2074182697257333e-06
0,0.0,test_particle,1790,TP_989,99.63465565461101,1.1560780833499e-05,1.2489631698061449e-05
0,0.0,test_particle,1791,TP_990,102.89658453763565,8.847048029203304e-07,2.619012413355009e-05
0,0.0,test_particle,1792,TP_991,103.35526903466952,1.3593129253298314e-05,5.0509930079323e-06
0,0.0,test_particle,1793,TP_992,96.78873350040845,2.0632717965923986e-05,1.4910515715604623e-05
0,0.0,test_particle,1794,TP_993,104.0046912788558,5.929202530742577e-06,2.195045236894468e-05
0,0.0,test_particle,1795,TP_994,97.94117694281644,7.97195610853463e-06,1.3740186487444049e-05
0,0.0,test_particle,1796,TP_995,98.02287215470902,1.3531230831043278e-05,1.8724717893074728e-05
0,0.0,test_particle,1797,TP_996,99.76547513413648,2.3812583233329035e-05,1.5509568494356516e-05
0,0.0,test_particle,1798,TP_997,97.49802099306255,3.165932335640855e-05,2.782306712520834e-05
0,0.0,test_particle,1799,TP_998,96.75412504197097,3.00073908644078e-05,2.6120450894569068e-05
0,0.0,test_particle,1800,TP_999,100.59150440006027,5.863108044221276e-06,9.80911239371097e-06
50,500000.0,star,0,star,,,
50,500000.0,massive_planetesimal,1,MP_0,105.04478329764841,0.002992394287511699,0.10448022318755514
50,500000.0,massive_planetesimal,2,MP_1,100.68130411997471,0.008298713780345857,0.15146866357453395
50,500000.0,massive_planetesimal,3,MP_2,101.3425600083879,0.007631919539128592,0.17154047608372697
50,500000.0,massive_planetesimal,4,MP_3,103.3320567296299,0.0027885233089703612,0.05837537610595507
50,500000.0,massive_planetesimal,5,MP_4,101.74372357940524,0.002472942422111939,0.10017511339932597
50,500000.0,massive_planetesimal,6,MP_5,102.7832868583472,0.006195556214908359,0.1497081063203407
50,500000.0,massive_planetesimal,7,MP_6,95.57683630983782,0.002417725989245652,0.08583841958452715
50,500000.0,massive_planetesimal,8,MP_7,103.08203404427454,0.005094129950935383,0.24275944395204202
50,500000.0,massive_planetesimal,9,MP_8,98.70545446846346,0.003706373302751648,0.23379853064511627
50,500000.0,massive_planetesimal,10,MP_9,101.22902683488826,0.009585447021562376,0.011710876578636314
50,500000.0,massive_planetesimal,11,MP_10,100.30843428880472,0.007661695436118071,0.14709612247807005
50,500000.0,massive_planetesimal,12,MP_11,97.97925328528642,0.004936009905422231,0.23672729847647422
50,500000.0,massive_planetesimal,13,MP_12,103.12328096535197,0.008027013541221888,0.09614124321722015
50,500000.0,massive_planetesimal,14,MP_13,104.76593999099605,0.00665122706413998,0.195679336180327
50,500000.0,massive_planetesimal,15,MP_14,95.94727995300035,0.009439918401642926,0.13800490506574975
50,500000.0,massive_planetesimal,16,MP_15,98.28936516337656,0.007983613029695948,0.11503725979859436
50,500000.0,massive_planetesimal,17,MP_16,100.70544307740637,0.004719103472013407,0.22267708607454445
50,500000.0,massive_planetesimal,18,MP_17,97.17709139250913,0.002462129253574661,0.07581932868418473
50,500000.0,massive_planetesimal,19,MP_18,97.44859786134697,0.008441652484271535,0.15643473618698492
50,500000.0,massive_planetesimal,20,MP_19,95.7873244500587,0.006237728434149558,0.09891122459202929
50,500000.0,massive_planetesimal,21,MP_20,100.64646688758538,0.007648425555373734,0.2944444657539859
50,500000.0,massive_planetesimal,22,MP_21,99.03496259797322,0.0018553081583686135,0.050207567958546355
50,500000.0,massive_planetesimal,23,MP_22,104.33880766175308,0.008541552352535928,0.03847815698443935
50,500000.0,massive_planetesimal,24,MP_23,103.07244444354194,0.0071978447912585146,0.2172378306419868
50,500000.0,massive_planetesimal,25,MP_24,98.28653953427781,0.0037660598287189485,0.1342007040754648
50,500000.0,massive_planetesimal,26,MP_25,104.20323781034698,0.0050787422531787295,0.19488171894560005
50,500000.0,massive_planetesimal,27,MP_26,98.55738397789,0.003399701614699729,0.0829844431856405
50,500000.0,massive_planetesimal,28,MP_27,102.6458669128315,0.005031788479627185,0.2615932865994979
50,500000.0,massive_planetesimal,29,MP_28,96.7428071105797,0.002966926534252792,0.1989621506381131
50,500000.0,massive_planetesimal,30,MP_29,97.23610844055386,0.00791675066403903,0.127650625578562
50,500000.0,massive_planetesimal,31,MP_30,104.23804152418971,0.012816324139793077,0.0991697226445008
50,500000.0,massive_planetesimal,32,MP_31,100.22024761674486,0.006403126253673285,0.10028494437783397
50,500000.0,massive_planetesimal,33,MP_32,97.85199125285756,0.012515998226007446,0.14037258736560607
50,500000.0,massive_planetesimal,34,MP_33,97.20244377171987,0.002583847474875529,0.06937904400075458
50,500000.0,massive_planetesimal,35,MP_34,94.38245441118886,0.006093818790289165,0.059874359803675406
50,500000.0,massive_planetesimal,36,MP_35,104.60293155117586,0.01688109134192863,0.22186416020003188
50,500000.0,massive_planetesimal,37,MP_36,97.67952353245522,0.003749067875914315,0.10530360189750403
50,500000.0,massive_planetesimal,38,MP_37,99.7086361692991,0.0009313561603887348,0.03922683771024161
50,500000.0,massive_planetesimal,39,MP_38,99.73306458214685,0.016554350510561446,0.23384449527336884
50,500000.0,massive_planetesimal,40,MP_39,104.29981841203961,0.003988281037392319,0.13442393805593916
50,500000.0,massive_planetesimal,41,MP_40,100.3805900233423,0.0011391607407269507,0.12996561836310125
50,500000.0,massive_planetesimal,42,MP_41,103.45708771999136,0.00534043072162834,0.1880577116696011
50,500000.0,massive_planetesimal,43,MP_42,99.11457685684515,0.007380572864318306,0.21012274724437946
50,500000.0,massive_planetesimal,44,MP_43,96.26598016627413,0.008237827928804781,0.14637277590152614
50,500000.0,massive_planetesimal,45,MP_44,103.03301133370736,0.00335557035784669,0.25932758940664186
50,500000.0,massive_planetesimal,46,MP_45,94.11186233885314,0.009237407108501012,0.19400460062791325
50,500000.0,massive_planetesimal,47,MP_46,97.81976554704035,0.01068937213626163,0.16041312390222479
50,500000.0,massive_planetesimal,48,MP_47,98.04744162800438,0.008641458618075616,0.22947231837134893
50,500000.0,massive_planetesimal,49,MP_48,102.49237058429617,0.0052646460673698775,0.2981815386408133
50,500000.0,massive_planetesimal,50,MP_49,103.032867524731,0.015839029611224055,0.042952120190882986
50,500000.0,massive_planetesimal,51,MP_50,99.02242699820923,0.00940195218715687,0.2578433040453387
50,500000.0,massive_planetesimal,52,MP_51,97.72073487305147,0.003307260997193927,0.06264319600492788
50,500000.0,massive_planetesimal,53,MP_52,96.4025469162881,0.0073694632257153645,0.3989277338218055
50,500000.0,massive_planetesimal,54,MP_53,102.12006847240403,0.016773059089653302,0.12990605011903927
50,500000.0,massive_planetesimal,55,MP_54,105.17007395999312,0.0052054539343563844,0.08679740737950668
50,500000.0,massive_planetesimal,56,MP_55,103.13985109707728,0.003412809291825421,0.3918564502534794
50,500000.0,massive_planetesimal,57,MP_56,96.6718534640088,0.006448653584214259,0.026572759459744546
50,500000.0,massive_planetesimal,58,MP_57,102.94839688889961,0.01666451754038114,0.49995383540460636
50,500000.0,massive_planetesimal,59,MP_58,100.64212539875429,0.002338089393850975,0.17367546642536008
50,500000.0,massive_planetesimal,60,MP_59,98.27522970615497,0.008277987719225338,0.2918671798315217
50,500000.0,massive_planetesimal,61,MP_60,105.9923219907666,0.00633206342352041,0.07334555886723658
50,500000.0,massive_planetesimal,62,MP_61,99.31085926036023,0.005199238207324465,0.08486801440362511
50,500000.0,massive_planetesimal,63,MP_62,97.98592275693905,0.0041290637365270465,0.17803318630842804
50,500000.0,massive_planetesimal,64,MP_63,97.9529035959088,0.00576972272092619,0.34937320424863133
50,500000.0,massive_planetesimal,65,MP_64,99.70282449553648,0.006095400627244903,0.14179301283607731
50,500000.0,massive_planetesimal,66,MP_65,101.88865368689285,0.007624511769992982,0.1995516068124658
50,500000.0,massive_planetesimal,67,MP_66,98.5501880776773,0.005399209084856891,0.21963149143550129
50,500000.0,massive_planetesimal,68,MP_67,103.74315780969172,0.004646113520801319,0.12924260391170103
50,500000.0,massive_planetesimal,69,MP_68,98.71984074076312,0.007398062700268641,0.11514300797059845
50,500000.0,massive_planetesimal,70,MP_69,95.14067367486344,0.012410594866342061,0.2616227032701979
50,500000.0,massive_planetesimal,71,MP_70,100.19513549576268,0.0033517344044117644,0.08253039845504367
50,500000.0,massive_planetesimal,72,MP_71,96.94125566036098,0.009069936633499582,0.2430242689040575
50,500000.0,massive_planetesimal,73,MP_72,103.0715708394546,0.01009817056654612,0.2776364855183812
50,500000.0,massive_planetesimal,74,MP_73,102.59827616764663,0.0024739003518664277,0.1823965804242175
50,500000.0,massive_planetesimal,75,MP_74,97.59916809365792,0.005509316728693488,0.23325005636835597
50,500000.0,massive_planetesimal,76,MP_75,95.05506736759757,0.013306468948601014,0.04982650013172055
50,500000.0,massive_planetesimal,77,MP_76,101.37753929093519,0.015973735831430178,0.08653053048599531
50,500000.0,massive_planetesimal,78,MP_77,105.36993782767874,0.0063474767742478745,0.14675544965634518
50,500000.0,massive_planetesimal,79,MP_78,101.96034137070006,0.005511921631632037,0.11446629368298837
50,500000.0,massive_planetesimal,80,MP_79,96.2840464689798,0.006661237300916392,0.07810971539160738
50,500000.0,massive_planetesimal,81,MP_80,96.96239649901655,0.0015994050397205278,0.11261948167657854
50,500000.0,massive_planetesimal,82,MP_81,100.04587870462102,0.008102719571424314,0.17099263832726344
50,500000.0,massive_planetesimal,83,MP_82,103.18170209906998,0.010307614476720694,0.3152953704115565
50,500000.0,massive_planetesimal,84,MP_83,100.26332930363866,0.006126131976972911,0.06852039291232052
50,500000.0,massive_planetesimal,85,MP_84,101.80600011686826,0.008428757433915328,0.12300077698778335
50,500000.0,massive_planetesimal,86,MP_85,98.8956114981331,0.008138651076370629,0.02498675082330528
50,500000.0,massive_planetesimal,87,MP_86,101.37613984453314,0.003099012591403304,0.26593587366496163
50,500000.0,massive_planetesimal,88,MP_87,94.32955325194263,0.006035842640423979,0.06965684003018982
50,500000.0,massive_planetesimal,89,MP_88,101.35358636590608,0.017226009421381635,0.3254990843786769
50,500000.0,massive_planetesimal,90,MP_89,96.81694311512905,0.005859209545851026,0.37162235753635364
50,500000.0,massive_planetesimal,91,MP_90,104.09652918093671,0.010413083176209972,0.09628488637341913
50,500000.0,massive_planetesimal,92,MP_91,98.54908521174251,0.005512157477470047,0.27868354223602837
50,500000.0,massive_planetesimal,93,MP_92,96.87876484531446,0.006803875061431171,0.08099701368079286
50,500000.0,massive_planetesimal,94,MP_93,99.55624314832161,0.015170917428039742,0.1939372456746509
50,500000.0,massive_planetesimal,95,MP_94,102.86718352676812,0.006657092332284155,0.3239524557616364
50,500000.0,massive_planetesimal,96,MP_95,96.35426983828432,0.008352994603887656,0.07749212472696526
50,500000.0,massive_planetesimal,97,MP_96,102.43977501703002,0.0036958203109291854,0.185909030123519
50,500000.0,massive_planetesimal,98,MP_97,96.91968211175755,0.005575835541732133,0.240229099073031
50,500000.0,massive_planetesimal,99,MP_98,98.72981953130727,0.005849314375172586,0.21069588067884512
50,500000.0,massive_planetesimal,100,MP_99,96.20395272305797,0.012473038329405196,0.03951638941035421
50,500000.0,massive_planetesimal,101,MP_100,100.04496251246175,0.010033237128612999,0.24135234184630577
50,500000.0,massive_planetesimal,102,MP_101,100.69182974655867,0.0058501121958827226,0.27883525859786507
50,500000.0,massive_planetesimal,103,MP_102,105.0514473824689,0.009847289384105692,0.1652619788485139
50,500000.0,massive_planetesimal,104,MP_103,99.1662733212029,0.005461882862672655,0.3396037323750069
50,500000.0,massive_planetesimal,105,MP_104,104.75718181085927,0.0031379088353325813,0.20179439666585564
50,500000.0,massive_planetesimal,106,MP_105,102.78926825412303,0.007203210352141363,0.30472398682133195
50,500000.0,massive_planetesimal,107,MP_106,103.30025946195134,0.012702535123768278,0.3245465143084006
50,500000.0,massive_planetesimal,108,MP_107,93.92294701181343,0.04460291432929923,0.153900259714272
50,500000.0,massive_planetesimal,109,MP_108,101.75996816949144,0.012872541794852754,0.06176893589208357
50,500000.0,massive_planetesimal,110,MP_109,101.65174892165342,0.009445992479933663,0.18052360439306753
50,500000.0,massive_planetesimal,111,MP_110,96.48078836713637,0.009145093324827368,0.17479621571465073
50,500000.0,massive_planetesimal,112,MP_111,103.34127468059383,0.003729758321364518,0.2658175742879951
50,500000.0,massive_planetesimal,113,MP_112,105.20137875739763,0.010547189264348564,0.06649137410037977
50,500000.0,massive_planetesimal,114,MP_113,98.62054772381249,0.006389668272453569,0.4466860729914678
50,500000.0,massive_planetesimal,115,MP_114,105.48305118463955,0.0023020774060586702,0.24656146614724384
50,500000.0,massive_planetesimal,116,MP_115,96.11894706019885,0.006854153361351522,0.12448652301869939
50,500000.0,massive_planetesimal,117,MP_116,103.07637636422466,0.01450702911338484,0.21550766484762673
50,500000.0,massive_planetesimal,118,MP_117,95.35047278516721,0.010427241535671412,0.19736343410565518
50,500000.0,massive_planetesimal,119,MP_118,100.55357725967124,0.003241911428019944,0.10101025474576225
50,500000.0,massive_planetesimal,120,MP_119,102.83235628104478,0.018913088979896183,0.31514621510703034
50,500000.0,massive_planetesimal,121,MP_120,99.16629905379175,0.006032226362152833,0.2082711007931183
50,500000.0,massive_planetesimal,122,MP_121,98.00902173321802,0.008869178718941351,0.2743613069479142
50,500000.0,massive_planetesimal,123,MP_122,94.317505108377,0.00106562380683575,0.24814560827292167
50,500000.0,massive_planetesimal,124,MP_123,99.65228980722281,0.017734718363610284,0.21014522427127025
50,500000.0,massive_planetesimal,125,MP_124,103.8488066093758,0.012577725660886246,0.5302626419332748
50,500000.0,massive_planetesimal,126,MP_125,99.74211750727704,0.009665161801075524,0.12335438212439556
50,500000.0,massive_planetesimal,127,MP_126,97.40659399507918,0.00569865852236176,0.13667497789662927
50,500000.0,massive_planetesimal,128,MP_127,96.41536815652984,0.00908877933175943,0.3054391617296838
50,500000.0,massive_planetesimal,129,MP_128,95.05848526179074,0.0036429806186077857,0.16199237839879863
50,500000.0,massive_planetesimal,130,MP_129,95.59518708385943,0.008688268943805479,0.3079532426974632
50,500000.0,massive_planetesimal,131,MP_130,95.70302239661478,0.0076043918733518295,0.10339250062179971
50,500000.0,massive_planetesimal,132,MP_131,99.90800320787041,0.008026320778379554,0.18883846794313663
50,500000.0,massive_planetesimal,133,MP_132,97.785763876376,0.0034403976814387656,0.33641908167507606
50,500000.0,massive_planetesimal,134,MP_133,105.19757604996757,0.010312929477154047,0.12897825293212126
50,500000.0,massive_planetesimal,135,MP_134,95.40641860453471,0.004370290046549688,0.21000389705673636
50,500000.0,massive_planetesimal,136,MP_135,96.21476091821606,0.013682045082320933,0.3815850246774492
50,500000.0,massive_planetesimal,137,MP_136,103.39883943692888,0.010451122034176181,0.38934161927499217
50,500000.0,massive_planetesimal,138,MP_137,93.74887544631956,0.014735805873327498,0.08155737930945002
50,500000.0,massive_planetesimal,139,MP_138,104.97143594098772,0.009327544280826262,0.23585075548922832
50,500000.0,massive_planetesimal,140,MP_139,102.41161084491227,0.017989000774353756,0.4472621973705861
50,500000.0,massive_planetesimal,141,MP_140,95.07892139163447,0.007814990095793535,0.15257657506135255
50,500000.0,massive_planetesimal,142,MP_141,97.99623823803795,0.003839056647241326,0.20309459432365712
50,500000.0,massive_planetesimal,143,MP_142,104.56272574194271,0.02076634390574554,0.23617555029887424
50,500000.0,massive_planetesimal,144,MP_143,100.31364212586811,0.006178872903997648,0.24866351873870193
50,500000.0,massive_planetesimal,145,MP_144,95.6477101406462,0.010538386057539848,0.17730721041612268
50,500000.0,massive_planetesimal,146,MP_145,103.44801997894882,0.010225413793044468,0.19612395123204862
50,500000.0,massive_planetesimal,147,MP_146,96.96234062497533,0.009155498769603775,0.22746337762085533
50,500000.0,massive_planetesimal,148,MP_147,102.38220931220607,0.008834652669174057,0.21008284826931725
50,500000.0,massive_planetesimal,149,MP_148,98.58289279355016,0.006542026484252637,0.24508554653745782
50,500000.0,massive_planetesimal,150,MP_149,102.59921619129322,0.014028199002043173,0.24245911882549778
50,500000.0,massive_planetesimal,151,MP_150,100.55614468911544,0.013185847759341134,0.20743045187773024
50,500000.0,massive_planetesimal,152,MP_151,106.18113585015925,0.007928644760977576,0.10132647670582012
50,500000.0,massive_planetesimal,153,MP_152,102.56964166918269,0.010968987623878082,0.30356196300686417
50,500000.0,massive_planetesimal,154,MP_153,98.63770440407336,0.007349099987471365,0.21753921954358615
50,500000.0,massive_planetesimal,155,MP_154,99.32648500121758,0.011098370107614204,0.08060167993367849
50,500000.0,massive_planetesimal,156,MP_155,97.80672834402141,0.004889591592728576,0.1870517945647325
50,500000.0,massive_planetesimal,157,MP_156,105.70657026601958,0.0060928816724561,0.12979012743395657
50,500000.0,massive_planetesimal,158,MP_157,99.49166875497832,0.013715426356300036,0.34881282290784477
50,500000.0,massive_planetesimal,159,MP_158,104.05430619226937,0.013897385139221731,0.24516511795996934
50,500000.0,massive_planetesimal,160,MP_159,100.4763129766701,0.004350460979168237,0.09362421310820569
50,500000.0,massive_planetesimal,161,MP_160,98.63144102404908,0.007486911814322613,0.31238761843641255
50,500000.0,massive_planetesimal,162,MP_161,103.51516876616982,0.005740495317855859,0.2349977741616124
50,500000.0,massive_planetesimal,163,MP_162,95.26720618709645,0.010822642482607425,0.3664383505017732
50,500000.0,massive_planetesimal,164,MP_163,100.08766022004274,0.00295192747662621,0.1232788773677761
50,500000.0,massive_planetesimal,165,MP_164,98.07736300170382,0.012614281139423665,0.4461969477086741
50,500000.0,massive_planetesimal,166,MP_165,101.39852662989522,0.004346468704567032,0.32228848962282586
50,500000.0,massive_planetesimal,167,MP_166,101.83686599996808,0.0034442777186742216,0.3200516762943019
50,500000.0,massive_planetesimal,168,MP_167,99.33295492086407,0.017017239435794994,0.2900742308705434
50,500000.0,massive_planetesimal,169,MP_168,103.12916750748259,0.01698810486184516,0.16696277389266054
50,500000.0,massive_planetesimal,170,MP_169,100.92876817613055,0.008997049341375254,0.11974470055363641
50,500000.0,massive_planetesimal,171,MP_170,102.15162660800947,0.009766860379841168,0.14767381476959093
50,500000.0,massive_planetesimal,172,MP_171,103.51515645553063,0.008958271410205481,0.2340299599767347
50,500000.0,massive_planetesimal,173,MP_172,95.5787240878013,0.013821183302869331,0.3547103817497859
50,500000.0,massive_planetesimal,174,MP_173,98.77861556928514,0.0030545223649682124,0.21559722457159264
50,500000.0,massive_planetesimal,175,MP_174,96.33417018093476,0.005490943708468781,0.22461246819947447
50,500000.0,massive_planetesimal,176,MP_175,102.59991528857532,0.012833677185333917,0.49351909962274415
50,500000.0,massive_planetesimal,177,MP_176,104.99801192129718,0.005378454245084624,0.1534257193501721
50,500000.0,massive_planetesimal,178,MP_177,98.9646918367391,0.005890999359202967,0.32840198026056205
50,500000.0,massive_planetesimal,179,MP_178,93.78191385686347,0.009125322626330033,0.32696986138822526
50,500000.0,massive_planetesimal,180,MP_179,105.62754725289881,0.015517938414815566,0.21437596930760106
50,500000.0,massive_planetesimal,181,MP_180,97.25959313874552,0.0033909793755982874,0.4824609362732544
50,500000.0,massive_planetesimal,182,MP_181,102.03690031443017,0.0109869063634061,0.3160613639283421
50,500000.0,massive_planetesimal,183,MP_182,94.79727238413747,0.004021622031966588,0.11681779304931214
50,500000.0,massive_planetesimal,184,MP_183,104.15565681934804,0.003669293210447226,0.1575594300542554
50,500000.0,massive_planetesimal,185,MP_184,95.56787392830266,0.009135359002538548,0.12948334079369525
50,500000.0,massive_planetesimal,186,MP_185,102.13886228977742,0.008446334994351778,0.21972536877740134
50,500000.0,massive_planetesimal,187,MP_186,95.06155637062444,0.006539574590704675,0.30909054672721886
50,500000.0,massive_planetesimal,188,MP_187,102.76191671105882,0.012765242177098016,0.2789172704539282
50,500000.0,massive_planetesimal,189,MP_188,98.01991303638476,0.010324731231117464,0.25099445708002716
50,500000.0,massive_planetesimal,190,MP_189,101.15292892815543,0.014205721077420099,0.30102270180839125
50,500000.0,massive_planetesimal,191,MP_190,97.80132812533455,0.001789549958149436,0.23662766910445118
50,500000.0,massive_planetesimal,192,MP_191,102.39905767909684,0.011820520273627717,0.047868943911270084
50,500000.0,massive_planetesimal,193,MP_192,95.19670600188115,0.01420675593380296,0.32819141884904546
50,500000.0,massive_planetesimal,194,MP_193,97.27452356228542,0.010394742159586363,0.13466449345608283
50,500000.0,massive_planetesimal,195,MP_194,93.94706390179486,0.019010697465689355,0.1479017158086358
50,500000.0,massive_planetesimal,196,MP_195,99.07805611571733,0.014959309683879679,0.2951949466610083
50,500000.0,massive_planetesimal,197,MP_196,98.34525601828177,0.010888540323331449,0.42595726281556884
50,500000.0,massive_planetesimal,198,MP_197,99.18437272987231,0.0074451518571366036,0.352539267516419
50,500000.0,massive_planetesimal,199,MP_198,96.0394450270065,0.016767207111713797,0.15492270850301945
50,500000.0,massive_planetesimal,200,MP_199,105.5529004214901,0.01045834939739599,0.22968358230691596
50,500000.0,massive_planetesimal,201,MP_200,97.74339014408747,0.00874617955643432,0.2163507255316324
50,500000.0,massive_planetesimal,202,MP_201,99.92804365918659,0.014802085393816281,0.25528108385526493
50,500000.0,massive_planetesimal,203,MP_202,99.28290446024243,0.012128211433251327,0.2071290839069399
50,500000.0,massive_planetesimal,204,MP_203,100.4394350263879,0.006062684192120471,0.3445431496811417
50,500000.0,massive_planetesimal,205,MP_204,95.09421726168736,0.005646686489090915,0.3773802025068104
50,500000.0,massive_planetesimal,206,MP_205,97.00345728660388,0.0027083353812243907,0.1450397880525681
50,500000.0,massive_planetesimal,207,MP_206,95.75705317236348,0.006249130464108708,0.05295255294610654
50,500000.0,massive_planetesimal,208,MP_207,99.86351274567478,0.012832013261878161,0.4357236882061025
50,500000.0,massive_planetesimal,209,MP_208,104.02261757855986,0.009648832717296876,0.4061752054223726
50,500000.0,massive_planetesimal,210,MP_209,94.07340178978147,0.013312908789831147,0.21717676183025617
50,500000.0,massive_planetesimal,211,MP_210,93.86789622892381,0.0072428104563393705,0.06766139302608716
50,500000.0,massive_planetesimal,212,MP_211,96.3648472801328,0.005655467261118764,0.3077033224347607
50,500000.0,massive_planetesimal,213,MP_212,99.36075699663542,0.014069026107404044,0.3989670674750353
50,500000.0,massive_planetesimal,214,MP_213,104.24716306580399,0.007807964457896002,0.06482026889251682
50,500000.0,massive_planetesimal,215,MP_214,104.34321280818008,0.006056040877489524,0.23511764906471255
50,500000.0,massive_planetesimal,216,MP_215,100.18453105002995,0.008075846379246323,0.20692927508107634
50,500000.0,massive_planetesimal,217,MP_216,97.75247117290965,0.00751037883949718,0.029850378749464168
50,500000.0,massive_planetesimal,218,MP_217,101.85952119753308,0.015091963592149333,0.5624182488782394
50,500000.0,massive_planetesimal,219,MP_218,94.52383046575069,0.005833227592786935,0.06624486774233372
50,500000.0,massive_planetesimal,220,MP_219,94.55681624706195,0.01575899207156696,0.34686120341826726
50,500000.0,massive_planetesimal,221,MP_220,101.45209955684173,0.011969419515373132,0.23608650454609884
50,500000.0,massive_planetesimal,222,MP_221,95.98832038815826,0.020382802739891768,0.1289960265329483
50,500000.0,massive_planetesimal,223,MP_222,101.63856726210135,0.003944810388499742,0.41184705075574674
50,500000.0,massive_planetesimal,224,MP_223,105.29530331564445,0.008575294600098314,0.1561256411833807
50,500000.0,massive_planetesimal,225,MP_224,102.78256241332275,0.0056622297565046605,0.4923929534915342
50,500000.0,massive_planetesimal,226,MP_225,103.55111558100674,0.011074816223813701,0.04118764491612244
50,500000.0,massive_planetesimal,227,MP_226,98.61511245658494,0.0034698640334414003,0.27287037068442643
50,500000.0,massive_planetesimal,228,MP_227,101.46709263184104,0.008048396586118514,0.13771125767863251
50,500000.0,massive_planetesimal,229,MP_228,96.75821880395235,0.01011089890777292,0.18651495819554395
50,500000.0,massive_planetesimal,230,MP_229,104.83223269636761,0.008832548435539716,0.1712918752024156
50,500000.0,massive_planetesimal,231,MP_230,97.3949291804794,0.0093609277334835,0.179883551163193
50,500000.0,massive_planetesimal,232,MP_231,101.02336661438483,0.00245670084124159,0.3524190955231953
50,500000.0,massive_planetesimal,233,MP_232,96.64534362681391,0.009599855496700647,0.06979177072656643
50,500000.0,massive_planetesimal,234,MP_233,99.8862646906062,0.009636339831420657,0.23313614708350086
50,500000.0,massive_planetesimal,235,MP_234,94.11255925829863,0.008122868648549997,0.10141345454763112
50,500000.0,massive_planetesimal,236,MP_235,100.99164914398662,0.008257909148669761,0.23187941896005632
50,500000.0,massive_planetesimal,237,MP_236,99.27613278909388,0.013882597683185331,0.33070132807763253
50,500000.0,massive_planetesimal,238,MP_237,104.16546068808911,0.01067665950452462,0.08104313013822957
50,500000.0,massive_planetesimal,239,MP_238,103.99813662183163,0.0030144791497618856,0.13036712690878988
50,500000.0,massive_planetesimal,240,MP_239,96.90568898318374,0.00659686758772638,0.38840603055675693
50,500000.0,massive_planetesimal,241,MP_240,95.60175210592783,0.019851612579829068,0.2533044463663228
50,500000.0,massive_planetesimal,242,MP_241,102.70672809891946,0.008034510212287477,0.1668761702922549
50,500000.0,massive_planetesimal,243,MP_242,102.1671374666772,0.019923367816419495,0.12146957798080174
50,500000.0,massive_planetesimal,244,MP_243,103.65967190454637,0.006881621505282272,0.4274044893829478
50,500000.0,massive_planetesimal,245,MP_244,102.98886756830075,0.017413066377861393,0.3432978553760894
50,500000.0,massive_planetesimal,246,MP_245,103.86930820015512,0.0056619879882243125,0.28943329303958276
50,500000.0,massive_planetesimal,247,MP_246,102.12778666164594,0.015453508486942295,0.11196965569923699
50,500000.0,massive_planetesimal,248,MP_247,96.40515767209547,0.0078015209449331735,0.38159534006501156
50,500000.0,massive_planetesimal,249,MP_248,102.43638813795191,0.0058475597873325165,0.2651413784899056
50,500000.0,massive_planetesimal,250,MP_249,98.13498486820235,0.004988114155915934,0.4351733077511617
50,500000.0,massive_planetesimal,251,MP_250,103.95435372981873,0.007817478058115546,0.14288387694974405
50,500000.0,massive_planetesimal,252,MP_251,101.11890024443855,0.019347690447757183,0.2940322191762485
50,500000.0,massive_planetesimal,253,MP_252,100.8267066657312,0.00786264015955614,0.2573832378789373
50,500000.0,massive_planetesimal,254,MP_253,98.84320540237749,0.010971833402475843,0.4932774314788887
50,500000.0,massive_planetesimal,255,MP_254,97.25434054081558,0.014470291430966996,0.21075525471855072
50,500000.0,massive_planetesimal,256,MP_255,95.98644209457976,0.007078176945622996,0.251660716066225
50,500000.0,massive_planetesimal,257,MP_256,100.4272082765312,0.008097590739342022,0.33945295612002735
50,500000.0,massive_planetesimal,258,MP_257,98.36461927970332,0.0044518360611039256,0.3221901776387956
50,500000.0,massive_planetesimal,259,MP_258,99.28308274908734,0.009605050022221482,0.16155232465105812
50,500000.0,massive_planetesimal,260,MP_259,98.09576467195039,0.0033078425445432613,0.423929202735307
50,500000.0,massive_planetesimal,261,MP_260,104.99923095235089,0.00616969096506832,0.07850567563919576
50,500000.0,massive_planetesimal,262,MP_261,96.35605725653896,0.011656741666466037,0.06829452571010006
50,500000.0,massive_planetesimal,263,MP_262,100.63196940212514,0.015143567701828514,0.1413875545341439
50,500000.0,massive_planetesimal,264,MP_263,105.92745988729254,0.008339335704769203,0.40555976049180154
50,500000.0,massive_planetesimal,265,MP_264,101.76364339787102,0.02482030909445282,0.04710662663585616
50,500000.0,massive_planetesimal,266,MP_265,100.29422646582312,0.0033805296678072506,0.37894920790064546
50,500000.0,massive_planetesimal,267,MP_266,94.5010182450789,0.007558222716887211,0.06498597755233332
50,500000.0,massive_planetesimal,268,MP_267,101.17099653718537,0.01986998214050493,0.30977151056611274
50,500000.0,massive_planetesimal,269,MP_268,98.47907535713448,0.013133920019498853,0.3824716031293885
50,500000.0,massive_planetesimal,270,MP_269,100.32098327859735,0.013520035096760447,0.23587958902551137
50,500000.0,massive_planetesimal,271,MP_270,95.68510751691792,0.013385630624123939,0.18929916979015246
50,500000.0,massive_planetesimal,272,MP_271,96.66015204436545,0.003352512461826547,0.37514113205211047
50,500000.0,massive_planetesimal,273,MP_272,103.49760834940375,0.013261202831120113,0.09972852341621594
50,500000.0,massive_planetesimal,274,MP_273,96.83477433386994,0.014264376423486592,0.20760192616251694
50,500000.0,massive_planetesimal,275,MP_274,96.7801672003913,0.01419229649412281,0.33851004141825114
50,500000.0,massive_planetesimal,276,MP_275,98.12621667989075,0.010789395266311713,0.39908152313179884
50,500000.0,massive_planetesimal,277,MP_276,98.11649996650321,0.017384822618836164,0.21970121824884967
50,500000.0,massive_planetesimal,278,MP_277,100.9651562765622,0.013038930287987676,0.191412283765863
50,500000.0,massive_planetesimal,279,MP_278,96.01024504621347,0.012479287334646136,0.18723669284334304
50,500000.0,massive_planetesimal,280,MP_279,104.38112159785999,0.018189006209209366,0.27873572845590544
50,500000.0,massive_planetesimal,281,MP_280,103.55173179490727,0.016972221301713747,0.3632486064991818
50,500000.0,massive_planetesimal,282,MP_281,98.65995821818068,0.012687398919536382,0.190534513356323
50,500000.0,massive_planetesimal,283,MP_282,96.18304028695796,0.0059816702921086755,0.28172360897434423
50,500000.0,massive_planetesimal,284,MP_283,106.83466241364916,0.010135943291869039,0.08171192641351112
50,500000.0,massive_planetesimal,285,MP_284,98.50379989270688,0.009734947480259552,0.29067158054894277
50,500000.0,massive_planetesimal,286,MP_285,102.24860578111912,0.003409618875824599,0.41228236973485255
50,500000.0,massive_planetesimal,287,MP_286,98.09940214140666,0.006517118584513155,0.4178035174471739
50,500000.0,massive_planetesimal,288,MP_287,105.82519513016477,0.015314385217905641,0.04810703208805704
50,500000.0,massive_planetesimal,289,MP_288,95.92735709674916,0.006196777072434803,0.22874132753665039
50,500000.0,massive_planetesimal,290,MP_289,105.80288061213363,0.019577650302543364,0.26724523426965396
50,500000.0,massive_planetesimal,291,MP_290,99.29733715303888,0.004688839032382206,0.12988283000915327
50,500000.0,massive_planetesimal,292,MP_291,97.04855224762629,0.006689783457746646,0.24691818446474031
50,500000.0,massive_planetesimal,293,MP_292,102.14292928527692,0.008911836151087293,0.19958303697688776
50,500000.0,massive_planetesimal,294,MP_293,103.18362049401641,0.01006401846151135,0.14829513763720234
50,500000.0,massive_planetesimal,295,MP_294,94.85001736372564,0.005662424140959273,0.33546081560184654
50,500000.0,massive_planetesimal,296,MP_295,103.53637742121875,0.019484915551674226,0.13829094071905995
50,500000.0,massive_planetesimal,297,MP_296,102.38115900593134,0.003649118951195387,0.2180240157942963
50,500000.0,massive_planetesimal,298,MP_297,95.62046770534484,0.002337543343636007,0.1290942283708854
50,500000.0,massive_planetesimal,299,MP_298,105.35218367312831,0.010325293359371173,0.13822628723831648
50,500000.0,massive_planetesimal,300,MP_299,103.94972751495457,0.016756644701401282,0.13038214049784583
50,500000.0,massive_planetesimal,301,MP_300,101.33747422954757,0.008624485150257797,0.23020017438561202
50,500000.0,massive_planetesimal,302,MP_301,94.96012591854162,0.007745568412842692,0.12141087094828681
50,500000.0,massive_planetesimal,303,MP_302,102.49948226031012,0.004147155912751454,0.25210255756778116
50,500000.0,massive_planetesimal,304,MP_303,98.67128257312211,0.0020404564042793925,0.21814138618517367
50,500000.0,massive_planetesimal,305,MP_304,99.74266477344239,0.016998282778989095,0.5233548971461398
50,500000.0,massive_planetesimal,306,MP_305,99.06824887967515,0.014703130611418086,0.17444148375256868
50,500000.0,massive_planetesimal,307,MP_306,95.89838236763684,0.006264567307049125,0.3968289743303445
50,500000.0,massive_planetesimal,308,MP_307,97.06691761213244,0.009825031942447113,0.36230676588793714
50,500000.0,massive_planetesimal,309,MP_308,96.15317081152948,0.005835158579357582,0.15360483018881219
50,500000.0,massive_planetesimal,310,MP_309,101.61049595513963,0.014254478747005684,0.17015669315458015
50,500000.0,massive_planetesimal,311,MP_310,99.5054445607589,0.011999424403271656,0.21454556054877238
50,500000.0,massive_planetesimal,312,MP_311,105.71280334920071,0.009349778275092173,0.04535460928767869
50,500000.0,massive_planetesimal,313,MP_312,103.53706544129132,0.010350931664141222,0.19540484265174438
50,500000.0,massive_planetesimal,314,MP_313,100.82578197414912,0.02005442347298331,0.3758429321276762
50,500000.0,massive_planetesimal,315,MP_314,99.26305216350151,0.0041503644452681124,0.18414337140492973
50,500000.0,massive_planetesimal,316,MP_315,96.59372249556148,0.01850091779193199,0.2872785402118876
50,500000.0,massive_planetesimal,317,MP_316,100.57040770250222,0.011552990877277508,0.2509377577574191
50,500000.0,massive_planetesimal,318,MP_317,102.64892633523276,0.011366733021605988,0.09898064878342029
50,500000.0,massive_planetesimal,319,MP_318,105.11672045979158,0.009304770117195056,0.3712105947920399
50,500000.0,massive_planetesimal,320,MP_319,95.70240540255615,0.01350433448443535,0.35793462297458717
50,500000.0,massive_planetesimal,321,MP_320,98.96017609488102,0.005991625520118292,0.3844946029645535
50,500000.0,massive_planetesimal,322,MP_321,97.57042954915151,0.004370745555947698,0.3849919052708548
50,500000.0,massive_planetesimal,323,MP_322,104.27664335999057,0.009389654016746655,0.3386671437102417
50,500000.0,massive_planetesimal,324,MP_323,95.11396200796672,0.010466972171916196,0.2617263699611162
50,500000.0,massive_planetesimal,325,MP_324,101.40152042821778,0.015440367458160685,0.2064407301391847
50,500000.0,massive_planetesimal,326,MP_325,101.5807631507407,0.017259012384126082,0.4039189057998378
50,500000.0,massive_planetesimal,327,MP_326,99.93842009451093,0.013207770392357512,0.36382565836674086
50,500000.0,massive_planetesimal,328,MP_327,103.22052847590429,0.009533493573909096,0.12417896577459069
50,500000.0,massive_planetesimal,329,MP_328,104.1858975529326,0.01460731290350518,0.3981273976488212
50,500000.0,massive_planetesimal,330,MP_329,95.61994520418422,0.013582844277194061,0.4355462047278692
50,500000.0,massive_planetesimal,331,MP_330,101.72682263555187,0.003789904893169891,0.3341302918585342
50,500000.0,massive_planetesimal,332,MP_331,95.7572923849851,0.006649130941418021,0.3501910373978607
50,500000.0,massive_planetesimal,333,MP_332,98.68405263617596,0.007817548156528622,0.13638365839721703
50,500000.0,massive_planetesimal,334,MP_333,103.6319923516868,0.011121891030971198,0.2769900782681617
50,500000.0,massive_planetesimal,335,MP_334,96.51380476786647,0.01687917812681689,0.09586758006787179
50,500000.0,massive_planetesimal,336,MP_335,104.80983909337569,0.16474669152245386,0.1868852452171788
50,500000.0,massive_planetesimal,337,MP_336,96.28580395796054,0.01390056919891815,0.0783108414828968
50,500000.0,massive_planetesimal,338,MP_337,99.13813635990303,0.014711089127667788,0.31535408551114874
50,500000.0,massive_planetesimal,339,MP_338,101.2307229945701,0.0027411036485890518,0.395303842616919
50,500000.0,massive_planetesimal,340,MP_339,97.83191088998569,0.018066246572710984,0.18706062513004063
50,500000.0,massive_planetesimal,341,MP_340,101.21996277568539,0.014254801598436017,0.11058746477199882
50,500000.0,massive_planetesimal,342,MP_341,99.34023742041863,0.019702467950746882,0.09294357194825477
50,500000.0,massive_planetesimal,343,MP_342,99.04091841777078,0.020601094609031728,0.24450202004870356
50,500000.0,massive_planetesimal,344,MP_343,96.45378740763522,0.0058382233477646235,0.48760289766140585
50,500000.0,massive_planetesimal,345,MP_344,100.65284101038644,0.00845062951200315,0.1846460840343337
50,500000.0,massive_planetesimal,346,MP_345,104.02134318069251,0.011959489261106621,0.09788837595317537
50,500000.0,massive_planetesimal,347,MP_346,103.04067031820802,0.013502338147809349,0.17274793604498812
50,500000.0,massive_planetesimal,348,MP_347,105.40597770090054,0.012446524100488991,0.16401236843617142
50,500000.0,massive_planetesimal,349,MP_348,103.02795409482871,0.019861815186450048,0.2375476631461487
50,500000.0,massive_planetesimal,350,MP_349,103.79717902287165,0.008342865509608811,0.23940028261306895
50,500000.0,massive_planetesimal,351,MP_350,101.78863134124285,0.01881417844981492,0.03562815724825411
50,500000.0,massive_planetesimal,352,MP_351,102.43375110373071,0.005349651296130819,0.20661544345135388
50,500000.0,massive_planetesimal,353,MP_352,97.65097997840623,0.010346977357165254,0.22255331119574842
50,500000.0,massive_planetesimal,354,MP_353,96.63895476019738,0.005619506919026001,0.45542299100381
50,500000.0,massive_planetesimal,355,MP_354,98.205039846746,0.005257395257136124,0.3054600323229864
50,500000.0,massive_planetesimal,356,MP_355,96.7516342274167,0.020207539947201345,0.21284871347485318
50,500000.0,massive_planetesimal,357,MP_356,97.33119665164507,0.022993970371327575,0.2280753278622625
50,500000.0,massive_planetesimal,358,MP_357,99.98460764779105,0.006448566733652592,0.01941478232206898
50,500000.0,massive_planetesimal,359,MP_358,104.86416316188726,0.01558032310268304,0.22858024036158223
50,500000.0,massive_planetesimal,360,MP_359,98.1606462275026,0.0131448032359879,0.5315198707579262
50,500000.0,massive_planetesimal,361,MP_360,100.63736927279545,0.004112485231698376,0.5520262105629331
50,500000.0,massive_planetesimal,362,MP_361,103.28698193428336,0.011018882362107798,0.21489844267326555
50,500000.0,massive_planetesimal,363,MP_362,100.86717667770228,0.023492641956914573,0.11963623636012906
50,500000.0,massive_planetesimal,364,MP_363,97.03170678313853,0.013282623775497548,0.4414422248183174
50,500000.0,massive_planetesimal,365,MP_364,103.22129273568743,0.015227809740284008,0.27775571804746707
50,500000.0,massive_planetesimal,366,MP_365,95.53773196767335,0.012284420954169161,0.2648165443233072
50,500000.0,massive_planetesimal,367,MP_366,96.2315165120669,0.01208741711806686,0.3282087074041912
50,500000.0,massive_planetesimal,368,MP_367,99.67958768145053,0.026361528128601732,0.07100811669060685
50,500000.0,massive_planetesimal,369,MP_368,95.55148728252712,0.017943361563443273,0.1843541623870032
50,500000.0,massive_planetesimal,370,MP_369,101.82520592555313,0.007665604130324144,0.06598012057614268
50,500000.0,massive_planetesimal,371,MP_370,97.36945535701814,0.00450282520667158,0.15870418820339596
50,500000.0,massive_planetesimal,372,MP_371,100.96538475719976,0.015388483075024157,0.5474028065482245
50,500000.0,massive_planetesimal,373,MP_372,96.34575835769871,0.01921640460048958,0.21464717733980082
50,500000.0,massive_planetesimal,374,MP_373,99.1941946860852,0.007165149434183904,0.20887360603940386
50,500000.0,massive_planetesimal,375,MP_374,96.41356094057176,0.02432987130202475,0.17900499266209088
50,500000.0,massive_planetesimal,376,MP_375,98.95683589416042,0.014662629060289836,0.36308874438957733
50,500000.0,massive_planetesimal,377,MP_376,103.74153164119616,0.0022852018075436424,0.4898562110236109
50,500000.0,massive_planetesimal,378,MP_377,100.83063623114252,0.01349395672968227,0.27735166399944844
50,500000.0,massive_planetesimal,379,MP_378,106.31151196042919,0.011265031718904283,0.29233372059478246
50,500000.0,massive_planetesimal,380,MP_379,105.67301256107349,0.015534451046191033,0.22240211071083835
50,500000.0,massive_planetesimal,381,MP_380,96.98582344190324,0.009888138068128192,0.19005519036968974
50,500000.0,massive_planetesimal,382,MP_381,101.88847559953824,0.006083604638841316,0.46952352541585946
50,500000.0,massive_planetesimal,383,MP_382,101.62684631409978,0.003302976136118292,0.4179849191899848
50,500000.0,massive_planetesimal,384,MP_383,94.25677452356362,0.00957211896189706,0.23688741799601032
50,500000.0,massive_planetesimal,385,MP_384,104.54686697317265,0.010134225139582755,0.421906370613192
50,500000.0,massive_planetesimal,386,MP_385,102.25318933940997,0.0019078081395308285,0.21043650905875205
50,500000.0,massive_planetesimal,387,MP_386,97.86832249864652,0.014485568563379979,0.26166555151350795
50,500000.0,massive_planetesimal,388,MP_387,98.80778165805543,0.008211906138786949,0.24176411258721986
50,500000.0,massive_planetesimal,389,MP_388,102.72896993063458,0.008360814562802974,0.2080429230429192
50,500000.0,massive_planetesimal,390,MP_389,97.18904847319882,0.015542795831814284,0.33704838468486353
50,500000.0,massive_planetesimal,391,MP_390,96.93525818836449,0.01248501819974085,0.34637355665558206
50,500000.0,massive_planetesimal,392,MP_391,97.36501623030769,0.02231625901807023,0.14790747176876567
50,500000.0,massive_planetesimal,393,MP_392,99.7505460728501,0.002516970515304919,0.4007105271136391
50,500000.0,massive_planetesimal,394,MP_393,102.2009878345963,0.0046462130549207985,0.48497887511745075
50,500000.0,massive_planetesimal,395,MP_394,100.70646601881167,0.024671884316241524,0.25993106082232603
50,500000.0,massive_planetesimal,396,MP_395,97.49677258339742,0.003930073715983722,0.27884244167851935
50,500000.0,massive_planetesimal,397,MP_396,101.88660299545562,0.016665937067160564,0.30224653528252043
50,500000.0,massive_planetesimal,398,MP_397,96.18086105452329,0.015226151221055098,0.10397590804649398
50,500000.0,massive_planetesimal,399,MP_398,101.07671528454094,0.008665042257370904,0.25819700824109054
50,500000.0,massive_planetesimal,400,MP_399,103.04881221125324,0.01638942962878547,0.13667952046324755
50,500000.0,massive_planetesimal,401,MP_400,101.64645440989001,0.007812767731661252,0.3356623051982699
50,500000.0,massive_planetesimal,402,MP_401,98.87423559058797,0.006070699993739916,0.4347554090740606
50,500000.0,massive_planetesimal,403,MP_402,97.04791178527675,0.005959086858397465,0.3373165434276421
50,500000.0,massive_planetesimal,404,MP_403,96.40563907673562,0.00398072300141478,0.0765144717651647
50,500000.0,massive_planetesimal,405,MP_404,101.74944466337463,0.006855386126777332,0.25141586518847436
50,500000.0,massive_planetesimal,406,MP_405,102.53218002955931,0.005928426359769018,0.2977993625293315
50,500000.0,massive_planetesimal,407,MP_406,101.49872363584674,0.006776844893906492,0.41538499693482556
50,500000.0,massive_planetesimal,408,MP_407,96.96975470531409,0.01941985206149038,0.2604486061384876
50,500000.0,massive_planetesimal,409,MP_408,100.49580238663508,0.009486128593947877,0.5695681950881036
50,500000.0,massive_planetesimal,410,MP_409,102.77140277989722,0.010180467082315056,0.14339116395891624
50,500000.0,massive_planetesimal,411,MP_410,101.32672812493814,0.02013231903308636,0.4266018611641631
50,500000.0,massive_planetesimal,412,MP_411,106.386001973169,0.01479412071354957,0.15031359737906863
50,500000.0,massive_planetesimal,413,MP_412,101.08298641048742,0.005855614683902699,0.29788770531375336
50,500000.0,massive_planetesimal,414,MP_413,99.52091353239325,0.009590512396326337,0.15329743700653
50,500000.0,massive_planetesimal,415,MP_414,104.01709895073583,0.006769363793748644,0.3892740189951206
50,500000.0,massive_planetesimal,416,MP_415,104.405222331496,0.009844529860724448,0.38126493081178264
50,500000.0,massive_planetesimal,417,MP_416,101.18290279502916,0.015563631293411907,0.3250157367180482
50,500000.0,massive_planetesimal,418,MP_417,105.83133190073066,0.00635434816876825,0.3262578494875406
50,500000.0,massive_planetesimal,419,MP_418,100.17853056013767,0.007512454567567021,0.2872980668667487
50,500000.0,massive_planetesimal,420,MP_419,93.63965136429992,0.01658000398659106,0.21083622394508636
50,500000.0,massive_planetesimal,421,MP_420,96.9335810217755,0.012140567925473229,0.16949626630819345
50,500000.0,massive_planetesimal,422,MP_421,102.66761607568267,0.010634552864282767,0.1339302358169517
50,500000.0,massive_planetesimal,423,MP_422,101.80822888332327,0.019239301547896902,0.13493834271543936
50,500000.0,massive_planetesimal,424,MP_423,94.94261878086786,0.01507148018751201,0.12353870534329899
50,500000.0,massive_planetesimal,425,MP_424,94.19857674977986,0.0039652785816188,0.19410366511467125
50,500000.0,massive_planetesimal,426,MP_425,100.85097937576332,0.01917202831342063,0.09508234041603493
50,500000.0,massive_planetesimal,427,MP_426,94.16672908557591,0.0036982227760610506,0.14079049269786276
50,500000.0,massive_planetesimal,428,MP_427,104.43976895851436,0.01039117728012992,0.2939335162404564
50,500000.0,massive_planetesimal,429,MP_428,101.89385527246696,0.0016773631543286725,0.590999508137345
50,500000.0,massive_planetesimal,430,MP_429,98.76991251327348,0.016328173907173255,0.44730728071586556
50,500000.0,massive_planetesimal,431,MP_430,97.53344130781062,0.01690787537987402,0.1648352486819111
50,500000.0,massive_planetesimal,432,MP_431,99.81667401510597,0.006597759587175974,0.4415712228549244
50,500000.0,massive_planetesimal,433,MP_432,100.67416056991713,0.00435832828331831,0.2643007310366752
50,500000.0,massive_planetesimal,434,MP_433,101.95994460735362,0.009004236279992429,0.2653786687972198
50,500000.0,massive_planetesimal,435,MP_434,95.57285062895662,0.006594335467805262,0.19587057926790855
50,500000.0,massive_planetesimal,436,MP_435,98.32565412512872,0.022074200542219185,0.20062299683052975
50,500000.0,massive_planetesimal,437,MP_436,98.65918823517103,0.01171712745947845,0.17797225582151974
50,500000.0,massive_planetesimal,438,MP_437,100.56808488434065,0.004174163780301002,0.25052620611540544
50,500000.0,massive_planetesimal,439,MP_438,97.14069187109473,0.012809982708794366,0.12438574984081953
50,500000.0,massive_planetesimal,440,MP_439,97.71146140604853,0.01236050881941652,0.16661161569342378
50,500000.0,massive_planetesimal,441,MP_440,100.01250741532428,0.020390580457749774,0.061806609755785516
50,500000.0,massive_planetesimal,442,MP_441,101.76669886279238,0.011931791149783936,0.15415838295863699
50,500000.0,massive_planetesimal,443,MP_442,99.50117817553293,0.018704318688441413,0.2516526135066919
50,500000.0,massive_planetesimal,444,MP_443,94.52715798496767,0.009406977814131901,0.15213012894699998
50,500000.0,massive_planetesimal,445,MP_444,98.6875610493042,0.010479351950611667,0.1848694139229893
50,500000.0,massive_planetesimal,446,MP_445,101.91897645644556,0.009661684465369191,0.2926092441247987
50,500000.0,massive_planetesimal,447,MP_446,100.95532312163145,0.01869600512030992,0.21396302134774295
50,500000.0,massive_planetesimal,448,MP_447,94.33290019189879,0.010272409636394588,0.22331609145675313
50,500000.0,massive_planetesimal,449,MP_448,98.37015506253233,0.007277757101032543,0.3014194278945109
50,500000.0,massive_planetesimal,450,MP_449,103.1731162966481,0.008942498728768393,0.3905664367632274
50,500000.0,massive_planetesimal,451,MP_450,100.02320548112236,0.012270712742525086,0.5145275193335103
50,500000.0,massive_planetesimal,452,MP_451,104.7411176788908,0.01293656557428248,0.23258299155107043
50,500000.0,massive_planetesimal,453,MP_452,96.78867036872155,0.012810534541120721,0.16744268703465268
50,500000.0,massive_planetesimal,454,MP_453,94.12926722971794,0.006099072601435951,0.27561820924938957
50,500000.0,massive_planetesimal,455,MP_454,95.61325674677558,0.0035838475328832074,0.4008340498890859
50,500000.0,massive_planetesimal,456,MP_455,97.39730848184153,0.01482315681205474,0.08177736955581708
50,500000.0,massive_planetesimal,457,MP_456,99.70044328074975,0.0035577598340337906,0.28426055268240397
50,500000.0,massive_planetesimal,458,MP_457,96.0332486560121,0.0032652612714087334,0.4530970075138782
50,500000.0,massive_planetesimal,459,MP_458,100.97883877047933,0.01926957845157973,0.13366565411352124
50,500000.0,massive_planetesimal,460,MP_459,104.69141535788016,0.009210896262493079,0.5952038097276448
50,500000.0,massive_planetesimal,461,MP_460,104.76098644186418,0.01829251660905041,0.012582745273646603
50,500000.0,massive_planetesimal,462,MP_461,101.53704342196912,0.017854238338272068,0.02004033964556281
50,500000.0,massive_planetesimal,463,MP_462,104.27580660070805,0.019618631180671926,0.26518895966795636
50,500000.0,massive_planetesimal,464,MP_463,96.1601607007763,0.009840678793639847,0.500609920596037
50,500000.0,massive_planetesimal,465,MP_464,96.09935336642421,0.009932527558894238,0.32078702335003506
50,500000.0,massive_planetesimal,466,MP_465,100.23548232352488,0.01319896328175196,0.10146829960028192
50,500000.0,massive_planetesimal,467,MP_466,101.03366136974702,0.0028765465930734083,0.2460476712783979
50,500000.0,massive_planetesimal,468,MP_467,94.73715450609521,0.01469176942859949,0.3831956390499341
50,500000.0,massive_planetesimal,469,MP_468,99.45720359375301,0.01783728229193655,0.24893076000667336
50,500000.0,massive_planetesimal,470,MP_469,96.0416426211072,0.015265904098318638,0.5444488314620876
50,500000.0,massive_planetesimal,471,MP_470,96.3886695744372,0.012106308723166278,0.1450711800282789
50,500000.0,massive_planetesimal,472,MP_471,96.3172905113875,0.004339328209643596,0.384945860381819
50,500000.0,massive_planetesimal,473,MP_472,97.80684101443751,0.005257095641448665,0.15286058322062213
50,500000.0,massive_planetesimal,474,MP_473,97.88022693607437,0.006953910646941548,0.29093352249532595
50,500000.0,massive_planetesimal,475,MP_474,94.72476469269589,0.01830626480247346,0.08855734679172211
50,500000.0,massive_planetesimal,476,MP_475,96.33358758280954,0.007046382979036415,0.05408041874523158
50,500000.0,massive_planetesimal,477,MP_476,105.57349758585868,0.005383898817271743,0.1255708973873005
50,500000.0,massive_planetesimal,478,MP_477,101.70087644130611,0.012228389424516078,0.4565069059985388
50,500000.0,massive_planetesimal,479,MP_478,103.34066457603994,0.011367968140297946,0.38212442764224974
50,500000.0,massive_planetesimal,480,MP_479,94.17000370751421,0.01656436019738385,0.25899863400814566
50,500000.0,massive_planetesimal,481,MP_480,94.13613024755337,0.007361658358097793,0.08747427919042057
50,500000.0,massive_planetesimal,482,MP_481,97.09482365390592,0.011413102922236467,0.2759143755153557
50,500000.0,massive_planetesimal,483,MP_482,100.55752285607822,0.010482582573511897,0.4270744251748588
50,500000.0,massive_planetesimal,484,MP_483,103.07326129177167,0.01283174182081487,0.920752564688767
50,500000.0,massive_planetesimal,485,MP_484,99.53905108503628,0.009086579240692486,0.14233782622671987
50,500000.0,massive_planetesimal,486,MP_485,102.09515128189194,0.005543878451807359,0.19969716017223973
50,500000.0,massive_planetesimal,487,MP_486,96.68514866175248,0.01826754888654377,0.1453707041584186
50,500000.0,massive_planetesimal,488,MP_487,96.5112045396608,0.005364355226481084,0.4695540135754878
50,500000.0,massive_planetesimal,489,MP_488,99.73330858898849,0.009536199272954253,0.2065505243433839
50,500000.0,massive_planetesimal,490,MP_489,102.91020835897257,0.01703243854867943,0.32956364551333633
50,500000.0,massive_planetesimal,491,MP_490,105.52351008676747,0.008673024545004225,0.14277009542253555
50,500000.0,massive_planetesimal,492,MP_491,100.75298794991622,0.009876360357969185,0.19159518378731547
50,500000.0,massive_planetesimal,493,MP_492,96.02212807667803,0.008005224582026096,0.23018091501480342
50,500000.0,massive_planetesimal,494,MP_493,95.90316954587678,0.01398663030677404,0.20676766684113568
50,500000.0,massive_planetesimal,495,MP_494,95.68037199276006,0.01723952778382282,0.22056868593902312
50,500000.0,massive_planetesimal,496,MP_495,100.7090213147463,0.012490901142806285,0.30720882122956517
50,500000.0,massive_planetesimal,497,MP_496,102.34495147721694,0.009661827302821306,0.19220308070494654
50,500000.0,massive_planetesimal,498,MP_497,97.18876719837067,0.0058110535843473995,0.11615926451766173
50,500000.0,massive_planetesimal,499,MP_498,94.36068625459596,0.023187291467448957,0.2271107757334616
50,500000.0,massive_planetesimal,500,MP_499,101.00590207296962,0.007079104706515571,0.08157163280631106
50,500000.0,massive_planetesimal,501,MP_500,101.47343999565773,0.009674811931181406,0.24040392413216322
50,500000.0,massive_planetesimal,502,MP_501,100.40780870127261,0.02737712261366004,0.4134328500930882
50,500000.0,massive_planetesimal,503,MP_502,105.71350797021702,0.02052121566103229,0.20639259668874457
50,500000.0,massive_planetesimal,504,MP_503,102.51181119899894,0.003131337092472159,0.43172638001279645
50,500000.0,massive_planetesimal,505,MP_504,99.19450659796544,0.015510286648641463,0.5394803210118214
50,500000.0,massive_planetesimal,506,MP_505,102.57477507684486,0.012303274608788859,0.3779403554450148
50,500000.0,massive_planetesimal,507,MP_506,99.42367099224356,0.009332667652232864,0.24827562194892266
50,500000.0,massive_planetesimal,508,MP_507,103.80427723939812,0.02922898926646011,0.2479276885705128
50,500000.0,massive_planetesimal,509,MP_508,103.2064804911826,0.00692536961794727,0.15430270089032588
50,500000.0,massive_planetesimal,510,MP_509,103.0952503186851,0.00959607417839338,0.17457038453856102
50,500000.0,massive_planetesimal,511,MP_510,99.8487550776482,0.00969761312684825,0.20964134152480465
50,500000.0,massive_planetesimal,512,MP_511,99.57749701155832,0.010074727254632774,0.25212529880108614
50,500000.0,massive_planetesimal,513,MP_512,102.44820756965828,0.00792343078686884,0.047695726379492265
50,500000.0,massive_planetesimal,514,MP_513,103.74095657636578,0.014454515977293435,0.4155725015246254
50,500000.0,massive_planetesimal,515,MP_514,102.81894372262543,0.016177254362750908,0.34953125490111864
50,500000.0,massive_planetesimal,516,MP_515,100.42785944822145,0.012173918848408913,0.22184414941070488
50,500000.0,massive_planetesimal,517,MP_516,93.98464545224259,0.0024358330225516885,0.3389350281126737
50,500000.0,massive_planetesimal,518,MP_517,105.98906356427797,0.006816070684310606,0.24001645532631097
50,500000.0,massive_planetesimal,519,MP_518,97.38980084739879,0.015907921778315834,0.3391570318231057
50,500000.0,massive_planetesimal,520,MP_519,99.07673541144159,0.019623990353063225,0.1527593827424132
50,500000.0,massive_planetesimal,521,MP_520,100.13119876107484,0.010473087262514273,0.2762357095537065
50,500000.0,massive_planetesimal,522,MP_521,104.02199238424993,0.017789922247991835,0.4807497753058581
50,500000.0,massive_planetesimal,523,MP_522,93.98995711353008,0.011544631238826186,0.1317771997285123
50,500000.0,massive_planetesimal,524,MP_523,100.11103318790316,0.009619340227018963,0.474759349509547
50,500000.0,massive_planetesimal,525,MP_524,105.55032530989045,0.004250231806703443,0.3819166398024622
50,500000.0,massive_planetesimal,526,MP_525,95.56393650323442,0.004257445293666982,0.18553660504038197
50,500000.0,massive_planetesimal,527,MP_526,94.92899772086643,0.011082120764394139,0.31905636397190307
50,500000.0,massive_planetesimal,528,MP_527,94.59142451034604,0.010962453933445731,0.3862361957089914
50,500000.0,massive_planetesimal,529,MP_528,96.26460944621313,0.014553674961493906,0.3401314440368697
50,500000.0,massive_planetesimal,530,MP_529,105.49796514680416,0.008095070857347803,0.14374724947493522
50,500000.0,massive_planetesimal,531,MP_530,104.00462264530924,0.008213485168167417,0.20648986424149257
50,500000.0,massive_planetesimal,532,MP_531,101.70265222669674,0.008607366724021898,0.134562591440399
50,500000.0,massive_planetesimal,533,MP_532,100.82706329434964,0.006150547574417242,0.16505891518645602
50,500000.0,massive_planetesimal,534,MP_533,95.88802442613375,0.01691720569047252,0.244236330384821
50,500000.0,massive_planetesimal,535,MP_534,106.14495258347254,0.016317726097164295,0.27380426769344335
50,500000.0,massive_planetesimal,536,MP_535,95.71530986886617,0.010099840056288415,0.1705844244267182
50,500000.0,massive_planetesimal,537,MP_536,97.48273995421934,0.006345967562502041,0.32158798867499827
50,500000.0,massive_planetesimal,538,MP_537,104.9824170022815,0.002887900181836032,0.26485144046811054
50,500000.0,massive_planetesimal,539,MP_538,102.00772631663841,0.01812803197492012,0.472587684419263
50,500000.0,massive_planetesimal,540,MP_539,96.9052819175743,0.015781144945964318,0.40768992038454704
50,500000.0,massive_planetesimal,541,MP_540,101.9289838958722,0.019056447526823353,0.09362029670776398
50,500000.0,massive_planetesimal,542,MP_541,98.70345549727855,0.01669773914462274,0.48540354932549246
50,500000.0,massive_planetesimal,543,MP_542,97.60459807686917,0.010561949662441934,0.18723443980266644
50,500000.0,massive_planetesimal,544,MP_543,99.45540639322354,0.018503417719472462,0.04334618855700696
50,500000.0,massive_planetesimal,545,MP_544,96.5736779785874,0.008289472964601651,0.48132905526998754
50,500000.0,massive_planetesimal,546,MP_545,104.50811916633658,0.005206465519391435,0.08887917672334512
50,500000.0,massive_planetesimal,547,MP_546,96.582047300387,0.006796384538654654,0.2130173283063942
50,500000.0,massive_planetesimal,548,MP_547,98.35995095671225,0.013395580573547766,0.20439158309255967
50,500000.0,massive_planetesimal,549,MP_548,95.95327874700193,0.0102455210696571,0.16557068854771012
50,500000.0,massive_planetesimal,550,MP_549,101.62119592953454,0.005268947437913408,0.47331731097353386
50,500000.0,massive_planetesimal,551,MP_550,104.81366833141921,0.01414271053043586,0.25067919043562914
50,500000.0,massive_planetesimal,552,MP_551,96.81349334228811,0.010699043228166305,0.1607718461726192
50,500000.0,massive_planetesimal,553,MP_552,98.48083581844861,0.01665708729982085,0.23792161429444297
50,500000.0,massive_planetesimal,554,MP_553,96.02674015219529,0.008490667310871641,0.14796079843669635
50,500000.0,massive_planetesimal,555,MP_554,103.58830734588177,0.007596353360742413,0.06827074691164342
50,500000.0,massive_planetesimal,556,MP_555,103.38057499352537,0.008258647450646058,0.35964928834995746
50,500000.0,massive_planetesimal,557,MP_556,97.58807994575363,0.004205925258478553,0.19433322465525849
50,500000.0,massive_planetesimal,558,MP_557,96.90115428070435,0.0059705013322256155,0.4838519854920337
50,500000.0,massive_planetesimal,559,MP_558,102.53525145017346,0.005644224985108456,0.3193105745987249
50,500000.0,massive_planetesimal,560,MP_559,98.43212426518252,0.0240661445376821,0.19807809324683387
50,500000.0,massive_planetesimal,561,MP_560,94.50480986770417,0.009612236985434633,0.09879308381734578
50,500000.0,massive_planetesimal,562,MP_561,102.41553325032395,0.010225283065490687,0.17562805618501695
50,500000.0,massive_planetesimal,563,MP_562,100.37968529100719,0.009063735190454811,0.2616456116795028
50,500000.0,massive_planetesimal,564,MP_563,100.78361419020895,0.00946886024728879,0.27361005480348377
50,500000.0,massive_planetesimal,565,MP_564,96.6048138962386,0.01110728213446263,0.17036788996681498
50,500000.0,massive_planetesimal,566,MP_565,96.45242421050301,0.015132009111458981,0.3533306959836074
50,500000.0,massive_planetesimal,567,MP_566,94.01639824160713,0.003983188347407717,0.16741676805239178
50,500000.0,massive_planetesimal,568,MP_567,101.06805273261295,0.015063778274602868,0.16287855539632906
50,500000.0,massive_planetesimal,569,MP_568,100.69888936227764,0.0073913540593026905,0.2915204854780813
50,500000.0,massive_planetesimal,570,MP_569,94.69525573765402,0.0075837183043059656,0.14002394107710034
50,500000.0,massive_planetesimal,571,MP_570,102.06676417367818,0.008504486509450114,0.2362161763181057
50,500000.0,massive_planetesimal,572,MP_571,95.91339081964998,0.018615604485388508,0.34442873357020737
50,500000.0,massive_planetesimal,573,MP_572,104.59242050479762,0.0006126643827269386,0.05954928628191468
50,500000.0,massive_planetesimal,574,MP_573,94.4738217778211,0.01197261735434989,0.4116648894526349
50,500000.0,massive_planetesimal,575,MP_574,103.49030268486777,0.004373734344926155,0.12922703758267692
50,500000.0,massive_planetesimal,576,MP_575,101.48398799200827,0.018253511004277086,0.2640460072437031
50,500000.0,massive_planetesimal,577,MP_576,105.22026085608074,0.0066426818730319385,0.18759606354267744
50,500000.0,massive_planetesimal,578,MP_577,94.6148832546176,0.0038295009547418073,0.078318502852899
50,500000.0,massive_planetesimal,579,MP_578,97.27489535629907,0.0014209777761445147,0.326303287328019
50,500000.0,massive_planetesimal,580,MP_579,102.60248219142152,0.0025651397375883525,0.20809122406213548
50,500000.0,massive_planetesimal,581,MP_580,99.51124709342335,0.01475627160699484,0.4132165046481522
50,500000.0,massive_planetesimal,582,MP_581,102.01286280705861,0.014113858747333577,0.35552940170171693
50,500000.0,massive_planetesimal,583,MP_582,102.85944988345253,0.007085606890358455,0.4915994978830492
50,500000.0,massive_planetesimal,584,MP_583,96.1360198937817,0.013561172639076939,0.14466627023636283
50,500000.0,massive_planetesimal,585,MP_584,103.51628346234457,0.013887755979475627,0.2591746812163006
50,500000.0,massive_planetesimal,586,MP_585,102.01174707890861,0.01843637675013757,0.251124648030897
50,500000.0,massive_planetesimal,587,MP_586,101.41167803141853,0.01547972383435065,0.6613238516598712
50,500000.0,massive_planetesimal,588,MP_587,95.13966344581374,0.0037983137373219103,0.22299099213797685
50,500000.0,massive_planetesimal,589,MP_588,104.94693298339062,0.00424645697447082,0.3020044381685297
50,500000.0,massive_planetesimal,590,MP_589,100.42858827400545,0.009454194592520065,0.4293568239751422
50,500000.0,massive_planetesimal,591,MP_590,100.87243354201168,0.010056796535040553,0.2924141840962803
50,500000.0,massive_planetesimal,592,MP_591,98.73816241110885,0.01145156384159256,0.2587788614383137
50,500000.0,massive_planetesimal,593,MP_592,100.30551063109836,0.004502476181016224,0.20960706602316675
50,500000.0,massive_planetesimal,594,MP_593,100.73999952220788,0.010701780262538485,0.24004458448660654
50,500000.0,massive_planetesimal,595,MP_594,102.80407975317021,0.0003202794771265227,0.2951347248355279
50,500000.0,massive_planetesimal,596,MP_595,106.19126019186913,0.023148059551924987,0.22327583941817208
50,500000.0,massive_planetesimal,597,MP_596,104.04214863548073,0.012885218237004946,0.10839990355851144
50,500000.0,massive_planetesimal,598,MP_597,99.225175850982,0.015614453001752458,0.6003914286663398
50,500000.0,massive_planetesimal,599,MP_598,103.57206474148332,0.014479990546430855,0.12443809075443357
50,500000.0,massive_planetesimal,600,MP_599,95.54551236616653,0.015266051109057478,0.4461193917346151
50,500000.0,massive_planetesimal,601,MP_600,99.4480413298918,0.008988593559819449,0.4854227500899049
50,500000.0,massive_planetesimal,602,MP_601,99.57241917685705,0.012936726171050253,0.5397676499359055
50,500000.0,massive_planetesimal,603,MP_602,102.85909710348228,0.004739066799013263,0.19093219831494637
50,500000.0,massive_planetesimal,604,MP_603,94.01316567652216,0.022169842695590185,0.5907490978467534
50,500000.0,massive_planetesimal,605,MP_604,100.73218815993224,0.020885103297576424,0.3827861542520145
50,500000.0,massive_planetesimal,606,MP_605,95.2781740641521,0.013255461695740595,0.37537804481546333
50,500000.0,massive_planetesimal,607,MP_606,105.09528205864508,0.004525667575949401,0.12816833632709435
50,500000.0,massive_planetesimal,608,MP_607,102.36465972018267,0.018231626797917524,0.2590251700900598
50,500000.0,massive_planetesimal,609,MP_608,95.51201474136963,0.015200142004509918,0.20267354163434795
50,500000.0,massive_planetesimal,610,MP_609,96.05046799727748,0.005233977053324792,0.2818839361498913
50,500000.0,massive_planetesimal,611,MP_610,99.69056960374023,0.016789709519598874,0.30315883940553556
50,500000.0,massive_planetesimal,612,MP_611,95.38498808076278,0.01435720144294897,0.322594110711903
50,500000.0,massive_planetesimal,613,MP_612,96.48021727008268,0.010497684414611408,0.26232900219218275
50,500000.0,massive_planetesimal,614,MP_613,95.42771043935231,0.029983096571430657,0.21019693939302012
50,500000.0,massive_planetesimal,615,MP_614,95.71697343293182,0.010145479154165755,0.28311648262326466
50,500000.0,massive_planetesimal,616,MP_615,96.30362392401018,0.009117221753237186,0.3064740752212064
50,500000.0,massive_planetesimal,617,MP_616,94.99280112895731,0.004339871172004617,0.19243076885882235
50,500000.0,massive_planetesimal,618,MP_617,99.85843658602109,0.0110412642017857,0.22590457431180486
50,500000.0,massive_planetesimal,619,MP_618,98.58978489184666,0.009908131390214178,0.18563655658754574
50,500000.0,massive_planetesimal,620,MP_619,100.99498490137661,0.006196387442587511,0.3220310188889171
50,500000.0,massive_planetesimal,621,MP_620,99.30218576363903,0.00879036955060527,0.28393908408005747
50,500000.0,massive_planetesimal,622,MP_621,103.52363178630308,0.009829507440715729,0.1051371340364417
50,500000.0,massive_planetesimal,623,MP_622,99.15721166469774,0.006265256454621829,0.4157884819080019
50,500000.0,massive_planetesimal,624,MP_623,103.01057283563335,0.02323478086835573,0.4289938436980951
50,500000.0,massive_planetesimal,625,MP_624,95.8692808920911,0.0271063096919514,0.09022853550245936
50,500000.0,massive_planetesimal,626,MP_625,97.58137372940047,0.010372530016681295,0.1947105244766574
50,500000.0,massive_planetesimal,627,MP_626,99.97721138008508,0.0038777074459861002,0.1454358699268503
50,500000.0,massive_planetesimal,628,MP_627,100.80829036513049,0.01333709712284718,0.11870479273249136
50,500000.0,massive_planetesimal,629,MP_628,102.53752410195352,0.002347714012307547,0.3604581430070467
50,500000.0,massive_planetesimal,630,MP_629,104.38318139995252,0.003920547758222514,0.23692247943413902
50,500000.0,massive_planetesimal,631,MP_630,96.58094930811598,0.010259031158159094,0.17260074158183653
50,500000.0,massive_planetesimal,632,MP_631,106.28227398013966,0.009965456553897566,0.09848808655639585
50,500000.0,massive_planetesimal,633,MP_632,95.8497241283744,0.013599082406794888,0.27569124551693014
50,500000.0,massive_planetesimal,634,MP_633,100.57825934495249,0.007214219587698793,0.28642024395579835
50,500000.0,massive_planetesimal,635,MP_634,95.78060576051215,0.006573084178876537,0.17725574366524813
50,500000.0,massive_planetesimal,636,MP_635,100.47757994938374,0.008231827884907375,0.23522607114143046
50,500000.0,massive_planetesimal,637,MP_636,99.5402289752584,0.010544666263518587,0.1834782581947412
50,500000.0,massive_planetesimal,638,MP_637,99.8055281323577,0.010879654885486917,0.43002357155785803
50,500000.0,massive_planetesimal,639,MP_638,103.53903234268239,0.014533346576227783,0.20526963696901676
50,500000.0,massive_planetesimal,640,MP_639,95.85291045503543,0.006053342416651767,0.2620775685465343
50,500000.0,massive_planetesimal,641,MP_640,101.31335783389919,0.009592054423756472,0.2862642064576734
50,500000.0,massive_planetesimal,642,MP_641,103.8110279884202,0.0046817981038194765,0.34318918610810445
50,500000.0,massive_planetesimal,643,MP_642,94.03233855779807,0.015097713820114062,0.14959148233910702
50,500000.0,massive_planetesimal,644,MP_643,101.89227884142602,0.016176719694417974,0.2541685199209728
50,500000.0,massive_planetesimal,645,MP_644,106.17106370146682,0.006367801998675782,0.049365356135271765
50,500000.0,massive_planetesimal,646,MP_645,97.58613476379952,0.00834674188094086,0.09725992516598458
50,500000.0,massive_planetesimal,647,MP_646,96.91302226293661,0.013041128769851048,0.08999950964799967
50,500000.0,massive_planetesimal,648,MP_647,103.1320371381091,0.009636758849301225,0.2518078674801166
50,500000.0,massive_planetesimal,649,MP_648,104.90094015171454,0.002759625428930037,0.06877925896345387
50,500000.0,massive_planetesimal,650,MP_649,103.13717204198444,0.017197233106247527,0.1192376477070375
50,500000.0,massive_planetesimal,651,MP_650,96.45946415530547,0.013553479930717965,0.4060085226211236
50,500000.0,massive_planetesimal,652,MP_651,105.1973446542455,0.011939792585763845,0.007023646885060677
50,500000.0,massive_planetesimal,653,MP_652,103.55287436320508,0.006454886091722878,0.6065690945011208
50,500000.0,massive_planetesimal,654,MP_653,99.93222657536535,0.006949458425390422,0.175805215477024
50,500000.0,massive_planetesimal,655,MP_654,96.84785167864112,0.011967439495398352,0.10054307194256741
50,500000.0,massive_planetesimal,656,MP_655,100.42264966351728,0.005792670442163767,0.1585959027379012
50,500000.0,massive_planetesimal,657,MP_656,96.98840912997045,0.004744694057087669,0.4652343438338746
50,500000.0,massive_planetesimal,658,MP_657,97.58789768068291,0.015874183807019774,0.5100479781671723
50,500000.0,massive_planetesimal,659,MP_658,106.57472722214288,0.013706366709702236,0.37223787776622547
50,500000.0,massive_planetesimal,660,MP_659,96.33707655431402,0.0017947213191589779,0.3056312854896271
50,500000.0,massive_planetesimal,661,MP_660,97.41413227551747,0.005271047806891252,0.04307799179976556
50,500000.0,massive_planetesimal,662,MP_661,101.96288624686348,0.00632908124644814,0.32278665753764857
50,500000.0,massive_planetesimal,663,MP_662,98.9555257032966,0.01639837048364787,0.048304058074251054
50,500000.0,massive_planetesimal,664,MP_663,101.36260639010719,0.0034230816110005094,0.1955999752139281
50,500000.0,massive_planetesimal,665,MP_664,96.12096205739965,0.0087866677381372,0.4522912037452654
50,500000.0,massive_planetesimal,666,MP_665,103.148072996068,0.008397686933229351,0.16079628794201412
50,500000.0,massive_planetesimal,667,MP_666,94.29821004798377,0.014144240090018948,0.24249416181310982
50,500000.0,massive_planetesimal,668,MP_667,101.2049710278541,0.010022011861141395,0.28979206950770603
50,500000.0,massive_planetesimal,669,MP_668,95.41466701474798,0.013941410413353228,0.15003787169607458
50,500000.0,massive_planetesimal,670,MP_669,103.68494269213609,0.009043416006669485,0.134275117583403
50,500000.0,massive_planetesimal,671,MP_670,97.20133822101573,0.008168992206566252,0.29707444518789633
50,500000.0,massive_planetesimal,672,MP_671,105.54347446489263,0.007267013610167574,0.2977200759461343
50,500000.0,massive_planetesimal,673,MP_672,99.08404081628153,0.01806771746213235,0.19589488460705987
50,500000.0,massive_planetesimal,674,MP_673,101.50081830209093,0.013558209823292951,0.17968859326029452
50,500000.0,massive_planetesimal,675,MP_674,103.56453816615054,0.004058441502794048,0.032920713014379856
50,500000.0,massive_planetesimal,676,MP_675,103.98190015049549,0.005318704465468342,0.0932190327685815
50,500000.0,massive_planetesimal,677,MP_676,100.29807900026326,0.005124634841634882,0.13580763296209944
50,500000.0,massive_planetesimal,678,MP_677,96.72613150611753,0.0063383489065277545,0.2281159715526113
50,500000.0,massive_planetesimal,679,MP_678,105.24629474120007,0.011120625815390564,0.15910880248551543
50,500000.0,massive_planetesimal,680,MP_679,96.78640715646513,0.0121810867387514,0.3030292986981407
50,500000.0,massive_planetesimal,681,MP_680,98.03659414766045,0.017059192352430426,0.3437859807884101
50,500000.0,massive_planetesimal,682,MP_681,102.36041832877356,0.006601352270247608,0.21983683515586072
50,500000.0,massive_planetesimal,683,MP_682,104.00732696659459,0.019151043220377587,0.37636568829275957
50,500000.0,massive_planetesimal,684,MP_683,103.61215710657883,0.014886854310018436,0.18521916974946181
50,500000.0,massive_planetesimal,685,MP_684,102.69906820662494,0.02010234534056239,0.1920371062710401
50,500000.0,massive_planetesimal,686,MP_685,96.99702129023268,0.0027008335447035936,0.3908965591300816
50,500000.0,massive_planetesimal,687,MP_686,100.54003728761889,0.011394246348098528,0.2706580062339892
50,500000.0,massive_planetesimal,688,MP_687,101.83789121934849,0.004940999256828722,0.30302228533737874
50,500000.0,massive_planetesimal,689,MP_688,102.3973279650207,0.021300519342536458,0.05305487641079215
50,500000.0,massive_planetesimal,690,MP_689,100.8267690084473,0.005833732583652081,0.3513144962262032
50,500000.0,massive_planetesimal,691,MP_690,99.25709196143482,0.00825496625573187,0.253263326013344
50,500000.0,massive_planetesimal,692,MP_691,98.09330298005482,0.00745193666547342,0.15435667017844173
50,500000.0,massive_planetesimal,693,MP_692,97.82081925170841,0.009139159969057037,0.20988521169730726
50,500000.0,massive_planetesimal,694,MP_693,98.66304362895849,0.008404509022138101,0.20829126107832344
50,500000.0,massive_planetesimal,695,MP_694,96.76038253279279,0.012450587381436274,0.18915204629051488
50,500000.0,massive_planetesimal,696,MP_695,98.81009559725838,0.01146707086779372,0.26821885161204956
50,500000.0,massive_planetesimal,697,MP_696,102.69453370290373,0.01118644670890987,0.4814445915486103
50,500000.0,massive_planetesimal,698,MP_697,106.43476921261279,0.020352872107568712,0.10708375628251032
50,500000.0,massive_planetesimal,699,MP_698,95.67135373673021,0.009767296747171932,0.14139388431889546
50,500000.0,massive_planetesimal,700,MP_699,98.84850641638137,0.0032674045372239305,0.16203256030131077
50,500000.0,massive_planetesimal,701,MP_700,92.84505572745556,0.013475449730145271,0.2605698307759771
50,500000.0,massive_planetesimal,702,MP_701,96.21238083533898,0.01530463542650328,0.4154865194251169
50,500000.0,massive_planetesimal,703,MP_702,105.1035225272711,0.00477862861418194,0.13038718489872472
50,500000.0,massive_planetesimal,704,MP_703,105.45680760182975,0.0033649034845524323,0.12212507179215916
50,500000.0,massive_planetesimal,705,MP_704,98.19671041364582,0.006654055008517467,0.5911027557928508
50,500000.0,massive_planetesimal,706,MP_705,104.50027618921462,0.010187966472517483,0.2106440556814187
50,500000.0,massive_planetesimal,707,MP_706,95.08443798532988,0.008161515203188415,0.16354507770871177
50,500000.0,massive_planetesimal,708,MP_707,101.60318404602286,0.00411240651024378,0.1972562218047467
50,500000.0,massive_planetesimal,709,MP_708,96.89597885981448,0.005097019161446566,0.1331847786288023
50,500000.0,massive_planetesimal,710,MP_709,105.73404518634742,0.015173021372089425,0.23841518879544246
50,500000.0,massive_planetesimal,711,MP_710,103.53572340484294,0.007701242151234661,0.24650303548346647
50,500000.0,massive_planetesimal,712,MP_711,99.57796383866189,0.017165900364627583,0.4063193506920962
50,500000.0,massive_planetesimal,713,MP_712,106.1740557586808,0.005875368250315745,0.44513953832048786
50,500000.0,massive_planetesimal,714,MP_713,100.17649516119907,0.011353349585154137,0.1299405101583764
50,500000.0,massive_planetesimal,715,MP_714,105.14267866735592,0.021114391272991966,0.3009243611600813
50,500000.0,massive_planetesimal,716,MP_715,97.72705541729101,0.008706036299610333,0.1966377203860367
50,500000.0,massive_planetesimal,717,MP_716,101.40713750187616,0.023351977659501554,0.10416299499058565
50,500000.0,massive_planetesimal,718,MP_717,104.39098493937516,0.0111797261145171,0.2577334531179803
50,500000.0,massive_planetesimal,719,MP_718,105.23644087142254,0.01208655824620953,0.037984005115277164
50,500000.0,massive_planetesimal,720,MP_719,96.20777063159171,0.011103802213450571,0.5682057983073681
50,500000.0,massive_planetesimal,721,MP_720,102.67420786506057,0.016795788357769015,0.461978554116075
50,500000.0,massive_planetesimal,722,MP_721,93.93938522317308,0.00985963739657894,0.07208675675242426
50,500000.0,massive_planetesimal,723,MP_722,93.62643595228636,0.014107048336966218,0.28203532900264255
50,500000.0,massive_planetesimal,724,MP_723,102.1755788026575,0.013511090997093057,0.2749959829403171
50,500000.0,massive_planetesimal,725,MP_724,104.08056514314451,0.014245179313108938,0.10936458001812129
50,500000.0,massive_planetesimal,726,MP_725,97.12207157807356,0.0034395108196760937,0.1172496976007872
50,500000.0,massive_planetesimal,727,MP_726,102.66656805747928,0.012107101125558265,0.14918690014286662
50,500000.0,massive_planetesimal,728,MP_727,101.30241704660355,0.006677609548663811,0.3206857385507875
50,500000.0,massive_planetesimal,729,MP_728,97.15209939639871,0.013650827830531525,0.3540856121044411
50,500000.0,massive_planetesimal,730,MP_729,99.79817311391633,0.012350555173942434,0.11571630076475385
50,500000.0,massive_planetesimal,731,MP_730,101.15684617696598,0.009807884459072184,0.13097906109598972
50,500000.0,massive_planetesimal,732,MP_731,97.06615611614437,0.022515179656004806,0.06356046149957414
50,500000.0,massive_planetesimal,733,MP_732,101.19018531227691,0.029976706368906005,0.21166149915672253
50,500000.0,massive_planetesimal,734,MP_733,95.38274903509385,0.01040560257894055,0.2268875913236593
50,500000.0,massive_planetesimal,735,MP_734,101.63918761840111,0.018951726046841203,0.3428561825515812
50,500000.0,massive_planetesimal,736,MP_735,98.6604528258153,0.006071936032963603,0.2963141348799682
50,500000.0,massive_planetesimal,737,MP_736,101.36533048963477,0.016590712694671175,0.47224505543465933
50,500000.0,massive_planetesimal,738,MP_737,100.73150461472278,0.018012731948568044,0.2188200441223902
50,500000.0,massive_planetesimal,739,MP_738,100.7423354847361,0.007409284599704955,0.34277137550509457
50,500000.0,massive_planetesimal,740,MP_739,101.61664182525978,0.005359885360824659,0.26206092915430507
50,500000.0,massive_planetesimal,741,MP_740,96.20356884091892,0.005989585611700834,0.2899280727804928
50,500000.0,massive_planetesimal,742,MP_741,99.60569961201253,0.0072765976725574595,0.1531045566813706
50,500000.0,massive_planetesimal,743,MP_742,105.1011663689645,0.013900623475047145,0.22644436161365153
50,500000.0,massive_planetesimal,744,MP_743,98.09039656119243,0.007970707594856345,0.3804472152836213
50,500000.0,massive_planetesimal,745,MP_744,95.0749360396163,0.00998958584539085,0.21503005730666647
50,500000.0,massive_planetesimal,746,MP_745,103.52108505400285,0.018130024672759513,0.1570425671322379
50,500000.0,massive_planetesimal,747,MP_746,100.97129406097797,0.019924230386677,0.19709420527463806
50,500000.0,massive_planetesimal,748,MP_747,102.02650303227126,0.007163712049890157,0.4791802007442512
50,500000.0,massive_planetesimal,749,MP_748,94.84967526848749,0.012673909129454906,0.24167079382835344
50,500000.0,massive_planetesimal,750,MP_749,98.46417588770798,0.007550082941415385,0.26938352537383214
50,500000.0,massive_planetesimal,751,MP_750,96.88746226555982,0.008740617313867891,0.19132566473563595
50,500000.0,massive_planetesimal,752,MP_751,96.36013029909539,0.007615503055055934,0.1316849101696331
50,500000.0,massive_planetesimal,753,MP_752,105.43920625596891,0.00461817983368031,0.18120615483655494
50,500000.0,massive_planetesimal,754,MP_753,99.3205394054466,0.014523140115460385,0.2541670333209477
50,500000.0,massive_planetesimal,755,MP_754,105.4964613419662,0.00782480183492805,0.14092044356243769
50,500000.0,massive_planetesimal,756,MP_755,104.51864475338284,0.007084762451168097,0.6123577368775428
50,500000.0,massive_planetesimal,757,MP_756,104.3397268753869,0.021917345964617366,0.3386689134579698
50,500000.0,massive_planetesimal,758,MP_757,104.28784772314954,0.005250513563121445,0.31361963606448323
50,500000.0,massive_planetesimal,759,MP_758,100.17614605313503,0.005496887013931475,0.276182285755718
50,500000.0,massive_planetesimal,760,MP_759,99.70380792970286,0.0050063687271178145,0.2787082141180115
50,500000.0,massive_planetesimal,761,MP_760,105.82079649438529,0.008874886085963672,0.13157346971949907
50,500000.0,massive_planetesimal,762,MP_761,99.69419443306697,0.005811834160170381,0.5505691895506457
50,500000.0,massive_planetesimal,763,MP_762,95.40224270587863,0.012331801121676865,0.2736981070230116
50,500000.0,massive_planetesimal,764,MP_763,98.78184312668934,0.019514771423443784,0.27152191467333087
50,500000.0,massive_planetesimal,765,MP_764,98.8877520335095,0.009075259676471516,0.25018211708585814
50,500000.0,massive_planetesimal,766,MP_765,96.1108361589096,0.008815779879273246,0.1836017699556645
50,500000.0,massive_planetesimal,767,MP_766,101.90621438851768,0.00761203790186882,0.19188261072978963
50,500000.0,massive_planetesimal,768,MP_767,102.61642996917477,0.01570874939348753,0.19177033097373472
50,500000.0,massive_planetesimal,769,MP_768,97.91329094886876,0.008408319143273814,0.13045315747137648
50,500000.0,massive_planetesimal,770,MP_769,99.0535947203415,0.013973557918675645,0.2779242575752476
50,500000.0,massive_planetesimal,771,MP_770,98.72219587630397,0.014216058104482229,0.08339135318084723
50,500000.0,massive_planetesimal,772,MP_771,104.94992091115148,0.013614458026529464,0.3913997492885364
50,500000.0,massive_planetesimal,773,MP_772,98.17191169734365,0.010914755676731835,0.16985588939434698
50,500000.0,massive_planetesimal,774,MP_773,96.22679755262033,0.008804790788786269,0.28094371289118747
50,500000.0,massive_planetesimal,775,MP_774,98.97182411534922,0.0010801330742975894,0.07464254606260819
50,500000.0,massive_planetesimal,776,MP_775,104.4022396142547,0.003109775133154247,0.17601668832063916
50,500000.0,massive_planetesimal,777,MP_776,102.16961911219336,0.011877811692661645,0.06789633133250067
50,500000.0,massive_planetesimal,778,MP_777,99.64785055564155,0.009138902803899515,0.1597317262263536
50,500000.0,massive_planetesimal,779,MP_778,101.02822782923609,0.004565148405695171,0.3430828020864569
50,500000.0,massive_planetesimal,780,MP_779,100.13833192286921,0.007626941874868561,0.39760641133215224
50,500000.0,massive_planetesimal,781,MP_780,101.33569491071418,0.011478378069029892,0.31299539572113383
50,500000.0,massive_planetesimal,782,MP_781,95.62392802567152,0.007401258222166299,0.36854454846580254
50,500000.0,massive_planetesimal,783,MP_782,100.79668577687741,0.011108765804402386,0.4660616070449445
50,500000.0,massive_planetesimal,784,MP_783,99.96650790688206,0.00980945354795749,0.3464178237015975
50,500000.0,massive_planetesimal,785,MP_784,96.68594126424543,0.008159434229997629,0.4431305799879377
50,500000.0,massive_planetesimal,786,MP_785,99.7376771644451,0.007927513649281135,0.22352315538515333
50,500000.0,massive_planetesimal,787,MP_786,97.62479178151438,0.015181223759481832,0.46320930415011935
50,500000.0,massive_planetesimal,788,MP_787,96.97042009546966,0.010202515778596608,0.33870733186581453
50,500000.0,massive_planetesimal,789,MP_788,100.72715211990904,0.009923220768321389,0.177390772474712
50,500000.0,massive_planetesimal,790,MP_789,103.01211209269468,0.0040338679473852085,0.24492613729545584
50,500000.0,massive_planetesimal,791,MP_790,98.18472974682162,0.002296984607998703,0.3143700675769508
50,500000.0,massive_planetesimal,792,MP_791,98.36006751279568,0.018660012110159618,0.10454875130179725
50,500000.0,massive_planetesimal,793,MP_792,100.06758668080224,0.0075271656105857215,0.22493368493191487
50,500000.0,massive_planetesimal,794,MP_793,96.22617479327265,0.006140983248203807,0.37449434767394985
50,500000.0,massive_planetesimal,795,MP_794,103.22408220677646,0.01393258453969388,0.2584246328298441
50,500000.0,massive_planetesimal,796,MP_795,101.22982665163163,0.01794883215377755,0.5059708074755458
50,500000.0,massive_planetesimal,797,MP_796,98.3369261611795,0.004167660991768617,0.46523245134915103
50,500000.0,massive_planetesimal,798,MP_797,104.81167919963018,0.003305124212813527,0.15975620305458446
50,500000.0,massive_planetesimal,799,MP_798,96.16612308564814,0.009234401138541057,0.47519485230382363
50,500000.0,massive_planetesimal,800,MP_799,98.9202853824162,0.02075297483719152,0.375138354975147
50,500000.0,test_particle,801,TP_0,101.40086354994497,0.009497151155309497,0.03408146354009145
50,500000.0,test_particle,802,TP_1,102.34812306996851,0.005072190249484878,0.18353744213128462
50,500000.0,test_particle,803,TP_2,105.47412341708026,0.0164398777693095,0.3879325556378486
50,500000.0,test_particle,804,TP_3,98.24074532476442,0.007692951163655676,0.3265844978032018
50,500000.0,test_particle,805,TP_4,98.64956206090443,0.006703512264213507,0.2547112147822424
50,500000.0,test_particle,806,TP_5,98.7760009513982,0.01233065852178991,0.319853087829705
50,500000.0,test_particle,807,TP_6,95.99072729212835,0.011427195457294037,0.6725475839302019
50,500000.0,test_particle,808,TP_7,97.97097742113257,0.0067905399254721876,0.1172727509383727
50,500000.0,test_particle,809,TP_8,101.91247174061128,0.01330362695011642,0.2663864110116214
50,500000.0,test_particle,810,TP_9,103.10347989429755,0.011444639937982878,0.30775699126138956
50,500000.0,test_particle,811,TP_10,105.53346358871889,0.012931018088758489,0.0933901201607835
50,500000.0,test_particle,812,TP_11,100.35450385553163,0.008172426555292602,0.2916957566929183
50,500000.0,test_particle,813,TP_12,101.88220390496852,0.00199318500883665,0.2289482506840964
50,500000.0,test_particle,814,TP_13,99.38327953835915,0.012367080728690999,0.3610685491632051
50,500000.0,test_particle,815,TP_14,101.47708328604286,0.004216404833513068,0.6386350173314387
50,500000.0,test_particle,816,TP_15,96.54280398942493,0.004872271137094612,0.12911073117151786
50,500000.0,test_particle,817,TP_16,101.08233974045775,0.009712598332335367,0.2156597043014168
50,500000.0,test_particle,818,TP_17,105.8081350979318,0.018855079953687015,0.11690323496790293
50,500000.0,test_particle,819,TP_18,98.9742305726057,0.013487301818583965,0.1403662946562651
50,500000.0,test_particle,820,TP_19,105.9112675172439,0.02185282708291076,0.20127604365175808
50,500000.0,test_particle,821,TP_20,98.80223206965131,0.016577483642698763,0.23646496794381477
50,500000.0,test_particle,822,TP_21,98.25430272915834,0.006529154821722951,0.3152740038020483
50,500000.0,test_particle,823,TP_22,100.17242663291,0.02269181686763719,0.4481442974144187
50,500000.0,test_particle,824,TP_23,97.87027623667423,0.007013096901457031,0.25226353107251237
50,500000.0,test_particle,825,TP_24,102.01014427723302,0.008670197863430604,0.15290452844381228
50,500000.0,test_particle,826,TP_25,103.55432755466686,0.015751795583760782,0.5134751183418034
50,500000.0,test_particle,827,TP_26,99.39043377679809,0.0038103115341112832,0.2194896951644371
50,500000.0,test_particle,828,TP_27,98.62719243490113,0.008105832019960289,0.3815225209767397
50,500000.0,test_particle,829,TP_28,100.78448860668102,0.011920479562666902,0.138618696880357
50,500000.0,test_particle,830,TP_29,99.59675618298752,0.003999500478525204,0.32857019129570153
50,500000.0,test_particle,831,TP_30,94.58700588647989,0.012125603592421574,0.4956963622273538
50,500000.0,test_particle,832,TP_31,94.4206301652326,0.01275195023508098,0.14252611587983416
50,500000.0,test_particle,833,TP_32,98.01878251069705,0.008171853272303096,0.28260673001370146
50,500000.0,test_particle,834,TP_33,99.14202848174865,0.01852635752252843,0.43316959314286657
50,500000.0,test_particle,835,TP_34,101.96986062228218,0.0192961038536933,0.36134679605927417
50,500000.0,test_particle,836,TP_35,101.79719098209291,0.014619278003027881,0.043079083674414625
50,500000.0,test_particle,837,TP_36,103.94496632826012,0.01688403062249686,0.08255369812237233
50,500000.0,test_particle,838,TP_37,101.12594511932717,0.00423047313968873,0.3246719973411102
50,500000.0,test_particle,839,TP_38,94.30481036007012,0.015977737001964133,0.3624556617015064
50,500000.0,test_particle,840,TP_39,94.23643356818472,0.005717692775397797,0.33715887331869104
50,500000.0,test_particle,841,TP_40,96.55552046774417,0.01864573473298689,0.39588791690461933
50,500000.0,test_particle,842,TP_41,104.60848437445445,0.010864982873793477,0.23805964617504663
50,500000.0,test_particle,843,TP_42,96.89470686741647,0.00997449263523678,0.14217468979083886
50,500000.0,test_particle,844,TP_43,97.33821109714582,0.006913041501522721,0.6943873895833583
50,500000.0,test_particle,845,TP_44,97.52678041598324,0.005847244005390052,0.08630832284323123
50,500000.0,test_particle,846,TP_45,100.83770090338344,0.004974220090932589,0.278131701117207
50,500000.0,test_particle,847,TP_46,94.83374780576453,0.01083938770914687,0.28231945068051656
50,500000.0,test_particle,848,TP_47,97.65502623057691,0.00581398130058518,0.30217213489658784
50,500000.0,test_particle,849,TP_48,98.51271509842586,0.02087172442064856,0.14468440448894487
50,500000.0,test_particle,850,TP_49,101.05005656564695,0.022839152589270096,0.029579379860659026
50,500000.0,test_particle,851,TP_50,96.92399399211844,0.005015967906776598,0.5022966410838273
50,500000.0,test_particle,852,TP_51,97.6436749810573,0.012831993833583303,0.27595892468607236
50,500000.0,test_particle,853,TP_52,104.45734867348547,0.003711737259083417,0.31037771983032036
50,500000.0,test_particle,854,TP_53,100.16793493868359,0.007153039462734425,0.41553871376917795
50,500000.0,test_particle,855,TP_54,100.94688550502497,0.004665474378054798,0.18959643355345357
50,500000.0,test_particle,856,TP_55,96.83424234872346,0.013751933837615506,0.3323220811470529
50,500000.0,test_particle,857,TP_56,97.66050411381168,0.01327221171187586,0.061883092055781484
50,500000.0,test_particle,858,TP_57,103.09403336216955,0.009695384717421988,0.35828323289825137
50,500000.0,test_particle,859,TP_58,99.36055044020408,0.02266841109052659,0.34936255178967024
50,500000.0,test_particle,860,TP_59,93.67295554707871,0.012141765592467534,0.31572141598031034
50,500000.0,test_particle,861,TP_60,102.99276651184687,0.003152009608783898,0.6357924431406179
50,500000.0,test_particle,862,TP_61,103.73027621073913,0.006312725424567074,0.44878276484239477
50,500000.0,test_particle,863,TP_62,94.21651581894075,0.011455459953328515,0.21937650898860778
50,500000.0,test_particle,864,TP_63,101.69209318330529,0.02408967783224746,0.32689406056464637
50,500000.0,test_particle,865,TP_64,102.18834967083603,0.019627239454171944,0.08859256283067898
50,500000.0,test_particle,866,TP_65,100.32702856191138,0.004958236769284074,0.15383971584801126
50,500000.0,test_particle,867,TP_66,102.03717545294754,0.007666484803760688,0.514835447424199
50,500000.0,test_particle,868,TP_67,98.08264593136383,0.00646425535865156,0.27144121081618944
50,500000.0,test_particle,869,TP_68,94.10950687880582,0.0181652023732308,0.3423997219733659
50,500000.0,test_particle,870,TP_69,100.23408782222735,0.00483180266367787,0.5066317472864044
50,500000.0,test_particle,871,TP_70,99.6188279925786,0.00869646271795763,0.28512843475976724
50,500000.0,test_particle,872,TP_71,94.05102189629218,0.011100336290133034,0.23896845639736414
50,500000.0,test_particle,873,TP_72,100.0005811017154,0.013494373932484646,0.3883923661845794
50,500000.0,test_particle,874,TP_73,101.72299466093118,0.005654774255732767,0.2782367458823698
50,500000.0,test_particle,875,TP_74,104.3673412242809,0.0058666303544403975,0.5789522022003077
50,500000.0,test_particle,876,TP_75,94.14509264168089,0.018559369299966644,0.20484386679029726
50,500000.0,test_particle,877,TP_76,96.12919611875498,0.00698643730334734,0.3326970438275471
50,500000.0,test_particle,878,TP_77,102.96928130957123,0.006656323819142085,0.26809864466072275
50,500000.0,test_particle,879,TP_78,101.94121110875359,0.012840020441146035,0.38363903522509024
50,500000.0,test_particle,880,TP_79,101.90206736028189,0.004190272299892434,0.43634901474492577
50,500000.0,test_particle,881,TP_80,99.13868488436482,0.018453595739371935,0.19370246872453273
50,500000.0,test_particle,882,TP_81,98.88237340959493,0.01869488484449561,0.15339626160679234
50,500000.0,test_particle,883,TP_82,102.55615315230429,0.008385329267292227,0.14281014083302607
50,500000.0,test_particle,884,TP_83,96.52648165525073,0.017099877337756517,0.46904813551722657
50,500000.0,test_particle,885,TP_84,102.09527871895538,0.0192034760908306,0.20542166786155808
50,500000.0,test_particle,886,TP_85,99.12308668676778,0.0037636655798336904,0.20667493348252083
50,500000.0,test_particle,887,TP_86,101.87898793863363,0.008378388576294334,0.22127089429220947
50,500000.0,test_particle,888,TP_87,95.28492703661236,0.010272693274952747,0.08413350018524542
50,500000.0,test_particle,889,TP_88,97.19075407661911,0.02023454594459718,0.28164204522189656
50,500000.0,test_particle,890,TP_89,104.98435857241692,0.01254374031587442,0.3017251574727865
50,500000.0,test_particle,891,TP_90,96.43591203901346,0.004525015499415273,0.36127831050951975
50,500000.0,test_particle,892,TP_91,98.59207681189473,0.006607984476054918,0.15638354093096515
50,500000.0,test_particle,893,TP_92,99.82088478753226,0.004750151682333596,0.16973460295445414
50,500000.0,test_particle,894,TP_93,102.98879139349438,0.0059199952540811545,0.3479152987273672
50,500000.0,test_particle,895,TP_94,104.52615522317448,0.008516170713893476,0.05456614334722909
50,500000.0,test_particle,896,TP_95,104.78571324531104,0.010533989373728557,0.12078066936844525
50,500000.0,test_particle,897,TP_96,102.35053092447835,0.007635815927839492,0.1346674927135642
50,500000.0,test_particle,898,TP_97,96.40765197576194,0.01095400266789562,0.24183372182139565
50,500000.0,test_particle,899,TP_98,105.75365946100416,0.0032183854202981377,0.25894648687145516
50,500000.0,test_particle,900,TP_99,95.98842918486129,0.0051926900761386716,0.37880629941938965
50,500000.0,test_particle,901,TP_100,95.90175660393177,0.01545297908966919,0.4435974860043908
50,500000.0,test_particle,902,TP_101,98.52726102364946,0.013249575585413632,0.5885144856310132
50,500000.0,test_particle,903,TP_102,95.29292898706358,0.018606361346412848,0.5333376571038415
50,500000.0,test_particle,904,TP_103,100.12157735090621,0.013043149418388725,0.23287551247746605
50,500000.0,test_particle,905,TP_104,105.11859258521062,0.00844361208657142,0.5016051941453299
50,500000.0,test_particle,906,TP_105,100.79481042194877,0.014314458566817321,0.20233145754207166
50,500000.0,test_particle,907,TP_106,100.5879790759039,0.008721397777318275,0.15497260627420326
50,500000.0,test_particle,908,TP_107,98.69275677054486,0.014689313481072922,0.2644972731596328
50,500000.0,test_particle,909,TP_108,101.89537705939594,0.01843396894513244,0.17798626306907783
50,500000.0,test_particle,910,TP_109,100.85970644076622,0.00566751669806617,0.5461323573564072
50,500000.0,test_particle,911,TP_110,96.2348780681962,0.004418124291135691,0.3846012856859305
50,500000.0,test_particle,912,TP_111,94.89012771119867,0.010953424415041832,0.15880713225093432
50,500000.0,test_particle,913,TP_112,97.04390597342822,0.0043019452339622495,0.29030039447230677
50,500000.0,test_particle,914,TP_113,104.83446468623274,0.0065373343600036255,0.27290818350847496
50,500000.0,test_particle,915,TP_114,106.25157554751324,0.008529106640862644,0.06782149503641959
50,500000.0,test_particle,916,TP_115,102.29223162509778,0.01296226315491608,0.18636062052067598
50,500000.0,test_particle,917,TP_116,95.91258984372226,0.007467261901482446,0.4478448635418792
50,500000.0,test_particle,918,TP_117,101.66898295455327,0.011732914779310533,0.19719084020217842
50,500000.0,test_particle,919,TP_118,100.99744394722056,0.018056103738068967,0.15834499833004187
50,500000.0,test_particle,920,TP_119,102.7571979100898,0.010765779709248968,0.2218643651698163
50,500000.0,test_particle,921,TP_120,96.67522879942655,0.013576650946017167,0.09232585824354624
50,500000.0,test_particle,922,TP_121,94.81671894286002,0.0071324660873077214,0.2585826743478929
50,500000.0,test_particle,923,TP_122,94.41853621539788,0.009738421076597961,0.448143774434494
50,500000.0,test_particle,924,TP_123,95.95240569775963,0.006787213810457173,0.34083330902516057
50,500000.0,test_particle,925,TP_124,98.28916891177727,0.006041926805278141,0.05440692713070915
50,500000.0,test_particle,926,TP_125,94.11805225715378,0.013195304643388413,0.13510797160005109
50,500000.0,test_particle,927,TP_126,97.61235823594528,0.025589494999332444,0.29390323408422225
50,500000.0,test_particle,928,TP_127,99.7108947347952,0.0071205937460979635,0.18278852231568982
50,500000.0,test_particle,929,TP_128,104.46640159885195,0.01345683327513993,0.18863829239832577
50,500000.0,test_particle,930,TP_129,98.65192131058217,0.013418971884046584,0.39279309752024
50,500000.0,test_particle,931,TP_130,99.01485497519877,0.012423219121340569,0.48107527290054286
50,500000.0,test_particle,932,TP_131,101.04922730452584,0.008362084766509357,0.19470786224142833
50,500000.0,test_particle,933,TP_132,94.62951910776735,0.01454895252355467,0.08885990531950909
50,500000.0,test_particle,934,TP_133,103.39837580436837,0.010838615864595003,0.29302846331520116
50,500000.0,test_particle,935,TP_134,101.12071110702682,0.01216495624569122,0.20724859511920407
50,500000.0,test_particle,936,TP_135,100.22288794724959,0.010202584928135139,0.2866641192857935
50,500000.0,test_particle,937,TP_136,102.35915179837738,0.008978658464541173,0.13131749065219983
50,500000.0,test_particle,938,TP_137,104.40284747619613,0.007533478579444839,0.31023669634190265
50,500000.0,test_particle,939,TP_138,100.55545787773111,0.008023741849039152,0.5439964232181945
50,500000.0,test_particle,940,TP_139,105.6448600165917,0.03207532077302647,0.03550105049299474
50,500000.0,test_particle,941,TP_140,102.40242039779365,0.002894177230124888,0.7574281219213328
50,500000.0,test_particle,942,TP_141,93.91111910487892,0.01499106349260764,0.11140047122231594
50,500000.0,test_particle,943,TP_142,101.95001626211325,0.031196566848967072,0.1218336364618325
50,500000.0,test_particle,944,TP_143,105.5440904922601,0.014681585879647017,0.16544403650162795
50,500000.0,test_particle,945,TP_144,104.33215331826935,0.003597529059541722,0.2703732655194977
50,500000.0,test_particle,946,TP_145,102.070109471713,0.029677567120916272,0.7803667298758169
50,500000.0,test_particle,947,TP_146,102.75937444584679,0.0035190943529557267,0.1145910507730679
50,500000.0,test_particle,948,TP_147,103.56793779154577,0.01585972597081998,0.39560633748662793
50,500000.0,test_particle,949,TP_148,105.90693318713188,0.008610686428511607,0.1461183334184106
50,500000.0,test_particle,950,TP_149,96.97482306638526,0.017470030670850258,0.2790069166023523
50,500000.0,test_particle,951,TP_150,97.48774079714748,0.006453474512681778,0.38528925465558106
50,500000.0,test_particle,952,TP_151,103.29141376799114,0.020186561675125253,0.23075423457676447
50,500000.0,test_particle,953,TP_152,102.04207430629482,0.02453466781122872,0.4858676720378736
50,500000.0,test_particle,954,TP_153,95.91879884305682,0.01669839313661196,0.3143059900660106
50,500000.0,test_particle,955,TP_154,102.44687654691202,0.007331426461203882,0.40333827921075766
50,500000.0,test_particle,956,TP_155,103.52728387276974,0.00767256535017706,0.33332882799558783
50,500000.0,test_particle,957,TP_156,99.80530872748838,0.008702875737282697,0.3427668327069167
50,500000.0,test_particle,958,TP_157,105.08494604772312,0.011217174885169056,0.30916584982141476
50,500000.0,test_particle,959,TP_158,104.25622859274198,0.004335093259604377,0.21534023331181473
50,500000.0,test_particle,960,TP_159,101.77278127703066,0.011710837511651645,0.25893938779015746
50,500000.0,test_particle,961,TP_160,106.41146333550624,0.01351545018411442,0.12662249482286983
50,500000.0,test_particle,962,TP_161,99.35544757589649,0.013700385475461284,0.19784342623119977
50,500000.0,test_particle,963,TP_162,100.17872519479188,0.01225637942533927,0.3791189005879828
50,500000.0,test_particle,964,TP_163,96.56674658121177,0.00986395446476821,0.288928170237637
50,500000.0,test_particle,965,TP_164,104.8948371266573,0.012964566027871945,0.24838056604277925
50,500000.0,test_particle,966,TP_165,100.5172702083222,0.026979498086857637,0.2625081727960932
50,500000.0,test_particle,967,TP_166,104.54641851772993,0.013314419547026673,0.09433187724628735
50,500000.0,test_particle,968,TP_167,103.42055116084157,0.011340877031416988,0.3882500561538923
50,500000.0,test_particle,969,TP_168,103.34154234985209,0.006761590760840767,0.5783123326716039
50,500000.0,test_particle,970,TP_169,103.77022483113399,0.014295994401246149,0.5178078722462505
50,500000.0,test_particle,971,TP_170,100.02565118171171,0.0070214455612182865,0.24256568296632527
50,500000.0,test_particle,972,TP_171,97.51311625582395,0.009564918819758328,0.0876782554625455
50,500000.0,test_particle,973,TP_172,103.426144092684,0.01696456453174557,0.2637276848480933
50,500000.0,test_particle,974,TP_173,98.32782881478889,0.011405438137992866,0.323285137344593
50,500000.0,test_particle,975,TP_174,104.91196175646147,0.00844851769208312,0.2776080467992956
50,500000.0,test_particle,976,TP_175,105.44674713157433,0.014154911745223875,0.2060613916216271
50,500000.0,test_particle,977,TP_176,101.2252341991151,0.007558939109865934,0.17506538011353645
50,500000.0,test_particle,978,TP_177,103.87353510843431,0.021858597889016604,0.12361690362776978
50,500000.0,test_particle,979,TP_178,94.15462825291338,0.0032113468046424736,0.1871086174758039
50,500000.0,test_particle,980,TP_179,97.55173189137678,0.005083684307174837,0.6070441541209727
50,500000.0,test_particle,981,TP_180,99.44529389513369,0.01971484643676508,0.008718894621243528
50,500000.0,test_particle,982,TP_181,96.5657322026921,0.010278160125779276,0.25963697200610647
50,500000.0,test_particle,983,TP_182,102.33623286432271,0.0011594583680707357,0.14627841327631563
50,500000.0,test_particle,984,TP_183,94.40037754407402,0.004381545155635485,0.06697951398724789
50,500000.0,test_particle,985,TP_184,102.2796127681166,0.007261976992643582,0.578907750561781
50,500000.0,test_particle,986,TP_185,94.38338322410726,0.007444751573438304,0.055672961026742906
50,500000.0,test_particle,987,TP_186,103.46055973574937,0.01975971851792026,0.034881850354989155
50,500000.0,test_particle,988,TP_187,99.29156194829996,0.015365138869605588,0.3627211234840712
50,500000.0,test_particle,989,TP_188,96.96042700978357,0.007278566579475391,0.25573045109637543
50,500000.0,test_particle,990,TP_189,100.3900134042967,0.007399335481285137,0.14179536995511072
50,500000.0,test_particle,991,TP_190,102.36102397166435,0.015387511154340784,0.6183069680794328
50,500000.0,test_particle,992,TP_191,100.25197326911517,0.017385025238713683,0.33410340139325223
50,500000.0,test_particle,993,TP_192,96.17355274182394,0.0029771165059996212,0.13808311688148583
50,500000.0,test_particle,994,TP_193,97.99832115027985,0.0054762983908910705,0.3511728825947629
50,500000.0,test_particle,995,TP_194,98.71267655651283,0.007632035623890004,0.41685791875231026
50,500000.0,test_particle,996,TP_195,97.96440225366443,0.014022459108965104,0.37146493140176357
50,500000.0,test_particle,997,TP_196,98.48309540261523,0.015384238384429804,0.22464083364900111
50,500000.0,test_particle,998,TP_197,98.5957845859313,0.0019201547336134509,0.3429192194577214
50,500000.0,test_particle,999,TP_198,99.68012450401349,0.021820560768219744,0.3909111316980618
50,500000.0,test_particle,1000,TP_199,96.79910562837351,0.015781539902197328,0.35369270364062183
50,500000.0,test_particle,1001,TP_200,96.59572653107978,0.01130820495959406,0.43528877430795415
50,500000.0,test_particle,1002,TP_201,106.15424873054343,0.016526816031024755,0.2529785367046956
50,500000.0,test_particle,1003,TP_202,104.97684429081782,0.02242464062135274,0.19939892292833863
50,500000.0,test_particle,1004,TP_203,102.84437154628493,0.0074224257754585,0.22885805594660671
50,500000.0,test_particle,1005,TP_204,100.51880897840488,0.019737808423580278,0.2650490748171184
50,500000.0,test_particle,1006,TP_205,98.87886632173621,0.013236415314377989,0.15620242692098793
50,500000.0,test_particle,1007,TP_206,97.44673769892181,0.019224575210114083,0.0839607275454584
50,500000.0,test_particle,1008,TP_207,105.8922885954751,0.0025958045047316824,0.30422300944357566
50,500000.0,test_particle,1009,TP_208,102.94525298428618,0.010113009259384437,0.10833694050494726
50,500000.0,test_particle,1010,TP_209,94.2257684862247,0.012089944695524848,0.20755698667406589
50,500000.0,test_particle,1011,TP_210,99.22074248485889,0.005639880896204659,0.5319674083368562
50,500000.0,test_particle,1012,TP_211,95.87117050718949,0.010781508168727763,0.09845537470589608
50,500000.0,test_particle,1013,TP_212,97.58250427617716,0.007746445713315103,0.22220270411932025
50,500000.0,test_particle,1014,TP_213,101.74811892105808,0.012589412911571332,0.3205162625838957
50,500000.0,test_particle,1015,TP_214,104.11865612345757,0.0172695039670066,0.2821572170674248
50,500000.0,test_particle,1016,TP_215,97.47623590414597,0.017839931212207456,0.5283988066560451
50,500000.0,test_particle,1017,TP_216,101.60302746621602,0.00867420482705855,0.10200499294787428
50,500000.0,test_particle,1018,TP_217,105.29709121410862,0.01282691914804729,0.05316692677681474
50,500000.0,test_particle,1019,TP_218,99.7794642036186,0.04030461324893979,1.2110869309532692
50,500000.0,test_particle,1020,TP_219,100.08942831978455,0.013299263969460056,0.1972066321934969
50,500000.0,test_particle,1021,TP_220,99.05934786308886,0.01364705130476054,0.09628713860914229
50,500000.0,test_particle,1022,TP_221,96.47537233361994,0.015544048958761334,0.397757230312818
50,500000.0,test_particle,1023,TP_222,95.84629974539246,0.011531530451468345,0.08990132905195508
50,500000.0,test_particle,1024,TP_223,97.47976002809882,0.0049352599366839596,0.3841161174551155
50,500000.0,test_particle,1025,TP_224,103.45008095484897,0.011929161748146849,0.22203270736853722
50,500000.0,test_particle,1026,TP_225,103.71509512368647,0.021091175290777153,0.06691239636557762
50,500000.0,test_particle,1027,TP_226,96.52963539467743,0.015273691218140326,0.3144625913455133
50,500000.0,test_particle,1028,TP_227,98.02293863405491,0.0015888920090117247,0.21179094587028835
50,500000.0,test_particle,1029,TP_228,100.29979808084921,0.009361104482024547,0.43319334593426123
50,500000.0,test_particle,1030,TP_229,104.02930534336379,0.02198193150282086,0.47927633812922005
50,500000.0,test_particle,1031,TP_230,99.22137214220642,0.005836465979784087,0.48644826122486223
50,500000.0,test_particle,1032,TP_231,96.34498513738215,0.022200572874442805,0.1554479930373301
50,500000.0,test_particle,1033,TP_232,102.22018541230048,0.004493074935186895,0.3021938762233456
50,500000.0,test_particle,1034,TP_233,104.99549572619723,0.008147873834818914,0.24797808357978834
50,500000.0,test_particle,1035,TP_234,104.4266627070923,0.016900283294508326,0.18082621671306046
50,500000.0,test_particle,1036,TP_235,101.40247716214859,0.01621176402721763,0.31148128055985447
50,500000.0,test_particle,1037,TP_236,100.12768102397285,0.002472449524454215,0.23953517273019087
50,500000.0,test_particle,1038,TP_237,96.59627066012794,0.005078648892340162,0.29446294477358365
50,500000.0,test_particle,1039,TP_238,99.25502520309193,0.005056365671539556,0.2884860829412506
50,500000.0,test_particle,1040,TP_239,94.91021879150883,0.004141580078731755,0.1887878090105492
50,500000.0,test_particle,1041,TP_240,99.18424283595512,0.005524873124007482,0.29478946883775
50,500000.0,test_particle,1042,TP_241,102.93234929000299,0.011836285291972184,0.3844805248765175
50,500000.0,test_particle,1043,TP_242,101.54084559031229,0.012618774831168252,0.29404544875246025
50,500000.0,test_particle,1044,TP_243,100.84366283563222,0.0016766247114797805,0.25996883461442394
50,500000.0,test_particle,1045,TP_244,102.49769067901386,0.00724726872234321,0.3454891292851313
50,500000.0,test_particle,1046,TP_245,98.7539848671255,0.016262004347062077,0.28876778239041506
50,500000.0,test_particle,1047,TP_246,101.83445602780083,0.010581043201674915,0.4398596726993649
50,500000.0,test_particle,1048,TP_247,94.69053560214648,0.004696195583548155,0.2623059418333954
50,500000.0,test_particle,1049,TP_248,103.61781817551974,0.006962497346575963,0.2847106632771692
50,500000.0,test_particle,1050,TP_249,101.84488275249988,0.01220459916287014,0.24815924110744106
50,500000.0,test_particle,1051,TP_250,100.49818756664214,0.014343207784163755,0.11765816946534002
50,500000.0,test_particle,1052,TP_251,103.82192580714562,0.010038592394542552,0.5576642107065639
50,500000.0,test_particle,1053,TP_252,97.9442483384698,0.0024081096497675994,0.2958969267123946
50,500000.0,test_particle,1054,TP_253,105.1049931263975,0.011359386548845805,0.0168273511081349
50,500000.0,test_particle,1055,TP_254,94.05091398159408,0.017872360383414037,0.2242266618540274
50,500000.0,test_particle,1056,TP_255,102.99455078699566,0.02207592286486212,0.35688601248407115
50,500000.0,test_particle,1057,TP_256,96.61197374889001,0.014438750745492415,0.32711605889912837
50,500000.0,test_particle,1058,TP_257,100.42082373711467,0.007323566648631867,0.31592252102452506
50,500000.0,test_particle,1059,TP_258,100.83752010369962,0.009585065860119707,0.21705702327072268
50,500000.0,test_particle,1060,TP_259,99.56706586483115,0.009017661164296366,0.351263609591804
50,500000.0,test_particle,1061,TP_260,101.45405054445999,0.01991632369878874,0.29695679055149415
50,500000.0,test_particle,1062,TP_261,99.36222282621748,0.01708287529281404,0.25053407028767155
50,500000.0,test_particle,1063,TP_262,104.38847184128764,0.008318320654839966,0.12020156151227367
50,500000.0,test_particle,1064,TP_263,95.02230751776126,0.008018780729237646,0.3961122821954627
50,500000.0,test_particle,1065,TP_264,98.9303339715512,0.005252492733934502,0.13848814777354096
50,500000.0,test_particle,1066,TP_265,104.82500294387626,0.014420778949652099,0.06681117469365311
50,500000.0,test_particle,1067,TP_266,95.7118010114019,0.028163097187364088,0.33216660052017105
50,500000.0,test_particle,1068,TP_267,97.60399798451662,0.009528573019548523,0.45566136402100177
50,500000.0,test_particle,1069,TP_268,94.38666634847901,0.012530780726660884,0.31996252490148025
50,500000.0,test_particle,1070,TP_269,94.86745921848187,0.013600366408887506,0.24088105662218606
50,500000.0,test_particle,1071,TP_270,102.78398552798211,0.016032658241764836,0.06569475654216098
50,500000.0,test_particle,1072,TP_271,103.3431684026871,0.014609712088625543,0.200208532202684
50,500000.0,test_particle,1073,TP_272,102.868313871222,0.022645983117646356,0.17690795202790288
50,500000.0,test_particle,1074,TP_273,98.972744279697,0.016863573849934314,0.13370226893557427
50,500000.0,test_particle,1075,TP_274,94.00688320320498,0.010335485226244773,0.20791238023622918
50,500000.0,test_particle,1076,TP_275,98.26140233752724,0.01837109024488688,0.26171124102063265
50,500000.0,test_particle,1077,TP_276,103.33308783187388,0.01713427387668202,0.45055857613862
50,500000.0,test_particle,1078,TP_277,96.37160231787006,0.009894575674257318,0.09758827280668489
50,500000.0,test_particle,1079,TP_278,102.64141533931416,0.01246151058799686,0.27001165549345935
50,500000.0,test_particle,1080,TP_279,98.01435835364627,0.010325342150014464,0.37403750723430196
50,500000.0,test_particle,1081,TP_280,101.3785817692576,0.011588566038239888,0.47293353904877844
50,500000.0,test_particle,1082,TP_281,101.69103140448567,0.01250732230473848,0.42040223385405456
50,500000.0,test_particle,1083,TP_282,98.42230776809542,0.021669681756412238,0.444673022153857
50,500000.0,test_particle,1084,TP_283,103.56340378608976,0.014574356662903661,0.4709502675012101
50,500000.0,test_particle,1085,TP_284,95.80315183677399,0.014515095556883973,0.07596583931449492
50,500000.0,test_particle,1086,TP_285,95.56530209730694,0.011915529933928137,0.15660707870380564
50,500000.0,test_particle,1087,TP_286,100.46688451756378,0.010110901565544356,0.47026547716851197
50,500000.0,test_particle,1088,TP_287,94.52612571917109,0.012665027839100814,0.33048796685862003
50,500000.0,test_particle,1089,TP_288,95.33438002217325,0.001804349072320143,0.1946151584061713
50,500000.0,test_particle,1090,TP_289,99.03252566163874,0.013201210489738064,0.2936504496156839
50,500000.0,test_particle,1091,TP_290,99.50461111055017,0.011131397649623969,0.37133528507088903
50,500000.0,test_particle,1092,TP_291,96.26837532027706,0.02149364152460476,0.0725421494613361
50,500000.0,test_particle,1093,TP_292,99.18509688559054,0.008830677367940212,0.11769646705907755
50,500000.0,test_particle,1094,TP_293,99.09496755748289,0.009897028146643057,0.24360983426742036
50,500000.0,test_particle,1095,TP_294,102.34945354351588,0.011265662436012836,0.5130451405018291
50,500000.0,test_particle,1096,TP_295,100.67738963108643,0.017983802239837202,0.29288737282540206
50,500000.0,test_particle,1097,TP_296,100.11269487030303,0.013875840214704206,0.18838401781188446
50,500000.0,test_particle,1098,TP_297,95.64208707952811,0.0037059449570475533,0.2307926625607855
50,500000.0,test_particle,1099,TP_298,97.27809169386464,0.004441902104442532,0.08761475872479382
50,500000.0,test_particle,1100,TP_299,95.61757395134319,0.0030552421639211402,0.30781275028197896
50,500000.0,test_particle,1101,TP_300,97.81971651868861,0.008684775763280696,0.25693272385822524
50,500000.0,test_particle,1102,TP_301,95.56250454313704,0.018488176535473938,0.40233610543504583
50,500000.0,test_particle,1103,TP_302,97.16976821763159,0.001934467711535926,0.2316938797554513
50,500000.0,test_particle,1104,TP_303,97.0217174137902,0.0010683946044272629,0.4428171469750383
50,500000.0,test_particle,1105,TP_304,103.74645493134074,0.012300156069796961,0.18190068827505057
50,500000.0,test_particle,1106,TP_305,97.6208332756601,0.009973372389574407,0.18936209668309492
50,500000.0,test_particle,1107,TP_306,100.70837586004971,0.017572056263695696,0.332851549748827
50,500000.0,test_particle,1108,TP_307,95.85726735290524,0.024292105819409496,0.6034830969861743
50,500000.0,test_particle,1109,TP_308,99.3706038932294,0.011905094355361492,0.573334100828659
50,500000.0,test_particle,1110,TP_309,101.2358717564603,0.008923489244285123,0.32880478784746614
50,500000.0,test_particle,1111,TP_310,104.25165053172901,0.006315909154063599,0.6125947441537637
50,500000.0,test_particle,1112,TP_311,101.5424751206444,0.006751256728737661,0.24111518331553627
50,500000.0,test_particle,1113,TP_312,99.84928756189241,0.007896782191090529,0.46080735533764866
50,500000.0,test_particle,1114,TP_313,101.59743178399385,0.010437213858672256,0.3891679378214399
50,500000.0,test_particle,1115,TP_314,100.3319203529808,0.01020199094651319,0.7518433144344789
50,500000.0,test_particle,1116,TP_315,98.75255064998161,0.021409827795917095,0.224513980295272
50,500000.0,test_particle,1117,TP_316,96.58175496178511,0.01257637326463165,0.338020946223471
50,500000.0,test_particle,1118,TP_317,97.53344224563362,0.015683429147641387,0.2205330864403763
50,500000.0,test_particle,1119,TP_318,98.61390607431177,0.011641643971076927,0.3173344701002342
50,500000.0,test_particle,1120,TP_319,102.66960305616377,0.01471700172859215,0.22194461995104145
50,500000.0,test_particle,1121,TP_320,97.31401112665004,0.014025118655402855,0.3471921950265259
50,500000.0,test_particle,1122,TP_321,99.6268747420713,0.01717785872100093,0.1785923817357466
50,500000.0,test_particle,1123,TP_322,103.84933193041891,0.014690421759864082,0.1596810615157267
50,500000.0,test_particle,1124,TP_323,101.1817446334669,0.0048386767169474754,0.20280479100587043
50,500000.0,test_particle,1125,TP_324,96.90661047473856,0.009113280348622835,0.516834844802924
50,500000.0,test_particle,1126,TP_325,97.81291904528419,0.008046791371983397,0.05556520465542465
50,500000.0,test_particle,1127,TP_326,97.46195561001494,0.005894008706904891,0.05196896442574916
50,500000.0,test_particle,1128,TP_327,99.44338916320149,0.02668392701437734,0.35386329252206133
50,500000.0,test_particle,1129,TP_328,97.36791385272288,0.02142460800521903,0.5691468417820376
50,500000.0,test_particle,1130,TP_329,99.53854263729012,0.018869002985049357,0.21468329169328873
50,500000.0,test_particle,1131,TP_330,98.1333084277944,0.012790939353326546,0.08549377674351302
50,500000.0,test_particle,1132,TP_331,102.49198246366306,0.02481606495196179,0.30908389886078297
50,500000.0,test_particle,1133,TP_332,99.5432946539479,0.02067996962634863,0.2950168685283492
50,500000.0,test_particle,1134,TP_333,95.20157596868313,0.017687974732171798,0.14864519281283747
50,500000.0,test_particle,1135,TP_334,102.37955828551911,0.02192267887903294,0.25657637974796077
50,500000.0,test_particle,1136,TP_335,98.3009040846423,0.01438819925659808,0.09971302327023436
50,500000.0,test_particle,1137,TP_336,97.48845816513436,0.005238943043627606,0.4744838477578585
50,500000.0,test_particle,1138,TP_337,94.98047801923624,0.014789751821504838,0.2115502354899934
50,500000.0,test_particle,1139,TP_338,103.39708764089531,0.013906671024222482,0.48950443889063244
50,500000.0,test_particle,1140,TP_339,96.21112212615756,0.008623574942191094,0.2512096635050851
50,500000.0,test_particle,1141,TP_340,103.741733672774,0.012593582200782973,0.3017824765029507
50,500000.0,test_particle,1142,TP_341,102.98554890783595,0.0089481346916094,0.23981200238612088
50,500000.0,test_particle,1143,TP_342,97.54248018520184,0.016981005745734128,0.2528296595198639
50,500000.0,test_particle,1144,TP_343,95.91344984013392,0.0049361987503202,0.5173246454337485
50,500000.0,test_particle,1145,TP_344,99.81008065838411,0.015085287377223831,0.4003138732940702
50,500000.0,test_particle,1146,TP_345,101.76704571098422,0.0019847143037662,0.2810368754948928
50,500000.0,test_particle,1147,TP_346,98.18337170752747,0.019082448812833924,0.18731809941119199
50,500000.0,test_particle,1148,TP_347,102.1193290015313,0.003250997741284693,0.21268413156349558
50,500000.0,test_particle,1149,TP_348,103.05416050918468,0.007495581883794312,0.5615740093034303
50,500000.0,test_particle,1150,TP_349,96.80928929073897,0.01573416254075908,0.27197681740806967
50,500000.0,test_particle,1151,TP_350,98.35480691375096,0.005261185601158298,0.3825067635740624
50,500000.0,test_particle,1152,TP_351,107.06106434916977,0.02781009907018849,0.043890014744322935
50,500000.0,test_particle,1153,TP_352,101.12130824213973,0.014959795855299328,0.35278803977205136
50,500000.0,test_particle,1154,TP_353,101.33697433258746,0.0144166703659055,0.20831971844546174
50,500000.0,test_particle,1155,TP_354,95.6782879142081,0.011974161200533602,0.10167878282586573
50,500000.0,test_particle,1156,TP_355,104.43067477605811,0.013107557878645487,0.28964694657597334
50,500000.0,test_particle,1157,TP_356,98.3589011403559,0.002257244405182082,0.20861519049105637
50,500000.0,test_particle,1158,TP_357,101.74901470519663,0.018435389879259193,0.12620613804802344
50,500000.0,test_particle,1159,TP_358,103.5779529208516,0.019281745373859533,0.23414667585899093
50,500000.0,test_particle,1160,TP_359,101.18119805368404,0.010357143952031305,0.5738604224650208
50,500000.0,test_particle,1161,TP_360,96.71772878507856,0.002247046455161561,0.24060988813913936
50,500000.0,test_particle,1162,TP_361,95.95314746634777,0.014582327229166568,0.13058945445607364
50,500000.0,test_particle,1163,TP_362,104.8603334166425,0.012913240385092159,0.2459887852158737
50,500000.0,test_particle,1164,TP_363,101.92129839043608,0.012471870878404854,0.44178804606038485
50,500000.0,test_particle,1165,TP_364,100.74574460754963,0.022386245571275835,0.3578701885305705
50,500000.0,test_particle,1166,TP_365,97.77914982237948,0.007005685959457794,0.08249543060242256
50,500000.0,test_particle,1167,TP_366,94.88505665214363,0.007999600406010358,0.35230253944950624
50,500000.0,test_particle,1168,TP_367,98.06805715284327,0.023295374252264543,0.35200628828486175
50,500000.0,test_particle,1169,TP_368,97.58276700079699,0.011001844815681101,0.5069773375692758
50,500000.0,test_particle,1170,TP_369,105.91798605817247,0.013018011610399569,0.13880623698082456
50,500000.0,test_particle,1171,TP_370,102.3766412469299,0.008071714593953713,0.13419817459867175
50,500000.0,test_particle,1172,TP_371,98.74441293698719,0.019655663583234995,0.47533482220356105
50,500000.0,test_particle,1173,TP_372,99.09249603942921,0.00468248951794773,0.17041315897061257
50,500000.0,test_particle,1174,TP_373,101.6514093463831,0.01281254209950714,0.2960299217662369
50,500000.0,test_particle,1175,TP_374,105.8591499781511,0.01396518214300514,0.3697757175711739
50,500000.0,test_particle,1176,TP_375,96.0233884151578,0.007278228473329567,0.7001963488269412
50,500000.0,test_particle,1177,TP_376,93.80996256130405,0.01735052123331123,0.13821582195224746
50,500000.0,test_particle,1178,TP_377,94.23745449682504,0.004979035829989575,0.334917529872596
50,500000.0,test_particle,1179,TP_378,99.51588521032679,0.009085917163889089,0.38033153749215004
50,500000.0,test_particle,1180,TP_379,101.11486188507504,0.011593497283709871,0.524195572598475
50,500000.0,test_particle,1181,TP_380,101.7277819560248,0.02077064539311057,0.36355738766908247
50,500000.0,test_particle,1182,TP_381,98.7745473822571,0.015695677249023675,0.3766370947577153
50,500000.0,test_particle,1183,TP_382,101.89299856494286,0.024215073467841446,0.4244609769976873
50,500000.0,test_particle,1184,TP_383,97.38666012261699,0.026083059704157016,0.3969340285400076
50,500000.0,test_particle,1185,TP_384,97.82451064632984,0.004388426768643289,0.43168160097520747
50,500000.0,test_particle,1186,TP_385,100.37407948329259,0.01351717226577546,0.11394667833740078
50,500000.0,test_particle,1187,TP_386,99.82615859470828,0.0064479389139855976,0.5439765999619008
50,500000.0,test_particle,1188,TP_387,101.00224514579895,0.003499241164956209,0.3616457633584704
50,500000.0,test_particle,1189,TP_388,97.53337966982559,0.005788438595916472,0.385606130549446
50,500000.0,test_particle,1190,TP_389,100.4954831140018,0.008228281196645157,0.5147116160380297
50,500000.0,test_particle,1191,TP_390,106.76167934195644,0.01314232627928534,0.2977813074486533
50,500000.0,test_particle,1192,TP_391,99.5065154850992,0.008037131317168766,0.44344544039194106
50,500000.0,test_particle,1193,TP_392,101.13040090992857,0.012883453056496895,0.38421975846685086
50,500000.0,test_particle,1194,TP_393,95.56847123542003,0.0031720003785409632,0.22949422505986
50,500000.0,test_particle,1195,TP_394,99.42487560737345,0.005379813487995202,0.31105746885286245
50,500000.0,test_particle,1196,TP_395,98.5581903434667,0.002010500264631163,0.3024248980511515
50,500000.0,test_particle,1197,TP_396,106.55848701891878,0.013009913420733803,0.1492169362711042
50,500000.0,test_particle,1198,TP_397,96.52147152013346,0.0034290904348373576,0.43371153163010334
50,500000.0,test_particle,1199,TP_398,102.84859629090232,0.010423591341135104,0.09133354193699769
50,500000.0,test_particle,1200,TP_399,105.11895998022335,0.011495396582907368,0.2426568232574757
50,500000.0,test_particle,1201,TP_400,96.74129229664467,0.017651025338189557,0.2540725493303273
50,500000.0,test_particle,1202,TP_401,94.97473534044525,0.011332431634144893,0.22235314739066314
50,500000.0,test_particle,1203,TP_402,101.93865031437825,0.012159777035340722,0.2038393257963567
50,500000.0,test_particle,1204,TP_403,96.17967438842558,0.0170864254788934,0.18484067034507243
50,500000.0,test_particle,1205,TP_404,96.40246651606495,0.020276161871069405,0.4282818418510747
50,500000.0,test_particle,1206,TP_405,101.82186033284619,0.02132161983488037,0.39344337565126414
50,500000.0,test_particle,1207,TP_406,103.9776724985556,0.004214263556450422,0.15299742361549662
50,500000.0,test_particle,1208,TP_407,104.14530644738456,0.0058149448101251985,0.17071469773085254
50,500000.0,test_particle,1209,TP_408,102.23486414238994,0.004319312845326137,0.4526348876569352
50,500000.0,test_particle,1210,TP_409,95.3877477513896,0.01466712318793901,0.14127950546216267
50,500000.0,test_particle,1211,TP_410,100.81649364298354,0.008655844497810214,0.3276963383819429
50,500000.0,test_particle,1212,TP_411,98.07835245511211,0.020446039487307038,0.21111197168143833
50,500000.0,test_particle,1213,TP_412,103.45616805040649,0.0024072537257263335,0.5688980970580053
50,500000.0,test_particle,1214,TP_413,105.08315501671417,0.00879063626713229,0.3526518444685595
50,500000.0,test_particle,1215,TP_414,104.80599855413175,0.009279666075883404,0.2713076843771447
50,500000.0,test_particle,1216,TP_415,97.20546139543613,0.007193537314681207,0.425850625912425
50,500000.0,test_particle,1217,TP_416,96.701519825591,0.012418812879525624,0.2892617771281642
50,500000.0,test_particle,1218,TP_417,99.86580613134835,0.017472983148678307,0.28709680106142094
50,500000.0,test_particle,1219,TP_418,98.37021174425809,0.01211672416164368,0.13219492692772428
50,500000.0,test_particle,1220,TP_419,96.31671843856098,0.012557810345298627,0.5351920500936711
50,500000.0,test_particle,1221,TP_420,94.13061539715073,0.007931808819366767,0.3356715213647734
50,500000.0,test_particle,1222,TP_421,98.70089008277036,0.01278954530201815,0.24041699289139853
50,500000.0,test_particle,1223,TP_422,102.14330282267196,0.013725521076895873,0.22117585159435596
50,500000.0,test_particle,1224,TP_423,102.08098307741218,0.010620394004041715,0.0937036123804382
50,500000.0,test_particle,1225,TP_424,100.94146359949487,0.013120586873478259,0.392436684004725
50,500000.0,test_particle,1226,TP_425,97.01116608142901,0.007303978943563019,0.30786350334278845
50,500000.0,test_particle,1227,TP_426,96.09617572850614,0.012376381612176895,0.415423409657576
50,500000.0,test_particle,1228,TP_427,102.40257630628163,0.004257825174150774,0.33497907225351914
50,500000.0,test_particle,1229,TP_428,104.2921512559912,0.0025095707275912273,0.1929678216829262
50,500000.0,test_particle,1230,TP_429,94.31532899953456,0.01819477609963892,0.23546800901228307
50,500000.0,test_particle,1231,TP_430,97.67367192940522,0.010802923164661844,0.25745658739889093
50,500000.0,test_particle,1232,TP_431,94.79623148354837,0.012442446483003917,0.055122464655274477
50,500000.0,test_particle,1233,TP_432,101.72834808728174,0.01147495855939824,0.2754392487908341
50,500000.0,test_particle,1234,TP_433,104.29691278225204,0.008504931620029948,0.1720858480771438
50,500000.0,test_particle,1235,TP_434,93.1860361983813,0.01794887433448329,0.10377338871906802
50,500000.0,test_particle,1236,TP_435,104.56597522807502,0.011403093322944086,0.04158210073186802
50,500000.0,test_particle,1237,TP_436,106.38591014524803,0.003111574502988652,0.06561904177117724
50,500000.0,test_particle,1238,TP_437,98.12321574290594,0.00925708124544836,0.0895776801918193
50,500000.0,test_particle,1239,TP_438,102.89748283425256,0.00853577961473843,0.20857347634324955
50,500000.0,test_particle,1240,TP_439,101.65984921219955,0.030065087917038786,0.5028933897033561
50,500000.0,test_particle,1241,TP_440,101.64499576471727,0.011007432467246456,0.2028146341019104
50,500000.0,test_particle,1242,TP_441,101.1304495088329,0.0021388584942963907,0.30998375472704204
50,500000.0,test_particle,1243,TP_442,103.61763639984753,0.018250727267821572,0.15768928043361302
50,500000.0,test_particle,1244,TP_443,100.0776956491474,0.009604482529195317,0.09532940972863159
50,500000.0,test_particle,1245,TP_444,96.25916042088916,0.004687740655214427,0.04253355591766452
50,500000.0,test_particle,1246,TP_445,104.71690864788052,0.016532498922872525,0.2668873111601688
50,500000.0,test_particle,1247,TP_446,100.94545602956627,0.017043686763616585,0.6600551342247735
50,500000.0,test_particle,1248,TP_447,102.78870047437454,0.013285580298289695,0.25973893691787975
50,500000.0,test_particle,1249,TP_448,97.21725518839527,0.011905959453764065,0.26063073929548536
50,500000.0,test_particle,1250,TP_449,100.51047110716407,0.01668259634038879,0.16688605644407242
50,500000.0,test_particle,1251,TP_450,101.85069533047863,0.02458838034150955,0.5177042063247411
50,500000.0,test_particle,1252,TP_451,104.92921749423215,0.009541208260023273,0.19406594695410306
50,500000.0,test_particle,1253,TP_452,99.93761676539658,0.013349914881881543,0.29370968906653855
50,500000.0,test_particle,1254,TP_453,94.80352260865335,0.012102465177111471,0.2479136214575438
50,500000.0,test_particle,1255,TP_454,94.89155399259477,0.018949966604403547,0.1591160692021778
50,500000.0,test_particle,1256,TP_455,94.85403105443747,0.010324192663743173,0.7952953101519586
50,500000.0,test_particle,1257,TP_456,104.38422526335316,0.013770454978911394,0.18540309573711192
50,500000.0,test_particle,1258,TP_457,104.32455149275363,0.012894858019407793,0.42760865700102946
50,500000.0,test_particle,1259,TP_458,96.4425698740408,0.010173380358408304,0.2333873829731383
50,500000.0,test_particle,1260,TP_459,103.78825484572576,0.008208036871368047,0.1818376609292828
50,500000.0,test_particle,1261,TP_460,96.45224671145844,0.015239227043215444,0.13132088676185216
50,500000.0,test_particle,1262,TP_461,104.04726933856973,0.009850138718959338,0.3554178346140523
50,500000.0,test_particle,1263,TP_462,96.49916416477974,0.009309378745017477,0.09013866670194597
50,500000.0,test_particle,1264,TP_463,100.66344101275256,0.010131392548933702,0.18872892360641058
50,500000.0,test_particle,1265,TP_464,100.4347683713238,0.006734459164964987,0.34984164465889356
50,500000.0,test_particle,1266,TP_465,101.3606334892105,0.022594474609789163,0.2269458726862156
50,500000.0,test_particle,1267,TP_466,102.36141374458538,0.018806860347766123,0.15126177825061934
50,500000.0,test_particle,1268,TP_467,101.3398029239638,0.006189923084236891,0.1646087976733889
50,500000.0,test_particle,1269,TP_468,102.04975557095652,0.004587094809844899,0.26783652688053605
50,500000.0,test_particle,1270,TP_469,104.30637593592758,0.012019245525445213,0.3040683663660297
50,500000.0,test_particle,1271,TP_470,103.63674093767845,0.02283954956797108,0.22718344807875604
50,500000.0,test_particle,1272,TP_471,104.0173881285431,0.01291701045730419,0.1869176168182221
50,500000.0,test_particle,1273,TP_472,101.4146589719164,0.005263358878795526,0.5392425587061677
50,500000.0,test_particle,1274,TP_473,100.41704316588005,0.014889017306887138,0.3806334663314705
50,500000.0,test_particle,1275,TP_474,97.70338032133235,0.005383479192755554,0.2691516442076519
50,500000.0,test_particle,1276,TP_475,94.90127649764835,0.006538160647364874,0.09505584097376575
50,500000.0,test_particle,1277,TP_476,100.36201582495167,0.00935031650609966,0.20022096400659908
50,500000.0,test_particle,1278,TP_477,106.44274056011236,0.019191772170832812,0.3264893547727616
50,500000.0,test_particle,1279,TP_478,99.42125127313652,0.006093922486660899,0.3155556269747755
50,500000.0,test_particle,1280,TP_479,98.95301810489966,0.018598214596748968,0.16513487522062897
50,500000.0,test_particle,1281,TP_480,98.34956824284569,0.022220632929910212,0.16884277186452326
50,500000.0,test_particle,1282,TP_481,99.14838540569268,0.01434798623136952,0.1455592252679897
50,500000.0,test_particle,1283,TP_482,96.66497584191167,0.01636240908591477,0.43757157234385974
50,500000.0,test_particle,1284,TP_483,102.24089513010735,0.012983150203829832,0.34492705292452663
50,500000.0,test_particle,1285,TP_484,103.66411985362456,0.017375672413664566,0.03675684265480291
50,500000.0,test_particle,1286,TP_485,104.61241664345542,0.00891689286682772,0.18415941433169825
50,500000.0,test_particle,1287,TP_486,105.18766962524516,0.009192012075914207,0.67899378043948
50,500000.0,test_particle,1288,TP_487,96.73465725793835,0.009709433758047179,0.2506661955381703
50,500000.0,test_particle,1289,TP_488,97.65385662437018,0.009307342437861401,0.25429806016578343
50,500000.0,test_particle,1290,TP_489,95.83441114558582,0.006585011533134656,0.2885115513680312
50,500000.0,test_particle,1291,TP_490,102.34736366072474,0.006269774520008267,0.40664855179657516
50,500000.0,test_particle,1292,TP_491,100.31666545964679,0.006640441471778979,0.19389614195437457
50,500000.0,test_particle,1293,TP_492,99.7883550562117,0.02303344230052736,0.3648230865104837
50,500000.0,test_particle,1294,TP_493,102.08873827119449,0.025748177534489713,0.3976552916989688
50,500000.0,test_particle,1295,TP_494,96.85238547434096,0.013052312048295387,0.4131750527662414
50,500000.0,test_particle,1296,TP_495,96.76767933147997,0.009341338922086948,0.4223004365030058
50,500000.0,test_particle,1297,TP_496,105.01716451491706,0.008979163591514332,0.29063115760775604
50,500000.0,test_particle,1298,TP_497,95.00582592668817,0.005124147989558492,0.3326897479267524
50,500000.0,test_particle,1299,TP_498,100.44394346086779,0.011029018116539169,0.6623095110761105
50,500000.0,test_particle,1300,TP_499,103.63115074020686,0.009951980257604943,0.1899841083479745
50,500000.0,test_particle,1301,TP_500,105.95764402933918,0.012182184391271073,0.23961029941048584
50,500000.0,test_particle,1302,TP_501,98.93803285590535,0.00917105390958605,0.34046608327728606
50,500000.0,test_particle,1303,TP_502,95.56413726683454,0.01138062846743647,0.20616218205745454
50,500000.0,test_particle,1304,TP_503,99.50831662277325,0.012682596125422082,0.46787812409323765
50,500000.0,test_particle,1305,TP_504,98.79957915636875,0.0078031866080453885,0.34313149524210396
50,500000.0,test_particle,1306,TP_505,99.63523671637915,0.019407455877458412,0.06760183458765379
50,500000.0,test_particle,1307,TP_506,101.1985862867576,0.008061710842029826,0.17876218802687321
50,500000.0,test_particle,1308,TP_507,101.97325773488566,0.021128291856010575,0.0985866280249418
50,500000.0,test_particle,1309,TP_508,102.2583775173725,0.004739471857207565,0.2764895083704499
50,500000.0,test_particle,1310,TP_509,102.00517137063721,0.0067509029481355514,0.41944712240600845
50,500000.0,test_particle,1311,TP_510,95.08745833737795,0.014554233932567408,0.13133823004985515
50,500000.0,test_particle,1312,TP_511,96.61417941274222,0.018263528836834762,0.11584598817791035
50,500000.0,test_particle,1313,TP_512,96.5464104118015,0.008027250015422685,0.24331562127911577
50,500000.0,test_particle,1314,TP_513,106.222927248462,0.007032602594944482,0.05274864798140809
50,500000.0,test_particle,1315,TP_514,97.63563585030496,0.0069863459521254615,0.3179263794810246
50,500000.0,test_particle,1316,TP_515,103.73216001395959,0.007646981717779566,0.09539707906218668
50,500000.0,test_particle,1317,TP_516,100.35326682703179,0.01258674281995249,0.35210439099824964
50,500000.0,test_particle,1318,TP_517,99.40607810252152,0.01633033417510177,0.30729931516768505
50,500000.0,test_particle,1319,TP_518,95.8865151525737,0.007449285960686743,0.3790366316781195
50,500000.0,test_particle,1320,TP_519,105.8390671644597,0.009425204703036769,0.23936292762721365
50,500000.0,test_particle,1321,TP_520,99.01737833125385,0.005901502562029965,0.2233174449899747
50,500000.0,test_particle,1322,TP_521,98.50755736170119,0.021617635997708575,0.30637993446352435
50,500000.0,test_particle,1323,TP_522,96.11017981369282,0.014082495216413972,0.4255534335269064
50,500000.0,test_particle,1324,TP_523,101.47543348414916,0.012023966926907385,0.5543696408076003
50,500000.0,test_particle,1325,TP_524,99.74104826651937,0.0027955904685109177,0.38443586519724215
50,500000.0,test_particle,1326,TP_525,102.31720829995727,0.020607466333306946,0.12791733171031558
50,500000.0,test_particle,1327,TP_526,97.7563607882154,0.007592316358657178,0.2553691425552398
50,500000.0,test_particle,1328,TP_527,104.82484584392772,0.011241873530304746,0.17507115984646884
50,500000.0,test_particle,1329,TP_528,95.05881027671151,0.014053626960023087,0.13018664227498764
50,500000.0,test_particle,1330,TP_529,101.41547002700504,0.01600512043604291,0.3887149061908618
50,500000.0,test_particle,1331,TP_530,103.25955524178943,0.007333808149058447,0.32720013550695365
50,500000.0,test_particle,1332,TP_531,104.68303115366362,0.0009866655254554245,0.44062356295088717
50,500000.0,test_particle,1333,TP_532,102.11669402504006,0.01912636494165777,0.17400881592668843
50,500000.0,test_particle,1334,TP_533,104.31712590975616,0.012671661910586907,0.29784146101464737
50,500000.0,test_particle,1335,TP_534,101.17142598011695,0.02578615387331928,0.2544375112362947
50,500000.0,test_particle,1336,TP_535,104.0649227008155,0.0090797525582067,0.1821831901112813
50,500000.0,test_particle,1337,TP_536,104.91097323322825,0.014710800552590211,0.16129738702619448
50,500000.0,test_particle,1338,TP_537,98.88249264241188,0.016791880735564785,0.1226931453170464
50,500000.0,test_particle,1339,TP_538,102.34244680132998,0.010852483304665192,0.3930523817501883
50,500000.0,test_particle,1340,TP_539,104.75249508584031,0.02126087535170804,0.15115694080749273
50,500000.0,test_particle,1341,TP_540,99.22878588437436,0.008231175355286837,0.345667838103673
50,500000.0,test_particle,1342,TP_541,102.59626252300484,0.013878292782157754,0.27623678967530924
50,500000.0,test_particle,1343,TP_542,100.99476482700967,0.016488877548681,0.0274313105680676
50,500000.0,test_particle,1344,TP_543,99.2979097440684,0.006212286637477322,0.33307382790401113
50,500000.0,test_particle,1345,TP_544,97.55440460870594,0.008840418010846082,0.31095361476926386
50,500000.0,test_particle,1346,TP_545,101.77601711193844,0.016634076257749913,0.3640273014870985
50,500000.0,test_particle,1347,TP_546,98.9175494152304,0.01280610086881893,0.3399061411418164
50,500000.0,test_particle,1348,TP_547,98.79887577049803,0.013021984855168962,0.35793089427781805
50,500000.0,test_particle,1349,TP_548,93.704795835151,0.025099368344254427,0.13133133627530116
50,500000.0,test_particle,1350,TP_549,106.65342624292879,0.02230696596654276,0.28746380012685135
50,500000.0,test_particle,1351,TP_550,95.51371568817683,0.0040862862957706525,0.22774266305417454
50,500000.0,test_particle,1352,TP_551,102.14390985192865,0.014461622388054896,0.13311511803180534
50,500000.0,test_particle,1353,TP_552,102.43594009447453,0.01405281487417687,0.3358464825455046
50,500000.0,test_particle,1354,TP_553,103.28601729943341,0.0005140801502987596,0.39436340130253356
50,500000.0,test_particle,1355,TP_554,94.94967432052223,0.005266429666790943,0.24103509233587705
50,500000.0,test_particle,1356,TP_555,104.3999690777471,0.010152587704501542,0.2684179118011391
50,500000.0,test_particle,1357,TP_556,95.310026151572,0.0036769615752285717,0.1944579734182555
50,500000.0,test_particle,1358,TP_557,101.98293240945198,0.004757709968973406,0.24440597936308214
50,500000.0,test_particle,1359,TP_558,96.78572288753912,0.010325138150448035,0.3471037847677141
50,500000.0,test_particle,1360,TP_559,105.52886264741758,0.013630015368763548,0.1518830171740105
50,500000.0,test_particle,1361,TP_560,99.63636096968379,0.010159811274308742,0.37855908236799085
50,500000.0,test_particle,1362,TP_561,105.54429024016096,0.012092635791145199,0.3121855291273534
50,500000.0,test_particle,1363,TP_562,100.20614753696852,0.015367748721431118,0.03857183485977094
50,500000.0,test_particle,1364,TP_563,98.63516816933563,0.006172028932477559,0.2966905527333052
50,500000.0,test_particle,1365,TP_564,106.11547336527124,0.008924870337771085,0.1758591066637374
50,500000.0,test_particle,1366,TP_565,103.01843709269318,0.004080446778843457,0.11164277314712849
50,500000.0,test_particle,1367,TP_566,100.29737098669416,0.01832819225108926,0.3655797082699835
50,500000.0,test_particle,1368,TP_567,99.0703448124371,0.009183427829502494,0.2750356676744729
50,500000.0,test_particle,1369,TP_568,104.70175957751682,0.011990345572948416,0.2078201006914572
50,500000.0,test_particle,1370,TP_569,95.15571537647013,0.011648993531051356,0.2914509236599361
50,500000.0,test_particle,1371,TP_570,102.01686407578457,0.005651554438097703,0.4892597767454953
50,500000.0,test_particle,1372,TP_571,93.96015192116525,0.010313851564992699,0.20205833705185056
50,500000.0,test_particle,1373,TP_572,102.9076524560605,0.004333396112839522,0.3484476046156995
50,500000.0,test_particle,1374,TP_573,102.6281746744801,0.012839190198043337,0.12584470819050186
50,500000.0,test_particle,1375,TP_574,99.95360237925995,0.011431064526335197,0.08287530936639564
50,500000.0,test_particle,1376,TP_575,94.54921587072968,0.011160611056626373,0.0938846675847896
50,500000.0,test_particle,1377,TP_576,93.5375945834697,0.02094406362998396,0.08252961983492096
50,500000.0,test_particle,1378,TP_577,102.76150540873063,0.0050297160017090305,0.22034717573061158
50,500000.0,test_particle,1379,TP_578,99.32055650499655,0.020571520953689026,0.24336501512286213
50,500000.0,test_particle,1380,TP_579,97.50420614434697,0.012983481814776938,0.3405428480744971
50,500000.0,test_particle,1381,TP_580,103.4765428860516,0.012075920263552592,0.27730828779884936
50,500000.0,test_particle,1382,TP_581,105.63229805890848,0.007915433753994743,0.12170373071555697
50,500000.0,test_particle,1383,TP_582,96.43780495337496,0.013136078658215023,0.05006322001441234
50,500000.0,test_particle,1384,TP_583,100.5051347085975,0.015859626316805046,0.18113885329211882
50,500000.0,test_particle,1385,TP_584,95.86825910501734,0.01123184583956073,0.31067690695305955
50,500000.0,test_particle,1386,TP_585,98.88854348038493,0.016049251224433406,0.09035063845297306
50,500000.0,test_particle,1387,TP_586,98.52307059123025,0.010165759154165439,0.2508794035485985
50,500000.0,test_particle,1388,TP_587,103.24491707356698,0.014018786267367396,0.3486113128467755
50,500000.0,test_particle,1389,TP_588,98.33556543714488,0.013262642354718083,0.3870247173284445
50,500000.0,test_particle,1390,TP_589,101.14898173283663,0.012397826031998484,0.2269476182199781
50,500000.0,test_particle,1391,TP_590,104.39560712376506,0.025058266774690887,0.2070596657860621
50,500000.0,test_particle,1392,TP_591,99.78190432992749,0.00882783329314068,0.1032372080204913
50,500000.0,test_particle,1393,TP_592,95.56607648747956,0.014391678636701124,0.34382006922667196
50,500000.0,test_particle,1394,TP_593,97.64432727782123,0.012607410582304067,0.6121984119504588
50,500000.0,test_particle,1395,TP_594,105.56752523709643,0.0017636148216611815,0.18825632640232975
50,500000.0,test_particle,1396,TP_595,100.27320960426754,0.010054437197133828,0.38866701968605516
50,500000.0,test_particle,1397,TP_596,104.24966130350225,0.002333691540965468,0.4988203826533516
50,500000.0,test_particle,1398,TP_597,98.7851833440998,0.016287807329049192,0.20142843223666854
50,500000.0,test_particle,1399,TP_598,100.91489142798017,0.00954159848937241,0.2872195202316227
50,500000.0,test_particle,1400,TP_599,101.88371359583833,0.01412020778595076,0.3135135448140506
50,500000.0,test_particle,1401,TP_600,98.91025662592833,0.009607578084871435,0.2917088378049651
50,500000.0,test_particle,1402,TP_601,104.9650841649362,0.02057268353274591,0.4522805006401334
50,500000.0,test_particle,1403,TP_602,98.9165205023633,0.006480610416801781,0.4049453376610049
50,500000.0,test_particle,1404,TP_603,94.78998786701872,0.014228154913840045,0.30524933604599847
50,500000.0,test_particle,1405,TP_604,102.23984770495811,0.014875914005115669,0.4073929586465566
50,500000.0,test_particle,1406,TP_605,95.19857443011361,0.015082606961777927,0.16533677761363746
50,500000.0,test_particle,1407,TP_606,103.17455105243116,0.005710243843929391,0.1445214898526098
50,500000.0,test_particle,1408,TP_607,97.7055172519954,0.010518443041382868,0.13975657402118422
50,500000.0,test_particle,1409,TP_608,102.21933940359128,0.006585487925425005,0.44907317009751396
50,500000.0,test_particle,1410,TP_609,96.37226247192251,0.0161057829890683,0.031097152899084154
50,500000.0,test_particle,1411,TP_610,100.61294981610992,0.003999356947389343,0.1598372969957127
50,500000.0,test_particle,1412,TP_611,99.0271689238244,0.010786347776854223,0.22545890014053108
50,500000.0,test_particle,1413,TP_612,95.46289131343669,0.019269199032861468,0.21099088299310015
50,500000.0,test_particle,1414,TP_613,103.26870052403629,0.007194091188150506,0.2585980900793447
50,500000.0,test_particle,1415,TP_614,101.72298769963636,0.012372270075013642,0.35970453052578394
50,500000.0,test_particle,1416,TP_615,106.32737428347508,0.01118682863186617,0.12699517367034735
50,500000.0,test_particle,1417,TP_616,104.09599845770182,0.0158924497550423,0.20894618124138095
50,500000.0,test_particle,1418,TP_617,100.09848441164823,0.017489422391149312,0.2014358254789244
50,500000.0,test_particle,1419,TP_618,101.91085362652274,0.015348066367147788,0.22766105062490943
50,500000.0,test_particle,1420,TP_619,100.85315049550647,0.007012628460254961,0.40119171721948205
50,500000.0,test_particle,1421,TP_620,97.2499395716959,0.013959320900973715,0.4836862018138487
50,500000.0,test_particle,1422,TP_621,102.41714318827198,0.005407994408986495,0.24732111241166113
50,500000.0,test_particle,1423,TP_622,106.55921258688264,0.02755652429557214,0.2688258709731587
50,500000.0,test_particle,1424,TP_623,96.77740692908439,0.013558236493171094,0.27370290193265684
50,500000.0,test_particle,1425,TP_624,104.20707446104817,0.01757728418289868,0.05401744747692064
50,500000.0,test_particle,1426,TP_625,100.26745529985699,0.019855538451623793,0.2142618190801081
50,500000.0,test_particle,1427,TP_626,102.7587615903811,0.016519380433030775,0.29424350539146493
50,500000.0,test_particle,1428,TP_627,96.95691139121132,0.009925131079709687,0.14868804243562447
50,500000.0,test_particle,1429,TP_628,100.54307293065422,0.01152435959933267,0.20458491080204683
50,500000.0,test_particle,1430,TP_629,99.08077840508709,0.01030288226107993,0.19872295043371954
50,500000.0,test_particle,1431,TP_630,101.38468160464178,0.02006766347362679,0.3648469129610261
50,500000.0,test_particle,1432,TP_631,99.9362332750956,0.008476437716462434,0.24372539014972336
50,500000.0,test_particle,1433,TP_632,102.17666781988339,0.007600899409289529,0.4532509135535468
50,500000.0,test_particle,1434,TP_633,98.69988889709846,0.01971293215774393,0.18932987449413083
50,500000.0,test_particle,1435,TP_634,98.88333392730664,0.01564564071651281,0.2762674799258747
50,500000.0,test_particle,1436,TP_635,98.55157756846613,0.011131606428306295,0.1824427671916072
50,500000.0,test_particle,1437,TP_636,99.69491295492533,0.007114425117854712,0.2671969218748614
50,500000.0,test_particle,1438,TP_637,102.46830444611315,0.008144445701047352,0.1726482333306483
50,500000.0,test_particle,1439,TP_638,101.38332085871703,0.003135014099119158,0.17595971050303194
50,500000.0,test_particle,1440,TP_639,101.21955293549281,0.0020950971314482483,0.09292503655362619
50,500000.0,test_particle,1441,TP_640,104.39449929152885,0.002405081296217722,0.10016888166854794
50,500000.0,test_particle,1442,TP_641,97.42055698609599,0.018572317753358034,0.0798994134383418
50,500000.0,test_particle,1443,TP_642,96.75535185644682,0.009174171102787216,0.453225502624835
50,500000.0,test_particle,1444,TP_643,102.4443790517317,0.028646024775327284,0.3194642982699031
50,500000.0,test_particle,1445,TP_644,103.44712605040435,0.00982070718572874,0.13682201326624513
50,500000.0,test_particle,1446,TP_645,98.42061712284955,0.008011232792298874,0.44172619989156403
50,500000.0,test_particle,1447,TP_646,101.68771653622515,0.002629244255479107,0.30778418607705066
50,500000.0,test_particle,1448,TP_647,105.1882110785397,0.018520759720918697,0.10191702073029808
50,500000.0,test_particle,1449,TP_648,105.34911573735135,0.011662255325123667,0.18250528370974953
50,500000.0,test_particle,1450,TP_649,103.25088113072692,0.008650607960854631,0.4223956036283884
50,500000.0,test_particle,1451,TP_650,103.67824455698432,0.008154856329626084,0.46997254239731073
50,500000.0,test_particle,1452,TP_651,95.7086481900647,0.014901142096709973,0.19186888305500596
50,500000.0,test_particle,1453,TP_652,104.79644068079432,0.003866578233370008,0.10476095031870146
50,500000.0,test_particle,1454,TP_653,95.52507940336935,0.004180396691953575,0.38703941899062577
50,500000.0,test_particle,1455,TP_654,105.78660290949489,0.008390240292257685,0.17695916682605403
50,500000.0,test_particle,1456,TP_655,99.51679492148071,0.014531925263999823,0.23067889454254994
50,500000.0,test_particle,1457,TP_656,95.72329881407731,0.009319511043686935,0.20665286906960884
50,500000.0,test_particle,1458,TP_657,106.13469273408654,0.011880632485216251,0.9506400004956668
50,500000.0,test_particle,1459,TP_658,100.87893863483345,0.008532558140262554,0.26991596440927246
50,500000.0,test_particle,1460,TP_659,96.36830803572721,0.012561033489579038,0.15494403381247443
50,500000.0,test_particle,1461,TP_660,94.45010563267464,0.009100671004598044,0.23227271261148252
50,500000.0,test_particle,1462,TP_661,105.58566482860306,0.01190959198708177,0.3298019798234216
50,500000.0,test_particle,1463,TP_662,103.40525718168321,0.010736364218127483,0.10979877545904206
50,500000.0,test_particle,1464,TP_663,97.75688265845643,0.018325300521938984,0.045155883752533564
50,500000.0,test_particle,1465,TP_664,93.84776989150046,0.019359122187320214,0.36007052762024333
50,500000.0,test_particle,1466,TP_665,104.70708039177882,0.012622608772804626,0.3820769149457492
50,500000.0,test_particle,1467,TP_666,98.842095550336,0.003930671718571301,0.16805126697500963
50,500000.0,test_particle,1468,TP_667,95.22323387565027,0.010256207276548357,0.2046076826513293
50,500000.0,test_particle,1469,TP_668,103.54249153174403,0.006452518540198232,0.12798063733743276
50,500000.0,test_particle,1470,TP_669,98.58144477673481,0.0015166185140308487,0.11121153365925053
50,500000.0,test_particle,1471,TP_670,98.38774474360756,0.003165935516068464,0.6315457179619585
50,500000.0,test_particle,1472,TP_671,106.31464306203131,0.010308688450833424,0.03562133597479732
50,500000.0,test_particle,1473,TP_672,102.15891464744057,0.005854520789642571,0.12722337473631287
50,500000.0,test_particle,1474,TP_673,99.8099692480961,0.029328508876932693,0.30362851236186555
50,500000.0,test_particle,1475,TP_674,100.16819808877455,0.015537882730661663,0.30653146966216277
50,500000.0,test_particle,1476,TP_675,97.81924170432782,0.013586616159961559,0.38299833716166176
50,500000.0,test_particle,1477,TP_676,103.91913234035873,0.006293640665983713,0.3460813514963155
50,500000.0,test_particle,1478,TP_677,99.5452967024497,0.012984082785025651,0.21333151402912703
50,500000.0,test_particle,1479,TP_678,97.96541490280107,0.008225393612206817,0.15448900310258534
50,500000.0,test_particle,1480,TP_679,98.50320368827866,0.010349546147736274,0.34688385109184183
50,500000.0,test_particle,1481,TP_680,105.72718733625217,0.013991399901755495,0.07910367228380782
50,500000.0,test_particle,1482,TP_681,100.35743295126431,0.010264823873557686,0.4557770114016005
50,500000.0,test_particle,1483,TP_682,97.33614018422362,0.009878773585042295,0.45343367698313464
50,500000.0,test_particle,1484,TP_683,96.92211994080118,0.005480896386282053,0.08286503033090334
50,500000.0,test_particle,1485,TP_684,97.44607695681604,0.01519287301153654,0.30762250001004127
50,500000.0,test_particle,1486,TP_685,96.38258664426934,0.00984814319357689,0.14793341704693064
50,500000.0,test_particle,1487,TP_686,95.73920133826857,0.02273483001121648,0.20182833688721624
50,500000.0,test_particle,1488,TP_687,100.36437215629043,0.012832356555932156,0.2884041727942403
50,500000.0,test_particle,1489,TP_688,100.8222171734818,0.009745289437198478,0.028565343364411175
50,500000.0,test_particle,1490,TP_689,100.94377938049804,0.020751753180117932,0.49995982801523836
50,500000.0,test_particle,1491,TP_690,96.0323208689764,0.004467029704580187,0.3482251184543523
50,500000.0,test_particle,1492,TP_691,103.20409477382466,0.03465148302486805,0.7069471594455096
50,500000.0,test_particle,1493,TP_692,104.46503752337172,0.005148492167986844,0.28283848404920253
50,500000.0,test_particle,1494,TP_693,101.45401537997657,0.008345504836361792,0.5000957831527633
50,500000.0,test_particle,1495,TP_694,100.2530270152868,0.017840862431217287,0.23295599424499752
50,500000.0,test_particle,1496,TP_695,98.44468927621315,0.008770487502960405,0.487883432902878
50,500000.0,test_particle,1497,TP_696,104.62248092212955,0.01819197586818065,0.14896050768874675
50,500000.0,test_particle,1498,TP_697,101.17574425034205,0.010462023285985781,0.05432844611946877
50,500000.0,test_particle,1499,TP_698,97.91423642324533,0.013414582499143459,0.2574749764120865
50,500000.0,test_particle,1500,TP_699,104.51035344641296,0.007866424966994063,0.325763291432468
50,500000.0,test_particle,1501,TP_700,99.00747447320532,0.0062650440150823486,0.273276430427752
50,500000.0,test_particle,1502,TP_701,99.68011898157735,0.01299666022765385,0.2461134592330881
50,500000.0,test_particle,1503,TP_702,93.86022846681801,0.012944504287477798,0.16457639020419487
50,500000.0,test_particle,1504,TP_703,106.12205143924321,0.023730361438922844,0.31430435616954155
50,500000.0,test_particle,1505,TP_704,99.6996546521667,0.013016811625234935,0.28359887550650315
50,500000.0,test_particle,1506,TP_705,102.41547916655671,0.006269193703781321,0.22534408340333367
50,500000.0,test_particle,1507,TP_706,103.38971152500548,0.017831431642020164,0.3084891313502923
50,500000.0,test_particle,1508,TP_707,100.43841907318026,0.022771432667564144,0.44641942858100075
50,500000.0,test_particle,1509,TP_708,99.38685991827961,0.012435879024738701,0.33185960628941896
50,500000.0,test_particle,1510,TP_709,105.73130886134594,0.010895055620343925,0.35973606807741443
50,500000.0,test_particle,1511,TP_710,103.04700040710536,0.01933683259753815,0.08733374442543346
50,500000.0,test_particle,1512,TP_711,100.4959643306172,0.008915119583274704,0.23550751711688322
50,500000.0,test_particle,1513,TP_712,103.66126782185101,0.008423223394656511,0.3954428524310926
50,500000.0,test_particle,1514,TP_713,99.03085385604416,0.010227805245346049,0.05036307764346171
50,500000.0,test_particle,1515,TP_714,94.90891328336208,0.010315766498612572,0.30450294981416637
50,500000.0,test_particle,1516,TP_715,99.88440502200581,0.0034501557541916188,0.40404264073114404
50,500000.0,test_particle,1517,TP_716,98.42794247997395,0.011225255513652863,0.3085537893081638
50,500000.0,test_particle,1518,TP_717,103.0504558384835,0.005463217683219541,0.5752271948587833
50,500000.0,test_particle,1519,TP_718,95.51897521721658,0.00825903164676192,0.22567900406489128
50,500000.0,test_particle,1520,TP_719,102.63995832402983,0.008918150103821302,0.16424407725029835
50,500000.0,test_particle,1521,TP_720,103.05761342145256,0.015912572286774923,0.44575227271168383
50,500000.0,test_particle,1522,TP_721,98.28433340489109,0.00912111520978223,0.5288200121940523
50,500000.0,test_particle,1523,TP_722,100.6507734934238,0.013659243614262528,0.3921456730868401
50,500000.0,test_particle,1524,TP_723,96.692229106789,0.013648635297896223,0.05704850877913276
50,500000.0,test_particle,1525,TP_724,105.77818152760281,0.007803824726395403,0.4383452587235944
50,500000.0,test_particle,1526,TP_725,98.52210054805323,0.019854820152159,0.33692003003394794
50,500000.0,test_particle,1527,TP_726,96.25850146052063,0.0092643970034412,0.47578991955478084
50,500000.0,test_particle,1528,TP_727,101.95608218716897,0.0034889948737079957,0.16159670479681681
50,500000.0,test_particle,1529,TP_728,97.0026510420334,0.002013685475979577,0.08739892835978429
50,500000.0,test_particle,1530,TP_729,104.48041058691248,0.006485602516840906,0.2607294531869336
50,500000.0,test_particle,1531,TP_730,98.69348339274877,0.012471446059542111,0.02807891688915911
50,500000.0,test_particle,1532,TP_731,100.07180295557747,0.01594363159236295,0.10521677619703303
50,500000.0,test_particle,1533,TP_732,96.25726028653152,0.007883410795375906,0.11497610609336009
50,500000.0,test_particle,1534,TP_733,99.29906773245655,0.01117553605916005,0.4733269138998419
50,500000.0,test_particle,1535,TP_734,100.704240723666,0.0005255481876075564,0.059194929187203094
50,500000.0,test_particle,1536,TP_735,99.61112308989297,0.014911075471171834,0.2381149180527872
50,500000.0,test_particle,1537,TP_736,105.60262675354242,0.00939102976751248,0.31647950116777623
50,500000.0,test_particle,1538,TP_737,102.74229938447894,0.013356947444543335,0.11296401557509977
50,500000.0,test_particle,1539,TP_738,99.48811596947839,0.005931571203533196,0.30291108742123696
50,500000.0,test_particle,1540,TP_739,99.57360222971299,0.021671407049242013,0.10509410061553495
50,500000.0,test_particle,1541,TP_740,99.8091352949572,0.015543053380958998,0.1461050387121097
50,500000.0,test_particle,1542,TP_741,100.00602672246528,0.015061610113607923,0.32613687721141305
50,500000.0,test_particle,1543,TP_742,103.66352244077397,0.0071184973839351845,0.3877714895394749
50,500000.0,test_particle,1544,TP_743,98.41586663346705,0.009652540262013821,0.34123541749202835
50,500000.0,test_particle,1545,TP_744,98.292273774785,0.01594575374273659,0.21270953528180747
50,500000.0,test_particle,1546,TP_745,107.12419317063029,0.01779464839640617,0.12169492784916944
50,500000.0,test_particle,1547,TP_746,94.6715049335539,0.006163659106855851,0.26443441369386683
50,500000.0,test_particle,1548,TP_747,96.26834446925103,0.015864628501040572,0.3757528749624015
50,500000.0,test_particle,1549,TP_748,94.40924305993005,0.01452751899452865,0.2676483652904054
50,500000.0,test_particle,1550,TP_749,97.2247923940239,0.00903378358844575,0.23873813487097914
50,500000.0,test_particle,1551,TP_750,100.92778770293003,0.014048914948124934,0.3915374582253045
50,500000.0,test_particle,1552,TP_751,103.87843593754575,0.014268945932997483,0.2844177582195432
50,500000.0,test_particle,1553,TP_752,102.10010379267345,0.023677647215072147,0.33614213403964277
50,500000.0,test_particle,1554,TP_753,95.404043985739,0.015858002360168533,0.5086820489309581
50,500000.0,test_particle,1555,TP_754,99.3394115423259,0.006314383171349071,0.12676024937261066
50,500000.0,test_particle,1556,TP_755,95.62339719108431,0.016007597560665693,0.32061083310659516
50,500000.0,test_particle,1557,TP_756,106.85132427634503,0.025645815640687016,0.6879841401708864
50,500000.0,test_particle,1558,TP_757,96.10366073296554,0.00907390307447206,0.08809601291648497
50,500000.0,test_particle,1559,TP_758,95.7870896610683,0.009784829776652659,0.18771683073646617
50,500000.0,test_particle,1560,TP_759,99.90736133077793,0.008645044337344483,0.16294862734555798
50,500000.0,test_particle,1561,TP_760,96.77553608714912,0.009247261381546888,0.48971566251723325
50,500000.0,test_particle,1562,TP_761,100.59926129019016,0.004767150664103545,0.4541771159526555
50,500000.0,test_particle,1563,TP_762,107.47282781038056,0.01791799643429523,0.1255176124780429
50,500000.0,test_particle,1564,TP_763,94.62619176373124,0.002692958229924563,0.2347904015588351
50,500000.0,test_particle,1565,TP_764,101.2456356849221,0.01286224635440949,0.180990708947369
50,500000.0,test_particle,1566,TP_765,106.59534275000331,0.018421348357449168,0.0361948629293176
50,500000.0,test_particle,1567,TP_766,103.19474086996566,0.01944778219806176,0.48957704501697485
50,500000.0,test_particle,1568,TP_767,101.57537730302525,0.004605757055905827,0.2735528263594741
50,500000.0,test_particle,1569,TP_768,101.01653281477243,0.014623856735369702,0.1271216295028989
50,500000.0,test_particle,1570,TP_769,100.8352610012113,0.013740195863393409,0.3083881165191002
50,500000.0,test_particle,1571,TP_770,94.96982973724711,0.007720875452455516,0.46618212490163496
50,500000.0,test_particle,1572,TP_771,100.63118011154504,0.014295129845318834,0.15356590926717562
50,500000.0,test_particle,1573,TP_772,98.1500044523542,0.013414970115218548,0.32785717642242956
50,500000.0,test_particle,1574,TP_773,97.77787490802127,0.002365469186474066,0.41624266226576223
50,500000.0,test_particle,1575,TP_774,99.84839792567323,0.009042012462379886,0.3437510527224654
50,500000.0,test_particle,1576,TP_775,98.18492868679925,0.013428039339418394,0.04009958867010121
50,500000.0,test_particle,1577,TP_776,100.34809043186976,0.007582836708811679,0.2250772054358229
50,500000.0,test_particle,1578,TP_777,98.74561077762132,0.004226706708893779,0.5150247843006429
50,500000.0,test_particle,1579,TP_778,96.91283463701816,0.01492974206908621,0.2826957044520462
50,500000.0,test_particle,1580,TP_779,105.02699772663054,0.01192967677939914,0.14278155941011364
50,500000.0,test_particle,1581,TP_780,97.4615869315684,0.0130323427298054,0.584203440879418
50,500000.0,test_particle,1582,TP_781,101.42324646795245,0.021702655063222557,0.3823296617769694
50,500000.0,test_particle,1583,TP_782,102.93622288885648,0.015160685276938712,0.01781193405656034
50,500000.0,test_particle,1584,TP_783,97.84026216266884,0.003424878255317252,0.5546638227066776
50,500000.0,test_particle,1585,TP_784,103.14778455744946,0.02292637645143069,0.13455154069537775
50,500000.0,test_particle,1586,TP_785,98.41336514666402,0.010651585477988917,0.39346612895941047
50,500000.0,test_particle,1587,TP_786,99.12047482240351,0.015055180735780523,0.34737671096340816
50,500000.0,test_particle,1588,TP_787,98.56615368775803,0.010086758639060668,0.571314399139087
50,500000.0,test_particle,1589,TP_788,100.12064076483294,0.013449528300307429,0.08513220357438496
50,500000.0,test_particle,1590,TP_789,97.21871774953736,0.013788021864273267,0.16912332433739916
50,500000.0,test_particle,1591,TP_790,101.61845341677349,0.006518349577733483,0.4562771470608341
50,500000.0,test_particle,1592,TP_791,101.5324634291984,0.012156795017646525,0.36881102220153905
50,500000.0,test_particle,1593,TP_792,94.22673803214795,0.02906530749652502,0.1623584026167192
50,500000.0,test_particle,1594,TP_793,102.90656888380582,0.021414475245665737,0.12265428343385588
50,500000.0,test_particle,1595,TP_794,98.10208786669554,0.010917594168725713,0.37694409984602845
50,500000.0,test_particle,1596,TP_795,101.99972585259697,0.021661423296923422,0.2090845622970738
50,500000.0,test_particle,1597,TP_796,103.5680372371001,0.013470859195100084,0.30305006590556527
50,500000.0,test_particle,1598,TP_797,102.09828079749684,0.00870335774081528,0.4593107838197081
50,500000.0,test_particle,1599,TP_798,97.54524627428765,0.017706493644039874,0.35558955428789724
50,500000.0,test_particle,1600,TP_799,97.6669862610844,0.009514393154487061,0.3534458407007948
50,500000.0,test_particle,1601,TP_800,94.368341784661,0.01853555207510782,0.1842553121602516
50,500000.0,test_particle,1602,TP_801,100.29530737686062,0.004278273440326818,0.22655890340108872
50,500000.0,test_particle,1603,TP_802,97.91829699576759,0.01117736510384192,0.2757917919969345
50,500000.0,test_particle,1604,TP_803,103.68449765656472,0.00306387072970613,0.405470182468623
50,500000.0,test_particle,1605,TP_804,102.2890998356178,0.00489822549241731,0.0476018878466744
50,500000.0,test_particle,1606,TP_805,104.52409127564017,0.008073308717486509,0.31045316526799904
50,500000.0,test_particle,1607,TP_806,103.16100510162345,0.003668550219710975,0.5051214768438795
50,500000.0,test_particle,1608,TP_807,94.17484535933977,0.0113260564164507,0.19767459944047763
50,500000.0,test_particle,1609,TP_808,98.17690696422832,0.017424623608924904,0.5267922221081807
50,500000.0,test_particle,1610,TP_809,105.40602035769386,0.006591295090144067,0.39141314892596996
50,500000.0,test_particle,1611,TP_810,101.47561609541266,0.01568073793428304,0.41700538802761844
50,500000.0,test_particle,1612,TP_811,104.94816805189785,0.014249454594887578,0.2764027732375589
50,500000.0,test_particle,1613,TP_812,100.97626653748357,0.00420265979660695,0.38815703244391336
50,500000.0,test_particle,1614,TP_813,99.74182721517877,0.012816821575072253,0.38242221023297296
50,500000.0,test_particle,1615,TP_814,93.64069737603658,0.011617293188602322,0.12030271397516495
50,500000.0,test_particle,1616,TP_815,97.42720455808876,0.01555748017061666,0.36633965151821263
50,500000.0,test_particle,1617,TP_816,98.57099877892801,0.009382562647849197,0.4697877258169793
50,500000.0,test_particle,1618,TP_817,97.39201594472911,0.021623255542721074,0.1301998473239133
50,500000.0,test_particle,1619,TP_818,102.19060069269518,0.015485805582169988,0.20120800192884633
50,500000.0,test_particle,1620,TP_819,99.00528463414109,0.0028143195359665208,0.2975211630710005
50,500000.0,test_particle,1621,TP_820,102.55739518390352,0.013454982186917925,0.31126080928437533
50,500000.0,test_particle,1622,TP_821,98.84218205286768,0.005631229234841774,0.5307020558383083
50,500000.0,test_particle,1623,TP_822,96.19789976022973,0.010317730961449141,0.5486795051786818
50,500000.0,test_particle,1624,TP_823,100.25309936668138,0.010832620051337258,0.375548220603474
50,500000.0,test_particle,1625,TP_824,101.252247266975,0.01586571147542954,0.5478116721338537
50,500000.0,test_particle,1626,TP_825,102.81523103757578,0.02878201688640384,0.21524596065995227
50,500000.0,test_particle,1627,TP_826,99.66784809283497,0.015924440414232386,0.050704737101226145
50,500000.0,test_particle,1628,TP_827,99.39085614342719,0.011142967109209055,0.07382327891536646
50,500000.0,test_particle,1629,TP_828,99.08372164547461,0.010392393254254227,0.07612005808738052
50,500000.0,test_particle,1630,TP_829,94.83136367467333,0.00868326902627569,0.3195229509183678
50,500000.0,test_particle,1631,TP_830,103.14536464166586,0.006609873399697392,0.4319545943502746
50,500000.0,test_particle,1632,TP_831,98.9296397384743,0.003904505793748823,0.31116602208052363
50,500000.0,test_particle,1633,TP_832,96.07901928721792,0.017692389880992688,0.37563267149900637
50,500000.0,test_particle,1634,TP_833,102.88882928616717,0.02334503317617558,0.0783473637482952
50,500000.0,test_particle,1635,TP_834,106.07228721020081,0.016040442638062122,0.4996021681177199
50,500000.0,test_particle,1636,TP_835,98.68924505017195,0.008594925435089018,0.2921767658795104
50,500000.0,test_particle,1637,TP_836,93.747671334996,0.005044723397843801,0.06130468308876608
50,500000.0,test_particle,1638,TP_837,97.0501677975574,0.005491508728257605,0.5550569114858325
50,500000.0,test_particle,1639,TP_838,100.17596117622574,0.013770394832177584,0.37580053506285505
50,500000.0,test_particle,1640,TP_839,96.696003539908,0.016567955369584886,0.07359044010124587
50,500000.0,test_particle,1641,TP_840,96.02965213517389,0.012410746843495728,0.42139766960923775
50,500000.0,test_particle,1642,TP_841,99.08901475192093,0.012852929400712568,0.24610135246427695
50,500000.0,test_particle,1643,TP_842,97.51247212385245,0.017162755215263156,0.03691426083746293
50,500000.0,test_particle,1644,TP_843,104.16287421794725,0.004669298228096098,0.33685321542340396
50,500000.0,test_particle,1645,TP_844,94.48169809082178,0.03110789749055657,0.23399495423222824
50,500000.0,test_particle,1646,TP_845,100.4837289343995,0.007828954992215911,0.3351186181607872
50,500000.0,test_particle,1647,TP_846,102.0435141452637,0.0045508079871506065,0.338626726632184
50,500000.0,test_particle,1648,TP_847,99.62873312853301,0.0007807350866587148,0.42843107144524106
50,500000.0,test_particle,1649,TP_848,105.53612955671882,0.012527577895504138,0.07426970035607977
50,500000.0,test_particle,1650,TP_849,102.4868561206003,0.011380688963498331,0.3462803648848976
50,500000.0,test_particle,1651,TP_850,97.81011178436304,0.009434790120296388,0.5333016637470612
50,500000.0,test_particle,1652,TP_851,103.5956838099035,0.013018923116044202,0.12048471838471035
50,500000.0,test_particle,1653,TP_852,94.43096557270587,0.010679393757348637,0.12950199355746433
50,500000.0,test_particle,1654,TP_853,102.32512682173456,0.014022101187672428,0.5140457920856325
50,500000.0,test_particle,1655,TP_854,102.73470696587881,0.008508795819569245,0.4401299021269568
50,500000.0,test_particle,1656,TP_855,100.74473164555388,0.01939015707593363,0.2966501450023489
50,500000.0,test_particle,1657,TP_856,98.68921221724005,0.01132186695309079,0.06036280158592291
50,500000.0,test_particle,1658,TP_857,100.42208543762396,0.006071475560396594,0.39801245731215096
50,500000.0,test_particle,1659,TP_858,100.85296084680267,0.019519675852361786,0.17279361148603378
50,500000.0,test_particle,1660,TP_859,101.968395857684,0.014130398873980474,0.09579442467829051
50,500000.0,test_particle,1661,TP_860,101.35576253444125,0.010278293148693345,0.13207940456543035
50,500000.0,test_particle,1662,TP_861,101.6960312281369,0.003501011050766678,0.7004171204312644
50,500000.0,test_particle,1663,TP_862,97.63959603902504,0.013840672385281227,0.22840525972763823
50,500000.0,test_particle,1664,TP_863,96.47503891957972,0.011464353361274882,0.2674084174771243
50,500000.0,test_particle,1665,TP_864,105.28112239329846,0.0040378772907533975,0.29879002967436685
50,500000.0,test_particle,1666,TP_865,99.11746382117722,0.017869445527043146,0.3156782594503806
50,500000.0,test_particle,1667,TP_866,96.10797237538428,0.006166732269477567,0.24782588327946162
50,500000.0,test_particle,1668,TP_867,94.95048418834303,0.010124307544805155,0.0544019071365492
50,500000.0,test_particle,1669,TP_868,94.19173975521888,0.01978853263170619,0.24516028876661855
50,500000.0,test_particle,1670,TP_869,95.15852619065463,0.01815366783726488,0.3877255465241245
50,500000.0,test_particle,1671,TP_870,101.30673033732843,0.003909958338059143,0.24705860133653765
50,500000.0,test_particle,1672,TP_871,96.29746193273913,0.011869065269678932,0.19836774539948498
50,500000.0,test_particle,1673,TP_872,95.52310862298985,0.005940877552929886,0.44314566232543295
50,500000.0,test_particle,1674,TP_873,100.77649235633805,0.019060451010709762,0.07006818163101936
50,500000.0,test_particle,1675,TP_874,99.65420926812155,0.00964786234060325,0.22607733718292639
50,500000.0,test_particle,1676,TP_875,94.6065778060442,0.012884377589143955,0.42179062240781595
50,500000.0,test_particle,1677,TP_876,97.09478501431074,0.0237606879410402,0.30307471106503897
50,500000.0,test_particle,1678,TP_877,96.86971175157362,0.007968941177604383,0.5263435873597436
50,500000.0,test_particle,1679,TP_878,96.40995552733713,0.010391152214183645,0.39918589101882457
50,500000.0,test_particle,1680,TP_879,103.03432091094881,0.016558826521402392,0.11843021826097287
50,500000.0,test_particle,1681,TP_880,98.09890887019984,0.019756550510337097,0.0432722406498228
50,500000.0,test_particle,1682,TP_881,100.90398476924852,0.015468846658228317,0.33096388630575163
50,500000.0,test_particle,1683,TP_882,100.08279444713729,0.005745593819691654,0.4975934461737005
50,500000.0,test_particle,1684,TP_883,95.90551584377643,0.019515245345488288,0.20644238341492915
50,500000.0,test_particle,1685,TP_884,95.14463997195917,0.013169547510996292,0.2226327315664291
50,500000.0,test_particle,1686,TP_885,96.84841648342953,0.015080490077518986,0.08665703560656286
50,500000.0,test_particle,1687,TP_886,99.88682641502966,0.013871664058857492,0.2808132875845283
50,500000.0,test_particle,1688,TP_887,94.19262204177946,0.007347550351905767,0.10672981571465566
50,500000.0,test_particle,1689,TP_888,101.535740655792,0.009796945818433492,0.36305102250236804
50,500000.0,test_particle,1690,TP_889,99.16629461619878,0.012897160023328448,0.5461529761614503
50,500000.0,test_particle,1691,TP_890,106.27454857355153,0.014662237062391453,0.22753007077928594
50,500000.0,test_particle,1692,TP_891,93.95353962340496,0.009625511998226649,0.11594134534876491
50,500000.0,test_particle,1693,TP_892,97.28359918365922,0.008290899578113676,0.06251303220038572
50,500000.0,test_particle,1694,TP_893,103.34681944258783,0.01200531231073561,0.12228457282485604
50,500000.0,test_particle,1695,TP_894,103.20396025618547,0.005633029770644361,0.22409054797705474
50,500000.0,test_particle,1696,TP_895,99.85174830019963,0.001903965138776966,0.34580667852319286
50,500000.0,test_particle,1697,TP_896,102.22689928567507,0.004146321508818877,0.403302616036921
50,500000.0,test_particle,1698,TP_897,95.658135945069,0.016944655215325746,0.19364730915828043
50,500000.0,test_particle,1699,TP_898,99.58966881312018,0.00413191756723261,0.14948446969409693
50,500000.0,test_particle,1700,TP_899,101.83840146348072,0.0030210788354945784,0.2610264285687663
50,500000.0,test_particle,1701,TP_900,99.63981142752532,0.01990826489292624,0.14041266091421986
50,500000.0,test_particle,1702,TP_901,97.29612968543354,0.008569063555345606,0.4450854352057409
50,500000.0,test_particle,1703,TP_902,99.09197662513752,0.01143012128636371,0.6249749831054248
50,500000.0,test_particle,1704,TP_903,104.67043258087159,0.01152384979872491,0.17283738303925975
50,500000.0,test_particle,1705,TP_904,102.37755920923632,0.011435811838399463,0.24096680950320687
50,500000.0,test_particle,1706,TP_905,104.5811765766663,0.00840686221142487,0.3137903067644474
50,500000.0,test_particle,1707,TP_906,95.08104799104616,0.005797381343615781,0.3448250208175969
50,500000.0,test_particle,1708,TP_907,100.38493328024227,0.008624003578994044,0.3234074494928813
50,500000.0,test_particle,1709,TP_908,102.48925509006934,0.015334777969534462,0.45724832304729135
50,500000.0,test_particle,1710,TP_909,99.87314796506716,0.016864255124706212,0.3153507273313767
50,500000.0,test_particle,1711,TP_910,103.50574062409216,0.01039149007458567,0.07993119720928317
50,500000.0,test_particle,1712,TP_911,102.07889459361543,0.014181687448728787,0.5397385168642166
50,500000.0,test_particle,1713,TP_912,98.63588587336753,0.011452811972830261,0.3562057197692755
50,500000.0,test_particle,1714,TP_913,106.18012028171415,0.012604258546142758,0.20925443579017586
50,500000.0,test_particle,1715,TP_914,98.00336101057418,0.004697658070212284,0.3643394341517456
50,500000.0,test_particle,1716,TP_915,100.00851349886257,0.005501092773874186,0.1968609188812053
50,500000.0,test_particle,1717,TP_916,98.05662000047528,0.006988143954948991,0.5670128357290192
50,500000.0,test_particle,1718,TP_917,98.48593253165126,0.011856316435360196,0.0791790399117334
50,500000.0,test_particle,1719,TP_918,94.469640908417,0.0124878938616349,0.27760184360803813
50,500000.0,test_particle,1720,TP_919,105.78016005253967,0.017174102983901412,0.17459641009758464
50,500000.0,test_particle,1721,TP_920,104.57193255823957,0.020491264956489084,0.1975371728087474
50,500000.0,test_particle,1722,TP_921,97.59845501250871,0.008462338663170435,0.26992687325531334
50,500000.0,test_particle,1723,TP_922,97.51285549861223,0.012348734486503147,0.459740073368669
50,500000.0,test_particle,1724,TP_923,100.33909550838123,0.008874616045918916,0.34378550133658625
50,500000.0,test_particle,1725,TP_924,104.11289989206651,0.010350292114193419,0.3066725285550334
50,500000.0,test_particle,1726,TP_925,102.16382081170579,0.006134414909141284,0.33257421215743405
50,500000.0,test_particle,1727,TP_926,101.4356440456751,0.019011380272008715,0.21053816172552056
50,500000.0,test_particle,1728,TP_927,100.11341749808852,0.008912708569560992,0.6019025672700958
50,500000.0,test_particle,1729,TP_928,104.69108937531526,0.01703745622411533,0.23875243104750044
50,500000.0,test_particle,1730,TP_929,97.51968737167559,0.009255469186231855,0.8570939029236374
50,500000.0,test_particle,1731,TP_930,100.36960992850273,0.01424359088109039,0.37379552821736434
50,500000.0,test_particle,1732,TP_931,101.43719743462303,0.01964602696480047,0.19473622425656212
50,500000.0,test_particle,1733,TP_932,102.04505347085158,0.008904746508995457,0.156874488910889
50,500000.0,test_particle,1734,TP_933,106.16641353061149,0.014907037933791672,0.03817567401834346
50,500000.0,test_particle,1735,TP_934,94.83808107796591,0.004566334342871108,0.1456508058227403
50,500000.0,test_particle,1736,TP_935,99.18660686501862,0.01066635866381628,0.15282134637671205
50,500000.0,test_particle,1737,TP_936,96.52021325655996,0.015254531625628193,0.2535580316636725
50,500000.0,test_particle,1738,TP_937,99.78984765810388,0.015946245288957748,0.5361127227779477
50,500000.0,test_particle,1739,TP_938,100.04786752928179,0.018245907672296204,0.2273674165296033
50,500000.0,test_particle,1740,TP_939,105.96509673472552,0.018812197007995687,0.540874952978292
50,500000.0,test_particle,1741,TP_940,99.11766812262181,0.018448326622753784,0.09767069130765084
50,500000.0,test_particle,1742,TP_941,97.04927191372252,0.007331108602395999,0.1798749652078871
50,500000.0,test_particle,1743,TP_942,96.42016055992787,0.008798147665865097,0.14087269508853525
50,500000.0,test_particle,1744,TP_943,100.74967588659162,0.017143675889044148,0.10962883575639278
50,500000.0,test_particle,1745,TP_944,100.74719358509853,0.015890304952598914,0.2868319256205376
50,500000.0,test_particle,1746,TP_945,101.12791772633652,0.010913471996367875,0.2039736455461546
50,500000.0,test_particle,1747,TP_946,98.91667570809449,0.015526157873777629,0.22781146809092928
50,500000.0,test_particle,1748,TP_947,100.42069619936882,0.0034548016994077413,0.3994813361614389
50,500000.0,test_particle,1749,TP_948,101.23236075553645,0.01764615702704843,0.1358076171390851
50,500000.0,test_particle,1750,TP_949,98.56647701184991,0.01787486406449166,0.13349976654363413
50,500000.0,test_particle,1751,TP_950,94.34020564988545,0.008838927580088673,0.23816335460883326
50,500000.0,test_particle,1752,TP_951,97.5487776279516,0.018161064150733618,0.3215099686901558
50,500000.0,test_particle,1753,TP_952,96.1383991856028,0.014314286029589363,0.18829888347185766
50,500000.0,test_particle,1754,TP_953,105.35008201676267,0.007290708406314246,0.5476125708707864
50,500000.0,test_particle,1755,TP_954,97.41710452658484,0.013050962619197764,0.16343990759014215
50,500000.0,test_particle,1756,TP_955,94.34714698337665,0.00962194080360065,0.23818216176584076
50,500000.0,test_particle,1757,TP_956,101.89159965654382,0.012456580026502908,0.2910843928537072
50,500000.0,test_particle,1758,TP_957,103.79354314339284,0.009617428852768123,0.17084626578204049
50,500000.0,test_particle,1759,TP_958,98.60771795896221,0.011870973997832383,0.5050426300100295
50,500000.0,test_particle,1760,TP_959,105.727256748089,0.01769592003930641,0.1323580023556873
50,500000.0,test_particle,1761,TP_960,99.63454158077677,0.016336764637482223,0.31725442831444417
50,500000.0,test_particle,1762,TP_961,100.959369024986,0.01976559266516338,0.31665662090622565
50,500000.0,test_particle,1763,TP_962,98.72645588697159,0.020768778184992537,0.08236475172414216
50,500000.0,test_particle,1764,TP_963,97.28036339409527,0.014913005799017725,0.6022938960455387
50,500000.0,test_particle,1765,TP_964,101.14452742832967,0.015868649102206856,0.28609773703317826
50,500000.0,test_particle,1766,TP_965,102.57233544350822,0.010382341242147824,0.23747042507610153
50,500000.0,test_particle,1767,TP_966,99.86334293830892,0.0090446405929423,0.13376013559129804
50,500000.0,test_particle,1768,TP_967,105.28567155197715,0.001858454093467512,0.2667527035379876
50,500000.0,test_particle,1769,TP_968,106.54168358732751,0.022754909725031042,0.13032970617910025
50,500000.0,test_particle,1770,TP_969,99.53721671891725,0.00826294853240446,0.5752157840876444
50,500000.0,test_particle,1771,TP_970,102.69638961636467,0.009378297855601604,0.3822432414689409
50,500000.0,test_particle,1772,TP_971,95.37750680886525,0.015025277954541585,0.35954625330151974
50,500000.0,test_particle,1773,TP_972,100.11056164806496,0.009777642441236363,0.1695313018344932
50,500000.0,test_particle,1774,TP_973,93.01531535150254,0.018916274686838076,0.15488142438354857
50,500000.0,test_particle,1775,TP_974,97.60480456812904,0.011969520254773545,0.2977899042206247
50,500000.0,test_particle,1776,TP_975,102.48530555543893,0.011294642368281017,0.20939237147859838
50,500000.0,test_particle,1777,TP_976,102.17695933712652,0.0001683334487555172,0.1376239295483338
50,500000.0,test_particle,1778,TP_977,101.59526816844713,0.016469433603274693,0.2824715317664432
50,500000.0,test_particle,1779,TP_978,98.06008304962049,0.020391474969222206,0.24744124812658894
50,500000.0,test_particle,1780,TP_979,95.59501495098091,0.026602817057558476,0.3399085786185029
50,500000.0,test_particle,1781,TP_980,103.91039659353993,0.006415172203437407,0.2933966715242838
50,500000.0,test_particle,1782,TP_981,104.24860970023781,0.009653249153045294,0.27969536574150883
50,500000.0,test_particle,1783,TP_982,98.03432526740708,0.012003701333028112,0.25140318811869317
50,500000.0,test_particle,1784,TP_983,104.29235706566868,0.01588581115773281,0.2195150621858977
50,500000.0,test_particle,1785,TP_984,106.43756369286649,0.01024912431932823,0.21115894224749088
50,500000.0,test_particle,1786,TP_985,100.85897362238788,0.020405387789945724,0.3518140389390993
50,500000.0,test_particle,1787,TP_986,106.47858366118989,0.02292130317102845,0.019279601100520134
50,500000.0,test_particle,1788,TP_987,98.3472366353449,0.0073189535309361505,0.46720866755843526
50,500000.0,test_particle,1789,TP_988,104.59976485564862,0.0017254789640743706,0.19743956509579993
50,500000.0,test_particle,1790,TP_989,102.09188476805204,0.004655622030664707,0.31009459381841903
50,500000.0,test_particle,1791,TP_990,105.55920264916371,0.001954725722523669,0.29279592398334753
50,500000.0,test_particle,1792,TP_991,104.96823329201435,0.010739707648342143,0.19904477203556112
50,500000.0,test_particle,1793,TP_992,96.45206557733415,0.015262276299516838,0.16951164732239107
50,500000.0,test_particle,1794,TP_993,100.21875925133119,0.01989813522092075,0.2876240659281032
50,500000.0,test_particle,1795,TP_994,99.14899033508746,0.01539876812266348,0.2592464274270914
50,500000.0,test_particle,1796,TP_995,97.56083899861699,0.0166695468654584,0.06903489504579852
50,500000.0,test_particle,1797,TP_996,102.04429110885637,0.01366845716387184,0.42720719796794504
50,500000.0,test_particle,1798,TP_997,95.08871274872507,0.0077031501884911886,0.3664320929159288
50,500000.0,test_particle,1799,TP_998,96.4400146273318,0.004495800394032218,0.16436070812423006
50,500000.0,test_particle,1800,TP_999,99.78701920784164,0.01526876087174482,0.39111232495559173
