snapshot,time_yr,role,particle_index,name,a_AU,e,inc_deg
0,0.0,star,0,star,,,
0,0.0,massive_planetesimal,1,MP_0,102.73956048555965,1.4044110072074693e-05,2.7467107044607688e-05
0,0.0,massive_planetesimal,2,MP_1,102.61139701990359,2.5154057769120742e-05,4.094554566467037e-06
0,0.0,massive_planetesimal,3,MP_2,101.43865120080666,2.6328371624844094e-05,1.4183953086968166e-05
0,0.0,massive_planetesimal,4,MP_3,103.27631171992583,2.0213260772015487e-05,2.426880686682541e-05
0,0.0,massive_planetesimal,5,MP_4,102.78383497073759,6.228438651521658e-06,1.4910515715604623e-05
0,0.0,massive_planetesimal,6,MP_5,102.44762155907816,3.096031143798852e-05,1.0421635496217848e-05
0,0.0,massive_planetesimal,7,MP_6,96.29921505335476,1.522255763942369e-05,7.244509618354405e-06
0,0.0,massive_planetesimal,8,MP_7,102.00265102002251,9.9957325240583e-06,2.6631716883818126e-05
0,0.0,massive_planetesimal,9,MP_8,101.82495503974978,4.472079475388414e-06,6.3890569402604e-06
0,0.0,massive_planetesimal,10,MP_9,102.0516537862634,2.4983328992970197e-05,1.4688877218970437e-05
0,0.0,massive_planetesimal,11,MP_10,101.6840296179047,1.5075078596514763e-05,1.8111274045886075e-05
0,0.0,massive_planetesimal,12,MP_11,100.59207160745409,9.726403138378433e-06,1.2074182697257333e-06
0,0.0,massive_planetesimal,13,MP_12,103.5340307326817,7.486063547552122e-06,1.9090959104164224e-06
0,0.0,massive_planetesimal,14,MP_13,100.57032152341282,2.5084742691454003e-05,2.1275929630452318e-05
0,0.0,massive_planetesimal,15,MP_14,95.22712073133854,2.8815315451784294e-06,2.313080647644551e-05
0,0.0,massive_planetesimal,16,MP_15,96.52312102713168,2.228225200267938e-05,1.4286365630539095e-05
0,0.0,massive_planetesimal,17,MP_16,98.61812610553395,2.8047974179368134e-06,3.7215130446689415e-06
0,0.0,massive_planetesimal,18,MP_17,97.65869961459518,3.1013644075056814e-05,2.4920832290610958e-05
0,0.0,massive_planetesimal,19,MP_18,95.963909621535,2.8883276689461166e-05,1.4589290462454084e-05
0,0.0,massive_planetesimal,20,MP_19,96.76772782939227,2.741165709113628e-05,2.4283820049125425e-05
0,0.0,massive_planetesimal,21,MP_20,100.84097968912737,2.0795091249604505e-05,2.561320938754782e-06
0,0.0,massive_planetesimal,22,MP_21,98.29861212332783,4.624774043371015e-06,3.306651113363206e-06
0,0.0,massive_planetesimal,23,MP_22,100.81061139700398,1.1099833744842448e-05,1.8899085298673496e-05
0,0.0,massive_planetesimal,24,MP_23,102.8273522725029,2.6473599973701596e-06,1.5556496191598024e-05
0,0.0,massive_planetesimal,25,MP_24,99.7348940105695,8.543221218648208e-06,1.0629396175241108e-05
0,0.0,massive_planetesimal,26,MP_25,103.2629192419436,2.867714469886402e-05,4.517745487845102e-06
0,0.0,massive_planetesimal,27,MP_26,97.81233783839012,2.1101524310284347e-05,2.3272184538673578e-05
0,0.0,massive_planetesimal,28,MP_27,97.30213990894879,1.1972017974976105e-06,1.7765878731478854e-05
0,0.0,massive_planetesimal,29,MP_28,98.17138892822716,3.049278064232501e-05,9.313570918021479e-06
0,0.0,massive_planetesimal,30,MP_29,96.64607817582022,1.4371398204532052e-06,1.392462677356116e-05
0,0.0,massive_planetesimal,31,MP_30,103.90792490878525,2.8590292470295167e-05,1.6599256849472397e-05
0,0.0,massive_planetesimal,32,MP_31,98.73657728873711,3.0229333778816636e-06,2.38904112723793e-05
0,0.0,massive_planetesimal,33,MP_32,96.2275793241149,2.6595605508183702e-05,4.829673078902934e-06
0,0.0,massive_planetesimal,34,MP_33,96.96434665714574,9.930357532867476e-06,2.4876918895628062e-05
0,0.0,massive_planetesimal,35,MP_34,95.13936287708204,7.348992959805344e-06,4.26886823125797e-06
0,0.0,massive_planetesimal,36,MP_35,101.9426243564289,1.859573149498912e-05,6.3890569402604e-06
0,0.0,massive_planetesimal,37,MP_36,96.31057751557312,3.9601217169455505e-06,2.9674008194930117e-05
0,0.0,massive_planetesimal,38,MP_37,101.6286421276358,3.057994422561057e-05,9.155702348202485e-06
0,0.0,massive_planetesimal,39,MP_38,101.33975111681082,3.3887169202208836e-06,4.436338000413295e-06
0,0.0,massive_planetesimal,40,MP_39,104.33023221600216,2.573954929986136e-05,1.4959322771548181e-05
0,0.0,massive_planetesimal,41,MP_40,103.29428614882727,2.549814682595322e-05,7.443026089337888e-06
0,0.0,massive_planetesimal,42,MP_41,101.03107157338725,1.3202290216797773e-05,1.198328416961092e-05
0,0.0,massive_planetesimal,43,MP_42,99.53896882076305,7.930866014848063e-06,7.588506156264597e-06
0,0.0,massive_planetesimal,44,MP_43,95.66558856955177,1.9021877240125193e-05,4.676310850554341e-06
0,0.0,massive_planetesimal,45,MP_44,104.20970472487457,5.297015127961127e-06,9.115808030550376e-06
0,0.0,massive_planetesimal,46,MP_45,95.55395409164257,5.588527069933682e-06,1.4787793334710982e-06
0,0.0,massive_planetesimal,47,MP_46,98.17991096952046,1.6144839584552177e-05,2.8005857894382053e-05
0,0.0,massive_planetesimal,48,MP_47,97.36744871104399,7.980402426666414e-06,1.8271553931657168e-05
0,0.0,massive_planetesimal,49,MP_48,100.23752948717635,3.2535008927262928e-06,2.6672741375736855e-05
0,0.0,massive_planetesimal,50,MP_49,103.43574951597758,2.8884900605657853e-05,3.1346401449249455e-05
0,0.0,massive_planetesimal,51,MP_50,102.78996354578129,4.3056706692891825e-06,1.716063790683883e-05
0,0.0,massive_planetesimal,52,MP_51,98.85089496100358,2.0466024679300175e-05,8.537736462515945e-06
0,0.0,massive_planetesimal,53,MP_52,97.32569940528872,1.1760377923579901e-05,1.1737447080919157e-05
0,0.0,massive_planetesimal,54,MP_53,97.96876474571286,3.0363453654943462e-05,2.9315658079272248e-05
0,0.0,massive_planetesimal,55,MP_54,103.48560488773624,2.088279489786567e-05,2.5740956860258367e-05
0,0.0,massive_planetesimal,56,MP_55,102.34893162310291,6.476946979973121e-06,2.2230927998283902e-05
0,0.0,massive_planetesimal,57,MP_56,95.95095748229937,2.3222900104706013e-05,2.699869328381916e-06
0,0.0,massive_planetesimal,58,MP_57,103.00884176085103,1.899782414284945e-05,2.5037558139104298e-05
0,0.0,massive_planetesimal,59,MP_58,100.90075895358312,3.041574321903102e-06,1.971089523601067e-05
0,0.0,massive_planetesimal,60,MP_59,99.6598515298123,1.6724216816215675e-05,2.4448356591142834e-05
0,0.0,massive_planetesimal,61,MP_60,104.31236235690102,3.8314748321178086e-06,3.6222548091772e-06
0,0.0,massive_planetesimal,62,MP_61,102.74321416141845,2.1479405225772956e-05,1.0697753125226707e-05
0,0.0,massive_planetesimal,63,MP_62,98.6419201777206,1.0062079366022566e-05,5.0509930079323e-06
0,0.0,massive_planetesimal,64,MP_63,98.83319822777403,2.3349942678149685e-05,1.7683628851157155e-05
0,0.0,massive_planetesimal,65,MP_64,98.76359473480827,3.157220943764362e-05,2.2972699315936647e-05
0,0.0,massive_planetesimal,66,MP_65,101.3707388399121,3.901493706613264e-06,1.8841142131235978e-05
0,0.0,massive_planetesimal,67,MP_66,103.25399511196318,9.451488810911301e-06,1.4688877218970437e-05
0,0.0,massive_planetesimal,68,MP_67,102.81294035431519,3.538829151838751e-06,3.189961593642046e-05
0,0.0,massive_planetesimal,69,MP_68,96.0641953187138,3.197135137515259e-05,2.1310162845882393e-05
0,0.0,massive_planetesimal,70,MP_69,95.28999503204466,7.70649785711975e-06,4.517745487845102e-06
0,0.0,massive_planetesimal,71,MP_70,101.56269039327489,1.1572067359530591e-06,0.0
0,0.0,massive_planetesimal,72,MP_71,97.3855282062739,2.718108297354139e-05,1.9090959104164224e-06
0,0.0,massive_planetesimal,73,MP_72,101.98120783978642,2.6815366996646336e-05,1.2074182697257333e-06
0,0.0,massive_planetesimal,74,MP_73,102.45188128328846,2.016037902663131e-05,2.722721505217398e-05
0,0.0,massive_planetesimal,75,MP_74,97.70758751317803,2.2716950312615754e-05,3.136964683727848e-05
0,0.0,massive_planetesimal,76,MP_75,95.42350551580164,2.829266276369504e-05,2.270139012036184e-05
0,0.0,massive_planetesimal,77,MP_76,104.80027179554199,1.4673940558799034e-05,2.5095717469822675e-05
0,0.0,massive_planetesimal,78,MP_77,104.46024453558098,9.642964240669127e-06,1.850937158160324e-05
0,0.0,massive_planetesimal,79,MP_78,96.48438989920065,1.6267287630576524e-05,1.2948118433879161e-05
0,0.0,massive_planetesimal,80,MP_79,97.78075545781259,9.750547320232374e-06,1.3713635377634418e-05
0,0.0,massive_planetesimal,81,MP_80,99.08783109428698,6.964112854337018e-06,1.8841142131235978e-05
0,0.0,massive_planetesimal,82,MP_81,99.74132675090166,7.21897178285718e-06,1.8311404696405027e-05
0,0.0,massive_planetesimal,83,MP_82,101.5243305652103,1.0118852858437188e-05,2.5197173281906035e-05
0,0.0,massive_planetesimal,84,MP_83,98.60657334450259,1.640765582699826e-05,2.356786440354151e-05
0,0.0,massive_planetesimal,85,MP_84,100.20275114740572,2.5595853144441725e-05,1.0029569411827041e-05
0,0.0,massive_planetesimal,86,MP_85,95.72059147072943,2.6943782753343993e-05,1.7075472925031877e-06
0,0.0,massive_planetesimal,87,MP_86,98.13893369801993,2.376616213499782e-05,8.537736462515939e-07
0,0.0,massive_planetesimal,88,MP_87,96.53612899060639,1.922689305455783e-05,3.818191820832846e-06
0,0.0,massive_planetesimal,89,MP_88,102.72104891354593,9.95076831729009e-06,2.2000207897163392e-05
0,0.0,massive_planetesimal,90,MP_89,95.10727644975674,6.6898450750855385e-06,1.6817390473705895e-05
0,0.0,massive_planetesimal,91,MP_90,104.89133002683603,1.7791021696979177e-05,2.6849789854007865e-05
0,0.0,massive_planetesimal,92,MP_91,98.92572715841926,2.5615770769070927e-06,2.4163453409354298e-05
0,0.0,massive_planetesimal,93,MP_92,96.80926652230869,2.9027315908972482e-05,1.4787793334710982e-06
0,0.0,massive_planetesimal,94,MP_93,100.86445173014795,1.5785279227202035e-05,2.699869328381916e-06
0,0.0,massive_planetesimal,95,MP_94,101.49149050134271,2.144650417158125e-05,2.4418523320004626e-05
0,0.0,massive_planetesimal,96,MP_95,98.3845648329733,2.7023323944893295e-05,1.5462498375200197e-05
0,0.0,massive_planetesimal,97,MP_96,104.0955224387134,1.878796609793242e-05,2.7213825715218644e-05
0,0.0,massive_planetesimal,98,MP_97,96.04979715896073,1.2753680214401274e-05,2.9352931658318245e-05
0,0.0,massive_planetesimal,99,MP_98,96.9160300966271,7.943402171015241e-07,2.9661723363853052e-05
0,0.0,massive_planetesimal,100,MP_99,95.07314456293011,8.896707411463144e-06,2.2491710265994076e-05
0,0.0,massive_planetesimal,101,MP_100,99.77505873627729,2.436584202181879e-05,2.8902476314888416e-05
0,0.0,massive_planetesimal,102,MP_101,103.66801438261932,3.6513302777308346e-06,2.3428270691461952e-05
0,0.0,massive_planetesimal,103,MP_102,104.69815116705567,3.150649860594825e-05,9.234973977599935e-06
0,0.0,massive_planetesimal,104,MP_103,96.23869774864222,1.3103027288816602e-06,2.4862263861133457e-05
0,0.0,massive_planetesimal,105,MP_104,104.77916979073835,1.3170432070067776e-05,2.5413214731393306e-05
0,0.0,massive_planetesimal,106,MP_105,104.2470166721988,2.6322658899426858e-05,1.2074182697257333e-06
0,0.0,massive_planetesimal,107,MP_106,101.75305628667482,2.282426228193244e-05,2.4759435741296416e-05
0,0.0,massive_planetesimal,108,MP_107,95.48963709823282,7.505124813732546e-06,1.98949412011025e-05
0,0.0,massive_planetesimal,109,MP_108,101.77287399364398,9.474332521007597e-07,1.2835032264144346e-05
0,0.0,massive_planetesimal,110,MP_109,103.52781129631919,1.1137005548817713e-05,2.7294063213316153e-05
0,0.0,massive_planetesimal,111,MP_110,97.74825050755068,2.8369841989387537e-05,5.9764155237611605e-06
0,0.0,massive_planetesimal,112,MP_111,103.07431605976282,3.195978784209975e-05,9.468807791963592e-06
0,0.0,massive_planetesimal,113,MP_112,104.97580037262912,2.2428192324028064e-05,1.9071858590023166e-05
0,0.0,massive_planetesimal,114,MP_113,96.34366913313063,1.1692110822365708e-05,2.091309789151873e-06
0,0.0,massive_planetesimal,115,MP_114,101.34540264951798,1.0985358796104551e-05,1.3472320895799749e-05
0,0.0,massive_planetesimal,116,MP_115,97.84540875111821,2.870389756114322e-05,7.491833340751661e-06
0,0.0,massive_planetesimal,117,MP_116,102.42317949417973,1.8903833413348254e-05,2.0913097891518843e-05
0,0.0,massive_planetesimal,118,MP_117,96.55441564083416,2.797805968914031e-05,9.075738350724584e-06
0,0.0,massive_planetesimal,119,MP_118,99.38386258584191,1.5240233874647767e-05,3.1830989935233354e-05
0,0.0,massive_planetesimal,120,MP_119,102.87589836229331,5.925739037920218e-06,1.7990127040434818e-05
0,0.0,massive_planetesimal,121,MP_120,100.12732064300116,1.3855119772061982e-05,1.2074182697257333e-06
0,0.0,massive_planetesimal,122,MP_121,97.46066611504939,2.0969738855438464e-06,1.4564287375591707e-05
0,0.0,massive_planetesimal,123,MP_122,96.11600368249219,1.2304140095708869e-05,1.9090959104164224e-06
0,0.0,massive_planetesimal,124,MP_123,98.94125777178103,1.3331508258738653e-05,0.0
0,0.0,massive_planetesimal,125,MP_124,100.0816735581287,1.566406420793153e-05,1.0663629423853027e-05
0,0.0,massive_planetesimal,126,MP_125,97.60348543415255,1.0319694110933983e-05,7.73124918760008e-06
0,0.0,massive_planetesimal,127,MP_126,98.30735742054868,2.9772307762798606e-05,1.4787793334710982e-06
0,0.0,massive_planetesimal,128,MP_127,95.47374020005488,4.422571892698143e-06,2.94025562612171e-05
0,0.0,massive_planetesimal,129,MP_128,96.10629467562205,1.984477717228544e-05,7.73124918760008e-06
0,0.0,massive_planetesimal,130,MP_129,95.04741392911876,2.7307822699116024e-05,1.980313203006426e-05
0,0.0,massive_planetesimal,131,MP_130,97.54263483754154,2.9401397789009145e-05,1.45392412910642e-05
0,0.0,massive_planetesimal,132,MP_131,103.13159345820112,1.0188771770460876e-05,2.5584734437791434e-05
0,0.0,massive_planetesimal,133,MP_132,98.1763563436356,2.499468578572914e-06,8.537736462515939e-07
0,0.0,massive_planetesimal,134,MP_133,102.25183320850864,2.2658919542154283e-05,2.362964134936995e-05
0,0.0,massive_planetesimal,135,MP_134,96.26026341746622,4.59899716627074e-06,2.218169000206661e-05
0,0.0,massive_planetesimal,136,MP_135,95.04007604733339,5.305536605741527e-07,3.1773688376733324e-05
0,0.0,massive_planetesimal,137,MP_136,103.8038030012769,1.715841321968518e-05,1.9913252241518953e-05
0,0.0,massive_planetesimal,138,MP_137,97.94755193202764,2.1235873493289377e-05,2.6768220683679767e-05
0,0.0,massive_planetesimal,139,MP_138,103.73888497903799,8.117264210023663e-06,1.9543772052848047e-05
0,0.0,massive_planetesimal,140,MP_139,102.25769634715428,1.8142009450521397e-05,2.426880686682541e-05
0,0.0,massive_planetesimal,141,MP_140,95.12469877941214,2.547291380202598e-05,1.6643112294063987e-05
0,0.0,massive_planetesimal,142,MP_141,98.95007240040552,2.1842611142725668e-05,4.829673078902934e-06
0,0.0,massive_planetesimal,143,MP_142,103.58982860557705,2.9202647812124967e-05,6.776618231767655e-06
0,0.0,massive_planetesimal,144,MP_143,98.79052695037305,1.6544623579017357e-05,2.3737364141224494e-05
0,0.0,massive_planetesimal,145,MP_144,96.04615096804774,2.892714530804167e-05,2.7704921932800045e-05
0,0.0,massive_planetesimal,146,MP_145,102.43600365107653,7.404830268948181e-07,3.1346401449249455e-05
0,0.0,massive_planetesimal,147,MP_146,98.94629888150085,1.021223963490031e-05,1.9487745835180195e-05
0,0.0,massive_planetesimal,148,MP_147,104.353813695665,1.4964488212170299e-05,6.273929367455621e-06
0,0.0,massive_planetesimal,149,MP_148,96.62871500554552,2.190598634845581e-05,1.0866764427531615e-05
0,0.0,massive_planetesimal,150,MP_149,102.53504563000251,2.8193153661881436e-05,8.913658556096819e-06
0,0.0,massive_planetesimal,151,MP_150,99.68416641246765,8.302074875601775e-06,1.4787793334710982e-06
0,0.0,massive_planetesimal,152,MP_151,99.95506556628615,3.5421463689168437e-06,8.099607985145754e-06
0,0.0,massive_planetesimal,153,MP_152,104.01641853566441,3.150619546404391e-05,3.1416086014201565e-05
0,0.0,massive_planetesimal,154,MP_153,98.04466526476031,1.76927441302964e-05,3.078324659199975e-06
0,0.0,massive_planetesimal,155,MP_154,96.65311323367284,8.104175180810417e-06,5.122641877509565e-06
0,0.0,massive_planetesimal,156,MP_155,97.96032862910027,1.1880084386867678e-05,1.2976235988020372e-05
0,0.0,massive_planetesimal,157,MP_156,104.41538856738096,3.86097079817262e-06,2.867459515372585e-05
0,0.0,massive_planetesimal,158,MP_157,96.79492072346092,1.32341738020718e-05,1.4388049231413678e-05
0,0.0,massive_planetesimal,159,MP_158,103.74575139855571,1.0858308663792401e-05,1.698988104306101e-05
0,0.0,massive_planetesimal,160,MP_159,104.40019010807511,2.8415642515693653e-05,2.4876918895628062e-05
0,0.0,massive_planetesimal,161,MP_160,100.3656801357709,1.3906018710281144e-05,4.182619578303747e-06
0,0.0,massive_planetesimal,162,MP_161,104.53205524905191,5.234460086750811e-06,1.774535200165325e-05
0,0.0,massive_planetesimal,163,MP_162,96.1895331074021,2.9339149044098293e-05,1.0280796110218938e-05
0,0.0,massive_planetesimal,164,MP_163,100.31886091346068,5.991646227830388e-06,3.1635741176608346e-05
0,0.0,massive_planetesimal,165,MP_164,96.52877122126328,2.9461307464525097e-05,1.0933637455190016e-05
0,0.0,massive_planetesimal,166,MP_165,101.22708744988208,2.4026834711758826e-05,2.539886913909499e-05
0,0.0,massive_planetesimal,167,MP_166,101.39013649264159,7.388072307076762e-08,3.178515695259018e-05
0,0.0,massive_planetesimal,168,MP_167,96.2903005718204,4.874454725098433e-06,2.0240018397643986e-05
0,0.0,massive_planetesimal,169,MP_168,102.26180128383898,1.475518176471225e-05,2.1103930611372405e-05
0,0.0,massive_planetesimal,170,MP_169,98.42713642754948,5.671536040568685e-06,2.1699963539503996e-05
0,0.0,massive_planetesimal,171,MP_170,103.92487689687326,2.3987795805528913e-05,3.1750738797446756e-05
0,0.0,massive_planetesimal,172,MP_171,104.47535599665996,1.1722735633800803e-05,2.3614212264245028e-05
0,0.0,massive_planetesimal,173,MP_172,100.08934151751349,2.9026762461381856e-05,1.3418106104862006e-05
0,0.0,massive_planetesimal,174,MP_173,99.4005010823355,4.0258245862368945e-06,2.9575586669421963e-06
0,0.0,massive_planetesimal,175,MP_174,95.19766445342682,1.0449498965424235e-05,6.331754823653221e-06
0,0.0,massive_planetesimal,176,MP_175,101.67849158847983,4.139609710922214e-06,8.79013768592829e-06
0,0.0,massive_planetesimal,177,MP_176,104.10326910185253,6.480717053550372e-06,1.735073077195706e-05
0,0.0,massive_planetesimal,178,MP_177,97.55106931027386,2.001530102106439e-05,1.024528375501914e-05
0,0.0,massive_planetesimal,179,MP_178,95.2322758234676,1.2801966276551943e-05,2.8005857894382053e-05
0,0.0,massive_planetesimal,180,MP_179,103.53984376147234,1.0310901562023077e-05,1.7413633929712632e-05
0,0.0,massive_planetesimal,181,MP_180,97.44205000765886,2.9205498728295372e-05,2.9563260939914524e-05
0,0.0,massive_planetesimal,182,MP_181,102.64667228562007,2.4402882942436166e-05,1.5391623295999922e-05
0,0.0,massive_planetesimal,183,MP_182,97.89320136102336,8.24986911047921e-06,1.8763606237962374e-05
0,0.0,massive_planetesimal,184,MP_183,103.60569919294372,5.366384629313744e-06,0.0
0,0.0,massive_planetesimal,185,MP_184,96.38329070116038,2.4778748837716193e-05,3.7215130446689415e-06
0,0.0,massive_planetesimal,186,MP_185,96.5396358257763,1.3529610641667953e-05,1.9821527883571205e-05
0,0.0,massive_planetesimal,187,MP_186,96.37997517347911,2.530361516500228e-05,8.664856156940838e-06
0,0.0,massive_planetesimal,188,MP_187,103.32529284924009,5.643404160329026e-06,1.3553236463535334e-05
0,0.0,massive_planetesimal,189,MP_188,101.5268673486925,3.174534417686342e-05,3.197949347573169e-05
0,0.0,massive_planetesimal,190,MP_189,104.76664078216587,1.018644440404157e-05,1.4763126439582163e-05
0,0.0,massive_planetesimal,191,MP_190,98.53337695068461,2.5198843988464814e-05,2.6631716883818126e-05
0,0.0,massive_planetesimal,192,MP_191,102.48820779667045,2.5644461882639104e-05,1.571963993965638e-05
0,0.0,massive_planetesimal,193,MP_192,95.96095232971874,4.912816705348913e-06,1.7075472925031942e-05
0,0.0,massive_planetesimal,194,MP_193,99.3631665969426,2.4787964201258547e-05,1.2074182697257333e-06
0,0.0,massive_planetesimal,195,MP_194,96.46863734821407,2.7545631155845545e-05,2.634275661277943e-05
0,0.0,massive_planetesimal,196,MP_195,98.94481517938756,2.360952179540283e-05,8.233494873389921e-06
0,0.0,massive_planetesimal,197,MP_196,99.64679637857331,1.1772938887096651e-05,6.9884384818971375e-06
0,0.0,massive_planetesimal,198,MP_197,95.8598235011094,5.641323680449736e-06,5.663293681020318e-06
0,0.0,massive_planetesimal,199,MP_198,96.3721125779061,2.0913274422020597e-05,1.4337297576862813e-05
0,0.0,massive_planetesimal,200,MP_199,103.72858958774178,6.153621729125013e-06,7.091976543484069e-06
0,0.0,massive_planetesimal,201,MP_200,100.66420650809646,1.7629080591794448e-05,2.650826247094554e-05
0,0.0,massive_planetesimal,202,MP_201,101.0155845245601,1.555814641977977e-05,8.321556147031972e-06
0,0.0,massive_planetesimal,203,MP_202,100.6122306789004,1.233182338765419e-05,8.706816964856289e-06
0,0.0,massive_planetesimal,204,MP_203,101.76652382509648,2.1145347488456054e-06,0.0
0,0.0,massive_planetesimal,205,MP_204,96.71960351937024,2.848844677841543e-05,1.5032236230862699e-05
0,0.0,massive_planetesimal,206,MP_205,97.15178274628713,1.8744682404654362e-05,6.273929367455621e-06
0,0.0,massive_planetesimal,207,MP_206,97.0698515964084,1.3527489096900875e-05,5.663293681020318e-06
0,0.0,massive_planetesimal,208,MP_207,98.60758686518254,1.768653104099181e-06,1.1454575462498553e-05
0,0.0,massive_planetesimal,209,MP_208,103.8836545306284,2.9749331869357613e-05,3.1945284701301985e-06
0,0.0,massive_planetesimal,210,MP_209,96.2196896420963,2.727623417434576e-05,2.4148365394514843e-05
0,0.0,massive_planetesimal,211,MP_210,95.44175102944165,1.2840478853971777e-05,1.03514553342977e-05
0,0.0,massive_planetesimal,212,MP_211,96.70341193658517,3.1316292605077134e-05,1.5949807968210074e-05
0,0.0,massive_planetesimal,213,MP_212,98.97525024554996,1.871208648989712e-05,4.182619578303747e-06
0,0.0,massive_planetesimal,214,MP_213,103.66144606331027,1.8858597315797218e-05,1.1486349657968266e-05
0,0.0,massive_planetesimal,215,MP_214,104.26769391488995,2.984894782900032e-05,1.2518779069552075e-05
0,0.0,massive_planetesimal,216,MP_215,99.61817911449748,2.108010911401201e-05,1.774535200165325e-05
0,0.0,massive_planetesimal,217,MP_216,95.94639768249385,5.3140042376422325e-06,2.313080647644551e-05
0,0.0,massive_planetesimal,218,MP_217,102.55539542473429,8.237515594889577e-06,2.6466983033799646e-05
0,0.0,massive_planetesimal,219,MP_218,95.52575990323056,3.0256636512842955e-05,1.2576871163780067e-05
0,0.0,massive_planetesimal,220,MP_219,95.3854199932344,2.1773401781670373e-05,1.8010374798155028e-05
0,0.0,massive_planetesimal,221,MP_220,99.96417482439304,1.4904238091188204e-05,0.0
0,0.0,massive_planetesimal,222,MP_221,98.7306058755805,1.8082493140354494e-05,8.664856156940838e-06
0,0.0,massive_planetesimal,223,MP_222,100.3648792375225,3.089331051132892e-05,3.0830569058971685e-05
0,0.0,massive_planetesimal,224,MP_223,103.78147424655538,1.1982845966430647e-05,3.1945284701301985e-06
0,0.0,massive_planetesimal,225,MP_224,104.8214429631784,1.9430765775425322e-05,1.3633671807462767e-05
0,0.0,massive_planetesimal,226,MP_225,102.94750558417559,2.6806939461088252e-05,9.075738350724584e-06
0,0.0,massive_planetesimal,227,MP_226,100.20457443767228,1.4837622869853841e-05,2.208288465562367e-05
0,0.0,massive_planetesimal,228,MP_227,101.18714778169642,1.2830403158917676e-06,1.4763126439582163e-05
0,0.0,massive_planetesimal,229,MP_228,96.88474303012312,1.1012514498254424e-05,3.078324659199975e-06
0,0.0,massive_planetesimal,230,MP_229,104.7441712310884,2.5835289606712752e-06,2.082577768596124e-05
0,0.0,massive_planetesimal,231,MP_230,99.31076357637947,1.1487643528079e-06,1.7118108379478336e-05
0,0.0,massive_planetesimal,232,MP_231,102.05797003629488,9.656475734344905e-06,2.8889863407320775e-05
0,0.0,massive_planetesimal,233,MP_232,96.17504382252599,1.9143787940082084e-06,2.6713702866020766e-05
0,0.0,massive_planetesimal,234,MP_233,100.6744811354933,1.271146564690464e-05,1.4235251457258534e-05
0,0.0,massive_planetesimal,235,MP_234,96.89363491672847,9.153513658990046e-06,3.086601329645802e-05
0,0.0,massive_planetesimal,236,MP_235,103.30019179159032,3.122872129178328e-05,2.694464179159968e-05
0,0.0,massive_planetesimal,237,MP_236,100.45675694081051,1.739185904249838e-05,2.876343013799492e-05
0,0.0,massive_planetesimal,238,MP_237,99.56403857901842,1.236292663075364e-05,1.1581149199548762e-05
0,0.0,massive_planetesimal,239,MP_238,102.7986984387231,1.4274332573366911e-05,2.978434366079071e-05
0,0.0,massive_planetesimal,240,MP_239,97.0581979301301,3.1223552780508923e-05,6.9884384818971375e-06
0,0.0,massive_planetesimal,241,MP_240,97.36360435383548,1.5717645995188116e-06,4.90455619685548e-06
0,0.0,massive_planetesimal,242,MP_241,104.12448796295645,1.7191004278224122e-05,2.000455603180256e-05
0,0.0,massive_planetesimal,243,MP_242,103.64136829192724,3.0362979424154814e-05,1.1131846416284069e-05
0,0.0,massive_planetesimal,244,MP_243,104.45693651824473,1.2105914315813888e-05,2.4670956235889678e-05
0,0.0,massive_planetesimal,245,MP_244,101.5319188502282,2.153130862983161e-05,1.392462677356116e-05
0,0.0,massive_planetesimal,246,MP_245,104.3666969186512,6.012914529658976e-06,3.4150945850063763e-06
0,0.0,massive_planetesimal,247,MP_246,99.36667489338836,3.1834076570410786e-05,1.5556496191598024e-05
0,0.0,massive_planetesimal,248,MP_247,100.9295663114962,7.294968710732513e-06,2.0401438912201045e-05
0,0.0,massive_planetesimal,249,MP_248,103.9675537159069,1.521795754329744e-05,2.091309789151873e-06
0,0.0,massive_planetesimal,250,MP_249,99.28169863508874,2.041397581563076e-05,2.7400681053666684e-05
0,0.0,massive_planetesimal,251,MP_250,101.71854188614066,3.07387828001979e-05,1.186100256021862e-05
0,0.0,massive_planetesimal,252,MP_251,102.36573093115737,1.4710702862672101e-05,6.883343194785022e-06
0,0.0,massive_planetesimal,253,MP_252,101.26824982784208,2.3912633606148075e-05,2.8636438656246633e-05
0,0.0,massive_planetesimal,254,MP_253,96.5442308802214,6.325343432301582e-06,9.313570918021479e-06
0,0.0,massive_planetesimal,255,MP_254,102.08157553842639,5.605778171279619e-06,1.142271288210643e-05
0,0.0,massive_planetesimal,256,MP_255,98.08333203952841,4.072838346671898e-06,1.7621689505503623e-05
0,0.0,massive_planetesimal,257,MP_256,102.82211195267796,2.393568412650813e-05,2.6078557602338607e-05
0,0.0,massive_planetesimal,258,MP_257,98.60810561417514,5.643378445639579e-06,1.4959322771548181e-05
0,0.0,massive_planetesimal,259,MP_258,98.13846772111643,8.729738564985305e-06,4.182619578303747e-06
0,0.0,massive_planetesimal,260,MP_259,97.3599726262055,2.4420975674136433e-05,2.9759860020269187e-05
0,0.0,massive_planetesimal,261,MP_260,104.98829637333657,1.9632527511575512e-05,2.8457698550067317e-05
0,0.0,massive_planetesimal,262,MP_261,95.811540004239,5.05777774032725e-07,1.52966123677706e-05
0,0.0,massive_planetesimal,263,MP_262,100.52162703304431,2.677161731322815e-05,3.4150945850063763e-06
0,0.0,massive_planetesimal,264,MP_263,104.94824213620872,2.7933184524495888e-05,2.8470502914517292e-05
0,0.0,massive_planetesimal,265,MP_264,101.06299398192718,3.0041771334732427e-05,1.1033187042674263e-05
0,0.0,massive_planetesimal,266,MP_265,96.95185529818662,1.854251024994185e-06,3.037802939324305e-05
0,0.0,massive_planetesimal,267,MP_266,96.91921161411082,5.614791890286877e-06,2.598054388470835e-05
0,0.0,massive_planetesimal,268,MP_267,101.77708614454473,2.606316403293147e-05,7.540324677666867e-06
0,0.0,massive_planetesimal,269,MP_268,99.29957049900048,1.3840498983816771e-05,8.099607985145754e-06
0,0.0,massive_planetesimal,270,MP_269,103.35125791080728,6.818397900466271e-06,0.0
0,0.0,massive_planetesimal,271,MP_270,97.07998073708457,1.6605268559777008e-05,2.5924369670044465e-05
0,0.0,massive_planetesimal,272,MP_271,98.71543208406366,6.042765455386158e-06,6.2155659652833185e-06
0,0.0,massive_planetesimal,273,MP_272,101.4225241856799,2.2092862544475874e-05,3.145087039763466e-05
0,0.0,massive_planetesimal,274,MP_273,97.45875587005057,2.3354087881596203e-05,2.4148365394514843e-05
0,0.0,massive_planetesimal,275,MP_274,96.8537527280249,1.4842499535004396e-05,9.2743557084027e-06
0,0.0,massive_planetesimal,276,MP_275,97.6603087262167,8.772300597920094e-06,8.18910913293408e-06
0,0.0,massive_planetesimal,277,MP_276,97.24689474545876,2.7093473616095455e-05,1.277811388052082e-05
0,0.0,massive_planetesimal,278,MP_277,102.82905274171723,6.7499004316271025e-06,2.9352931658318245e-05
0,0.0,massive_planetesimal,279,MP_278,95.50535988650063,2.7757553263781237e-05,9.77188602642399e-06
0,0.0,massive_planetesimal,280,MP_279,102.80838354519051,3.0032366686497152e-05,2.330348540626799e-05
0,0.0,massive_planetesimal,281,MP_280,102.44770927816755,2.6256190203734206e-05,2.398177073107052e-05
0,0.0,massive_planetesimal,282,MP_281,100.02874936980355,1.6168861513427114e-05,1.866623346736378e-05
0,0.0,massive_planetesimal,283,MP_282,97.46725053479474,2.3568742966429206e-05,2.1699963539503996e-05
0,0.0,massive_planetesimal,284,MP_283,104.60626285628828,2.3098762631684693e-05,2.9365345670993478e-05
0,0.0,massive_planetesimal,285,MP_284,99.73932737638081,3.157211989969241e-05,2.9575586669421963e-06
0,0.0,massive_planetesimal,286,MP_285,102.87792850638871,1.2249061208868058e-05,3.135802629721045e-05
0,0.0,massive_planetesimal,287,MP_286,98.3685654383327,1.9403610887045292e-05,2.106936231525657e-05
0,0.0,massive_planetesimal,288,MP_287,102.11917810588578,1.803274358291211e-05,1.585814164606441e-05
0,0.0,massive_planetesimal,289,MP_288,95.30892837036026,1.26859595316837e-05,3.0245767406157296e-05
0,0.0,massive_planetesimal,290,MP_289,103.66608832153666,2.3874175326669234e-05,2.8342198958711723e-05
0,0.0,massive_planetesimal,291,MP_290,97.45699742994971,7.3838817689573154e-06,8.537736462515939e-07
0,0.0,massive_planetesimal,292,MP_291,102.43994722694994,1.7011613398329187e-05,1.5248884911748957e-05
0,0.0,massive_planetesimal,293,MP_292,103.88058695014867,2.597607587905773e-05,1.1197136397927998e-05
0,0.0,massive_planetesimal,294,MP_293,104.02892687630285,2.950072020801869e-05,1.059505231752994e-05
0,0.0,massive_planetesimal,295,MP_294,96.20110630101382,2.281745093785899e-06,3.167028430738275e-05
0,0.0,massive_planetesimal,296,MP_295,100.80240216742946,2.478135054596332e-05,2.0185924710546847e-05
0,0.0,massive_planetesimal,297,MP_296,102.12749693761306,1.4316568057420747e-05,1.1066171232981577e-05
0,0.0,massive_planetesimal,298,MP_297,97.60703781335948,4.913009482622003e-06,7.871404088081626e-06
0,0.0,massive_planetesimal,299,MP_298,103.56409630655743,2.4878293415738506e-06,2.447815350237319e-05
0,0.0,massive_planetesimal,300,MP_299,104.09796622733231,9.440614678892302e-06,1.8171544675186196e-05
0,0.0,massive_planetesimal,301,MP_300,101.10335388790187,1.9953483828370082e-05,4.26886823125797e-06
0,0.0,massive_planetesimal,302,MP_301,95.74070552738715,1.429884295680925e-05,1.3088102160853195e-05
0,0.0,massive_planetesimal,303,MP_302,102.4290630985808,7.585986463656986e-06,2.654947772641942e-05
0,0.0,massive_planetesimal,304,MP_303,99.99194225422222,1.9831020460213324e-05,2.969856261220141e-05
0,0.0,massive_planetesimal,305,MP_304,102.37515137297714,2.2992107364815784e-06,1.6489107943111647e-05
0,0.0,massive_planetesimal,306,MP_305,99.68320534694331,3.079039963308168e-05,1.4438622495364691e-05
0,0.0,massive_planetesimal,307,MP_306,95.00568129258946,1.3822261151904166e-05,2.461179318613434e-05
0,0.0,massive_planetesimal,308,MP_307,96.54283125413484,3.011444111197135e-05,5.3318147119265075e-06
0,0.0,massive_planetesimal,309,MP_308,99.12258596464075,2.4308577673920853e-05,7.393896667355496e-06
0,0.0,massive_planetesimal,310,MP_309,103.49730191401228,3.196251555056247e-05,7.143182815269534e-06
0,0.0,massive_planetesimal,311,MP_310,100.8244474153938,3.1792720740627746e-05,3.1693292145003206e-05
0,0.0,massive_planetesimal,312,MP_311,104.32933458453508,6.523540074277779e-06,1.6925403083538737e-05
0,0.0,massive_planetesimal,313,MP_312,104.85621101512014,3.15214942949613e-05,2.9003182112398563e-05
0,0.0,massive_planetesimal,314,MP_313,100.47282841204881,1.794487598597575e-05,1.6176701413239816e-05
0,0.0,massive_planetesimal,315,MP_314,98.33549926478348,1.0581663902865144e-05,4.094554566467037e-06
0,0.0,massive_planetesimal,316,MP_315,97.27867786552835,2.429891520076951e-05,1.7724801500257912e-05
0,0.0,massive_planetesimal,317,MP_316,101.55872860982838,8.800993299906017e-06,2.091309789151873e-06
0,0.0,massive_planetesimal,318,MP_317,103.48792113136086,4.972707815936178e-06,1.9412792688854636e-05
0,0.0,massive_planetesimal,319,MP_318,103.02752250212221,2.8577679511972614e-05,0.0
0,0.0,massive_planetesimal,320,MP_319,96.50039578248213,6.4892944836669515e-06,2.1121193543184415e-05
0,0.0,massive_planetesimal,321,MP_320,99.94063603661776,9.608701188586825e-06,1.5272767283331427e-05
0,0.0,massive_planetesimal,322,MP_321,98.52212493565128,2.2765099126580147e-05,0.0
0,0.0,massive_planetesimal,323,MP_322,102.7664843588872,2.593663090091142e-05,2.2781522350186147e-05
0,0.0,massive_planetesimal,324,MP_323,97.45566038809451,1.3616581648492025e-06,7.143182815269534e-06
0,0.0,massive_planetesimal,325,MP_324,103.24415542683495,2.962197339976979e-05,6.445849674396954e-06
0,0.0,massive_planetesimal,326,MP_325,104.51928790080908,3.856596163803733e-07,2.4403593007804733e-05
0,0.0,massive_planetesimal,327,MP_326,100.50323505697637,2.500996476480367e-06,2.71870272589746e-05
0,0.0,massive_planetesimal,328,MP_327,100.71841976521112,4.914552930868714e-06,2.367586827588284e-05
0,0.0,massive_planetesimal,329,MP_328,99.72468677564483,1.631457171402757e-05,9.993164321055812e-06
0,0.0,massive_planetesimal,330,MP_329,96.7480738623301,7.026546950637604e-06,1.4837004097464935e-05
0,0.0,massive_planetesimal,331,MP_330,103.59561133418896,1.2102416736066022e-05,2.7253973992344617e-05
0,0.0,massive_planetesimal,332,MP_331,97.57894009147799,2.217365089862717e-05,3.158962491130937e-05
0,0.0,massive_planetesimal,333,MP_332,98.39735947749027,2.279823275882998e-06,1.5201007603895785e-05
0,0.0,massive_planetesimal,334,MP_333,103.45699400646969,1.664230119252453e-05,2.6958164824717834e-05
0,0.0,massive_planetesimal,335,MP_334,96.15898865319254,2.8322975623158275e-05,1.567320072462458e-05
0,0.0,massive_planetesimal,336,MP_335,95.47372506729492,9.171000476859079e-06,4.517745487845102e-06
0,0.0,massive_planetesimal,337,MP_336,97.79636329102533,1.025394860247821e-06,1.9655345397318433e-05
0,0.0,massive_planetesimal,338,MP_337,95.1377735529405,7.945415932237971e-06,1.4589290462454084e-05
0,0.0,massive_planetesimal,339,MP_338,100.30441179603069,1.899249895878262e-05,0.0
0,0.0,massive_planetesimal,340,MP_339,96.00287398495244,2.505025810067563e-05,3.0161298710667795e-05
0,0.0,massive_planetesimal,341,MP_340,97.84807588649895,2.520177871614327e-05,2.0240018397643986e-05
0,0.0,massive_planetesimal,342,MP_341,99.44937761027,1.7503609202090915e-05,4.7536104815230715e-06
0,0.0,massive_planetesimal,343,MP_342,99.52507931524381,2.696494789511285e-05,1.03514553342977e-05
0,0.0,massive_planetesimal,344,MP_343,96.30921312146504,1.655087733609847e-06,3.0245767406157296e-05
0,0.0,massive_planetesimal,345,MP_344,99.23655120550599,2.976337661626946e-05,1.6086328072527303e-05
0,0.0,massive_planetesimal,346,MP_345,103.59530791809313,1.434407534659441e-05,8.954453545231656e-06
0,0.0,massive_planetesimal,347,MP_346,104.7652706641515,5.9674654323974135e-06,9.621540352629896e-06
0,0.0,massive_planetesimal,348,MP_347,101.80034935407892,5.8022866804177044e-06,2.158207384712059e-05
0,0.0,massive_planetesimal,349,MP_348,102.16751750163606,1.4928296420243303e-05,1.1549635809980122e-05
0,0.0,massive_planetesimal,350,MP_349,104.0009127814369,1.0964809473041833e-05,1.2074182697257333e-06
0,0.0,massive_planetesimal,351,MP_350,102.47110872687409,4.184058028178979e-06,2.582577078648157e-05
0,0.0,massive_planetesimal,352,MP_351,102.1358660990742,3.176985463242952e-05,1.0933637455190016e-05
0,0.0,massive_planetesimal,353,MP_352,96.77912488296143,1.9619501407622277e-05,0.0
0,0.0,massive_planetesimal,354,MP_353,96.08249441474858,7.68796634492216e-06,8.79013768592829e-06
0,0.0,massive_planetesimal,355,MP_354,98.78620927434511,1.2325367594945587e-05,1.0866764427531615e-05
0,0.0,massive_planetesimal,356,MP_355,97.0211430015646,2.4212781677722074e-05,3.171628329212913e-05
0,0.0,massive_planetesimal,357,MP_356,98.14581569035838,2.4766062036619487e-05,2.447815350237319e-05
0,0.0,massive_planetesimal,358,MP_357,102.66875568107199,2.5804759321482734e-05,9.88314448090898e-06
0,0.0,massive_planetesimal,359,MP_358,102.70090718158872,2.9846689705776086e-06,2.1000055014580763e-05
0,0.0,massive_planetesimal,360,MP_359,101.02410253091448,2.7419532541424075e-05,3.078324659199975e-06
0,0.0,massive_planetesimal,361,MP_360,99.48216087571168,8.486830595512065e-06,1.2576871163780067e-05
0,0.0,massive_planetesimal,362,MP_361,103.9374312871627,1.363107087408767e-05,1.0526028440638427e-05
0,0.0,massive_planetesimal,363,MP_362,100.02679324796064,4.85765545854393e-06,1.1262047877356564e-05
0,0.0,massive_planetesimal,364,MP_363,97.56721761535164,3.103269052251171e-05,2.511023625464716e-05
0,0.0,massive_planetesimal,365,MP_364,100.2646009063501,5.439312678051207e-06,2.619012413355009e-05
0,0.0,massive_planetesimal,366,MP_365,96.15186053314264,1.804359691103843e-05,2.3067693653563172e-05
0,0.0,massive_planetesimal,367,MP_366,95.67527314418045,1.6391775074871342e-05,8.2776426154535e-06
0,0.0,massive_planetesimal,368,MP_367,103.94728581714729,5.951181436195923e-06,1.0386604689550578e-05
0,0.0,massive_planetesimal,369,MP_368,96.56291321960974,3.332847801764371e-06,3.200227901013354e-05
0,0.0,massive_planetesimal,370,MP_369,104.22357638546002,2.8083002486858882e-06,3.6222548091772e-06
0,0.0,massive_planetesimal,371,MP_370,98.55164886993869,1.4478407514618476e-05,1.3309014001239913e-05
0,0.0,massive_planetesimal,372,MP_371,102.05272409477652,2.1489816872321686e-06,1.2074182697257333e-06
0,0.0,massive_planetesimal,373,MP_372,95.94021202168834,3.039524415720405e-05,2.3951356298121474e-05
0,0.0,massive_planetesimal,374,MP_373,98.68344164206349,1.7189524746475125e-05,9.507220963046152e-06
0,0.0,massive_planetesimal,375,MP_374,98.85921291463215,6.302705363706848e-06,8.365239156607497e-06
0,0.0,massive_planetesimal,376,MP_375,100.33905632722369,2.469953730735536e-05,1.210433051621537e-05
0,0.0,massive_planetesimal,377,MP_376,104.09797576517548,2.539752397636017e-05,1.7075472925031877e-06
0,0.0,massive_planetesimal,378,MP_377,99.58376291161512,2.9691345320706726e-06,1.7990127040434818e-05
0,0.0,massive_planetesimal,379,MP_378,102.23431368377288,2.7819578460277223e-05,2.0131685674646436e-05
0,0.0,massive_planetesimal,380,MP_379,103.69053786277001,1.165766261952465e-06,1.780686120515573e-05
0,0.0,massive_planetesimal,381,MP_380,99.20222479032442,6.0193353001121495e-06,1.0866764427531615e-05
0,0.0,massive_planetesimal,382,MP_381,103.88028758227559,2.4454731186488486e-05,6.3890569402604e-06
0,0.0,massive_planetesimal,383,MP_382,101.1052200421382,9.844111533181231e-06,9.583585410390605e-06
0,0.0,massive_planetesimal,384,MP_383,95.04857337777278,2.334384281160056e-05,3.035402462505872e-05
0,0.0,massive_planetesimal,385,MP_384,99.36136422649099,1.0388597347074008e-05,1.668685248064749e-05
0,0.0,massive_planetesimal,386,MP_385,104.95009417323803,2.5197852763288304e-06,1.2342862421580037e-05
0,0.0,massive_planetesimal,387,MP_386,96.74537131626779,2.4450433708780415e-05,1.5881107829924093e-05
0,0.0,massive_planetesimal,388,MP_387,99.03273582930345,2.5688742528140316e-06,8.408695236852925e-06
0,0.0,massive_planetesimal,389,MP_388,100.73640668795714,1.59359453056656e-05,1.8568350079179434e-05
0,0.0,massive_planetesimal,390,MP_389,99.2839264584147,2.207237915052261e-05,2.778374121562371e-05
0,0.0,massive_planetesimal,391,MP_390,96.70319088111837,2.212421199454342e-06,2.330348540626799e-05
0,0.0,massive_planetesimal,392,MP_391,103.6254780040832,2.6736966339577377e-05,2.831646840510158e-06
0,0.0,massive_planetesimal,393,MP_392,97.34703489051887,1.754474617204361e-05,1.3633671807462767e-05
0,0.0,massive_planetesimal,394,MP_393,104.89091939499903,4.8041458161062294e-06,2.6576919054392073e-05
0,0.0,massive_planetesimal,395,MP_394,101.65213965604124,2.192686781967308e-05,8.45192788808014e-06
0,0.0,massive_planetesimal,396,MP_395,99.62227930143663,1.0460747259874304e-05,9.77188602642399e-06
0,0.0,massive_planetesimal,397,MP_396,103.7210430200358,1.9267820538658548e-05,4.26886823125797e-06
0,0.0,massive_planetesimal,398,MP_397,96.50600594337266,2.757522283960026e-07,1.4787793334710982e-06
0,0.0,massive_planetesimal,399,MP_398,102.48070959079894,2.2995893070746183e-06,1.893761558392725e-05
0,0.0,massive_planetesimal,400,MP_399,100.95189352125423,3.171982810080645e-05,8.233494873389921e-06
0,0.0,massive_planetesimal,401,MP_400,100.96445099360277,2.5352666789528767e-05,2.4103044681323992e-05
0,0.0,massive_planetesimal,402,MP_401,100.55877404875761,9.517182691088247e-06,1.0526028440638427e-05
0,0.0,massive_planetesimal,403,MP_402,99.16912536718748,1.7198002347191526e-05,1.5579907034325894e-05
0,0.0,massive_planetesimal,404,MP_403,95.67374305133002,2.9806781737648067e-05,4.00455336570039e-06
0,0.0,massive_planetesimal,405,MP_404,104.002780996154,2.322243106308704e-05,2.091309789151873e-06
0,0.0,massive_planetesimal,406,MP_405,103.28197852489342,2.2987218021842742e-05,1.8763606237962374e-05
0,0.0,massive_planetesimal,407,MP_406,100.87521780528871,2.125903578977826e-05,1.4002928947190923e-05
0,0.0,massive_planetesimal,408,MP_407,97.02405279503759,1.7262008277591532e-05,1.5415284529485704e-05
0,0.0,massive_planetesimal,409,MP_408,100.82978262065562,1.872612324191646e-05,2.1034737209993527e-05
0,0.0,massive_planetesimal,410,MP_409,101.2476063468459,1.7200245201245313e-05,1.939400914049012e-05
0,0.0,massive_planetesimal,411,MP_410,103.72987215401703,2.172964980131126e-05,2.831646840510158e-06
0,0.0,massive_planetesimal,412,MP_411,103.2744085250875,1.8990600722867608e-05,1.891836025044376e-05
0,0.0,massive_planetesimal,413,MP_412,102.23320330967162,1.6632117110168926e-05,1.1768457563181822e-05
0,0.0,massive_planetesimal,414,MP_413,98.73383543258679,3.02125967064478e-05,1.6176701413239816e-05
0,0.0,massive_planetesimal,415,MP_414,103.1573063555106,1.2266969389021412e-05,2.4715235582738938e-05
0,0.0,massive_planetesimal,416,MP_415,104.59096063371113,1.2868418396660724e-05,1.7075472925031877e-06
0,0.0,massive_planetesimal,417,MP_416,100.52253120344011,6.7757152887649976e-06,2.621794158603666e-05
0,0.0,massive_planetesimal,418,MP_417,104.50496269802711,2.6532815691420373e-05,8.872676000826597e-06
0,0.0,massive_planetesimal,419,MP_418,100.32415319712862,2.055415717318626e-05,1.4812419152493543e-05
0,0.0,massive_planetesimal,420,MP_419,97.3273214667618,2.6772503884989483e-05,4.676310850554341e-06
0,0.0,massive_planetesimal,421,MP_420,96.63206684717787,1.802611973413646e-05,1.1799386545725382e-05
0,0.0,massive_planetesimal,422,MP_421,104.13433659813066,2.887967895735662e-05,2.6535746420754912e-05
0,0.0,massive_planetesimal,423,MP_422,101.90495551217812,5.274304190929375e-07,3.066462092303685e-05
0,0.0,massive_planetesimal,424,MP_423,95.12397213915791,1.6311509116020182e-05,1.6221699278780337e-05
0,0.0,massive_planetesimal,425,MP_424,100.27544874497178,1.2008900470234247e-05,3.1030884437340754e-05
0,0.0,massive_planetesimal,426,MP_425,100.43309176235957,1.5976968223185686e-05,2.05970127328611e-05
0,0.0,massive_planetesimal,427,MP_426,95.25040203005183,8.39643112764959e-06,1.486154837246863e-05
0,0.0,massive_planetesimal,428,MP_427,102.4673171483805,1.6530384155246736e-05,1.9318692315611825e-05
0,0.0,massive_planetesimal,429,MP_428,101.54995924201464,3.1857769586941276e-05,0.0
0,0.0,massive_planetesimal,430,MP_429,100.45204901222642,1.9837311366069175e-05,2.229640951859779e-05
0,0.0,massive_planetesimal,431,MP_430,95.26017403551572,2.6758392030394306e-05,2.4148365394514667e-06
0,0.0,massive_planetesimal,432,MP_431,98.34359226717386,5.311773167173486e-06,1.4438622495364691e-05
0,0.0,massive_planetesimal,433,MP_432,101.52567251767076,3.9811324396096184e-06,9.468807791963592e-06
0,0.0,massive_planetesimal,434,MP_433,104.42504619233475,3.0421274926745776e-05,1.314367821619951e-05
0,0.0,massive_planetesimal,435,MP_434,95.31581330692995,4.6130287656138064e-06,1.9655345397318433e-05
0,0.0,massive_planetesimal,436,MP_435,103.86645558127823,2.6216300337903233e-05,1.578904266095767e-05
0,0.0,massive_planetesimal,437,MP_436,96.97482051863278,2.754835739252768e-05,2.634275661277943e-05
0,0.0,massive_planetesimal,438,MP_437,97.28336231631926,2.9818377305316644e-05,1.8291490166645535e-05
0,0.0,massive_planetesimal,439,MP_438,97.88553006960949,7.722058815396162e-06,2.561320938754782e-06
0,0.0,massive_planetesimal,440,MP_439,100.2097563275577,1.3714973383858824e-05,1.4837004097464935e-05
0,0.0,massive_planetesimal,441,MP_440,102.16622756727317,2.4319520368069386e-05,1.8390847172212026e-05
0,0.0,massive_planetesimal,442,MP_441,102.29410459599305,2.5559994488452804e-05,2.1258792350482307e-05
0,0.0,massive_planetesimal,443,MP_442,103.13915683709575,2.382655230424832e-05,1.4489019236708837e-05
0,0.0,massive_planetesimal,444,MP_443,96.05942356990953,7.224806210109828e-06,2.6904031909000533e-05
0,0.0,massive_planetesimal,445,MP_444,99.91610334297458,2.5786142762984123e-05,2.864916313528216e-05
0,0.0,massive_planetesimal,446,MP_445,101.14281850471575,1.4312821981306604e-05,1.274955940040773e-05
0,0.0,massive_planetesimal,447,MP_446,99.72144451020647,2.6170729918788113e-05,2.3859880382880394e-05
0,0.0,massive_planetesimal,448,MP_447,96.5349220537419,1.864583877535188e-05,9.115808030550376e-06
0,0.0,massive_planetesimal,449,MP_448,97.55124656057629,1.635660042933278e-05,3.034201511929683e-05
0,0.0,massive_planetesimal,450,MP_449,103.7485084880516,5.307712950964681e-06,2.621794158603666e-05
0,0.0,massive_planetesimal,451,MP_450,101.88752212759924,1.7047693674492055e-05,1.2401778567452335e-05
0,0.0,massive_planetesimal,452,MP_451,103.92484337209657,7.35833657015056e-06,5.533085616490783e-06
0,0.0,massive_planetesimal,453,MP_452,97.49670378933835,4.463963135270745e-06,2.7533372779140336e-05
0,0.0,massive_planetesimal,454,MP_453,95.1214090092204,1.7807554896423916e-05,1.6400456182785058e-05
0,0.0,massive_planetesimal,455,MP_454,96.67937980598865,2.3706087412384893e-05,2.511023625464716e-05
0,0.0,massive_planetesimal,456,MP_455,95.02707273675797,9.560290259086977e-06,1.7765878731478854e-05
0,0.0,massive_planetesimal,457,MP_456,96.815231081097,1.6948007710699488e-05,2.262097403300073e-05
0,0.0,massive_planetesimal,458,MP_457,96.7497783748749,2.4473984019586962e-05,1.1549635809980122e-05
0,0.0,massive_planetesimal,459,MP_458,99.97025846217478,1.0539524699185941e-06,7.194024615706825e-06
0,0.0,massive_planetesimal,460,MP_459,103.82077709438099,2.5520550530073755e-05,2.782306712520834e-05
0,0.0,massive_planetesimal,461,MP_460,101.52787224491315,2.941150926630184e-05,3.1945284701301985e-06
0,0.0,massive_planetesimal,462,MP_461,99.45265465999387,2.1611023061584818e-05,2.6917575343993236e-05
0,0.0,massive_planetesimal,463,MP_462,103.8742289813674,1.5640120590213764e-06,2.4148365394514843e-05
0,0.0,massive_planetesimal,464,MP_463,97.5974225208664,4.327083583874324e-06,3.818191820832846e-06
0,0.0,massive_planetesimal,465,MP_464,97.16633438205874,2.2140322966528485e-05,2.196705006686931e-05
0,0.0,massive_planetesimal,466,MP_465,103.35862971269292,2.404461054024185e-06,2.366046933553774e-05
0,0.0,massive_planetesimal,467,MP_466,101.2676606432716,1.1305265581998489e-05,2.1750292088450306e-05
0,0.0,massive_planetesimal,468,MP_467,95.6130406577344,1.9067454423226386e-05,3.818191820832846e-06
0,0.0,massive_planetesimal,469,MP_468,96.83808123878508,5.304094299455638e-06,1.2074182697257333e-06
0,0.0,massive_planetesimal,470,MP_469,95.28292305638114,1.787757748705926e-05,9.035490975690211e-06
0,0.0,massive_planetesimal,471,MP_470,97.87809014961367,2.1732651790078254e-05,1.7075472925031877e-06
0,0.0,massive_planetesimal,472,MP_471,99.65212471563572,7.039790058679804e-06,2.6008585494473243e-05
0,0.0,massive_planetesimal,473,MP_472,99.62798937816785,2.6445137598992454e-05,2.18839356936812e-05
0,0.0,massive_planetesimal,474,MP_473,98.71711259829536,1.4611931340739118e-06,2.5168227639631914e-05
0,0.0,massive_planetesimal,475,MP_474,97.0942728145943,1.8810301746252013e-05,7.393896667355496e-06
0,0.0,massive_planetesimal,476,MP_475,98.80235583899302,1.380218500826004e-05,2.6078557602338607e-05
0,0.0,massive_planetesimal,477,MP_476,101.60868195924802,1.3813794597487232e-05,2.393613458937197e-05
0,0.0,massive_planetesimal,478,MP_477,98.17722334809287,3.3360069213160347e-06,1.3281600966983096e-05
0,0.0,massive_planetesimal,479,MP_478,104.30711181205642,1.1591145934904593e-06,1.98949412011025e-05
0,0.0,massive_planetesimal,480,MP_479,96.18485252354797,6.93741266318251e-06,8.79013768592829e-06
0,0.0,massive_planetesimal,481,MP_480,96.61869360628738,2.9941243395664488e-06,1.7580275371856632e-05
0,0.0,massive_planetesimal,482,MP_481,95.24229354087588,3.0123740840840334e-05,3.52019892386405e-06
0,0.0,massive_planetesimal,483,MP_482,101.17660240169998,1.952927845454539e-05,3.1566541514064386e-05
0,0.0,massive_planetesimal,484,MP_483,101.23071503562036,1.344267408961288e-05,1.2313298636799924e-05
0,0.0,massive_planetesimal,485,MP_484,98.79125061091548,2.0760796924510694e-05,3.09721026371867e-05
0,0.0,massive_planetesimal,486,MP_485,102.04396878977448,4.77389388420197e-06,1.7075472925031942e-05
0,0.0,massive_planetesimal,487,MP_486,97.44119075085568,2.7340569311137847e-05,8.537736462515939e-07
0,0.0,massive_planetesimal,488,MP_487,96.61045682819936,2.1572617628698557e-05,1.9090959104164224e-06
0,0.0,massive_planetesimal,489,MP_488,98.6518470302107,2.231303347164019e-05,1.9014441926092368e-05
0,0.0,massive_planetesimal,490,MP_489,101.66833285690454,1.509732823708215e-05,1.0280796110218938e-05
0,0.0,massive_planetesimal,491,MP_490,104.86625917524965,7.119432068168809e-06,2.6078557602338607e-05
0,0.0,massive_planetesimal,492,MP_491,98.24405664141612,2.5547226008153935e-05,3.065273310676416e-05
0,0.0,massive_planetesimal,493,MP_492,96.47946913304702,2.9228195409247725e-05,1.6555285230907042e-05
0,0.0,massive_planetesimal,494,MP_493,97.47946991660888,2.9248642024828285e-05,2.5513408025137336e-05
0,0.0,massive_planetesimal,495,MP_494,97.57150474030777,1.7374134584778834e-05,1.020964787746499e-05
0,0.0,massive_planetesimal,496,MP_495,99.6913343697212,2.0825992481386132e-05,4.094554566467037e-06
0,0.0,massive_planetesimal,497,MP_496,101.53905430621066,2.272003011919961e-05,2.290915092499722e-05
0,0.0,massive_planetesimal,498,MP_497,95.99509642865456,1.9400019822579505e-05,2.091309789151873e-06
0,0.0,massive_planetesimal,499,MP_498,96.60338124942871,1.953303422159911e-05,2.531262485224852e-05
0,0.0,massive_planetesimal,500,MP_499,100.6301076008636,1.5132389828895806e-05,2.094792405701141e-05
0,0.0,massive_planetesimal,501,MP_500,103.29221141203129,1.901107158257594e-05,7.824964720612764e-06
0,0.0,massive_planetesimal,502,MP_501,100.89985222243016,3.544010188670515e-06,2.561320938754782e-06
0,0.0,massive_planetesimal,503,MP_502,102.62073021030173,2.2342087830852102e-05,8.954453545231656e-06
0,0.0,massive_planetesimal,504,MP_503,98.26162642003565,7.509512494736985e-06,1.2576871163780067e-05
0,0.0,massive_planetesimal,505,MP_504,98.14154888078343,4.521256546617883e-06,8.537736462515945e-06
0,0.0,massive_planetesimal,506,MP_505,102.89905981735588,2.06263783852562e-06,8.099607985145754e-06
0,0.0,massive_planetesimal,507,MP_506,101.17785936388559,1.5951888972535998e-07,5.915117333884395e-06
0,0.0,massive_planetesimal,508,MP_507,102.64724219141752,1.4316290330086573e-05,2.398177073107052e-05
0,0.0,massive_planetesimal,509,MP_508,104.186646150613,7.957589185175947e-06,2.836790617393655e-05
0,0.0,massive_planetesimal,510,MP_509,101.1460621925243,1.5857113732877717e-05,1.9766288961818032e-05
0,0.0,massive_planetesimal,511,MP_510,100.9777934063004,1.4140834359676793e-05,7.824964720612764e-06
0,0.0,massive_planetesimal,512,MP_511,99.09701076548993,5.822174568763355e-06,2.3412708902503816e-05
0,0.0,massive_planetesimal,513,MP_512,103.15763611595408,2.3153899331122685e-05,2.780996466762975e-05
0,0.0,massive_planetesimal,514,MP_513,101.08807809205594,8.553589401961537e-06,7.091976543484069e-06
0,0.0,massive_planetesimal,515,MP_514,102.60952979517008,1.012081207018742e-05,6.557959812547711e-06
0,0.0,massive_planetesimal,516,MP_515,103.74823154274056,2.931386660168894e-05,2.7200429787399718e-05
0,0.0,massive_planetesimal,517,MP_516,95.83562032148478,1.2488836536535804e-05,8.233494873389921e-06
0,0.0,massive_planetesimal,518,MP_517,104.59379272315232,2.434684289034744e-05,2.0526110585337575e-05
0,0.0,massive_planetesimal,519,MP_518,96.86692118281267,3.0006573841105913e-05,9.659346157805877e-06
0,0.0,massive_planetesimal,520,MP_519,99.51298918343302,2.023827951021126e-05,5.122641877509565e-06
0,0.0,massive_planetesimal,521,MP_520,96.6217993494378,1.0636068321125241e-05,1.059505231752994e-05
0,0.0,massive_planetesimal,522,MP_521,100.4173857166323,4.1240769495533795e-06,2.2049851152230296e-05
0,0.0,massive_planetesimal,523,MP_522,95.98316591125871,1.374644076394494e-06,2.3083488036552718e-05
0,0.0,massive_planetesimal,524,MP_523,102.76907054956834,1.204923944962521e-05,9.697004570245026e-06
0,0.0,massive_planetesimal,525,MP_524,103.27008014607999,2.046382193566573e-05,2.3521425216738414e-05
0,0.0,massive_planetesimal,526,MP_525,95.00824616834687,1.9152911649309312e-05,1.1326587362040649e-05
0,0.0,massive_planetesimal,527,MP_526,95.70233370886699,1.8212224677134337e-06,2.9315658079272248e-05
0,0.0,massive_planetesimal,528,MP_527,96.42571282327111,2.287757769263363e-05,1.9224131335124367e-05
0,0.0,massive_planetesimal,529,MP_528,95.76638661450883,1.933229456702521e-05,3.157808532191564e-05
0,0.0,massive_planetesimal,530,MP_529,101.78011554171799,1.285810323940181e-06,2.774435956405637e-05
0,0.0,massive_planetesimal,531,MP_530,104.37015000876262,8.234581990291105e-06,1.571963993965638e-05
0,0.0,massive_planetesimal,532,MP_531,102.27010905961357,2.765038306374421e-05,4.597711793052988e-06
0,0.0,massive_planetesimal,533,MP_532,100.53431369886991,2.2397509444861404e-05,2.0738089811501742e-05
0,0.0,massive_planetesimal,534,MP_533,96.54303718722691,2.9817427825318103e-05,2.437370494636604e-05
0,0.0,massive_planetesimal,535,MP_534,104.28238648112166,1.3334531298519743e-05,0.0
0,0.0,massive_planetesimal,536,MP_535,98.51702390850267,2.2440665827680936e-05,2.5298222219587597e-05
0,0.0,massive_planetesimal,537,MP_536,98.54801919137594,4.1578715742848364e-07,8.99506352021738e-06
0,0.0,massive_planetesimal,538,MP_537,102.59926397594086,2.2257664973089377e-05,4.436338000413295e-06
0,0.0,massive_planetesimal,539,MP_538,101.4809393028152,1.5472372512317786e-05,1.4054888045735014e-05
0,0.0,massive_planetesimal,540,MP_539,96.64253387254266,4.241482056957779e-06,3.05336003858729e-05
0,0.0,massive_planetesimal,541,MP_540,103.9825044517814,1.8014909163072755e-05,2.9414949330792166e-05
0,0.0,massive_planetesimal,542,MP_541,98.45536991790023,2.5661018671378805e-05,2.8148646507952976e-05
0,0.0,massive_planetesimal,543,MP_542,97.7092039338631,1.564721649097323e-05,1.2074182697257333e-06
0,0.0,massive_planetesimal,544,MP_543,100.65316547004946,1.3752040203642536e-06,2.561320938754782e-06
0,0.0,massive_planetesimal,545,MP_544,98.38695633420748,7.298541054555947e-06,6.037091348628668e-06
0,0.0,massive_planetesimal,546,MP_545,104.59681219174126,1.9032400111065732e-05,2.0526110585337575e-05
0,0.0,massive_planetesimal,547,MP_546,99.834686513477,1.706747480048658e-05,1.03514553342977e-05
0,0.0,massive_planetesimal,548,MP_547,97.75635051083368,3.015355662455193e-06,6.037091348628668e-06
0,0.0,massive_planetesimal,549,MP_548,95.90171976489486,1.386796532684356e-05,1.129436371961277e-05
0,0.0,massive_planetesimal,550,MP_549,99.86982082304992,3.0921500392094044e-05,2.419360121073552e-05
0,0.0,massive_planetesimal,551,MP_550,104.42509263319799,1.0213567096044857e-05,8.18910913293408e-06
0,0.0,massive_planetesimal,552,MP_551,95.61885477025581,8.160500470662578e-07,1.9186176448475686e-05
0,0.0,massive_planetesimal,553,MP_552,100.46054066748083,1.9732445804781196e-05,9.35262170110869e-06
0,0.0,massive_planetesimal,554,MP_553,95.855576410184,9.959139494753623e-06,0.0
0,0.0,massive_planetesimal,555,MP_554,101.04307303798923,2.709997449975394e-05,1.3004292747236537e-05
0,0.0,massive_planetesimal,556,MP_555,104.44145646660463,8.79906796290282e-06,1.2074182697257333e-06
0,0.0,massive_planetesimal,557,MP_556,100.24667509443566,2.826006022484872e-05,9.35262170110869e-06
0,0.0,massive_planetesimal,558,MP_557,96.57601513288475,3.3123285860766838e-06,1.6108968939569464e-05
0,0.0,massive_planetesimal,559,MP_558,102.73849761319003,1.2566721873802826e-05,8.537736462515939e-07
0,0.0,massive_planetesimal,560,MP_559,99.95491341268684,1.140215947690864e-05,1.7929246571283543e-05
0,0.0,massive_planetesimal,561,MP_560,98.18064147108691,1.1078862571025245e-05,1.8724717893074728e-05
0,0.0,massive_planetesimal,562,MP_561,101.94045013186148,2.0717146332269823e-05,4.26886823125797e-06
0,0.0,massive_planetesimal,563,MP_562,103.55163946484217,5.221701026145963e-06,1.6221699278780337e-05
0,0.0,massive_planetesimal,564,MP_563,99.5492522733431,3.053658485599579e-05,9.195423586105984e-06
0,0.0,massive_planetesimal,565,MP_564,97.02677787867724,2.192791782730883e-05,1.7580275371856632e-05
0,0.0,massive_planetesimal,566,MP_565,96.38287001494108,2.23562741979588e-05,3.1171508501065545e-05
0,0.0,massive_planetesimal,567,MP_566,95.74781534227348,3.5254414433439304e-06,2.2132342465963256e-05
0,0.0,massive_planetesimal,568,MP_567,100.2342384784489,2.903031594670409e-05,2.8096807335951147e-05
0,0.0,massive_planetesimal,569,MP_568,100.05975503911125,3.225964089085962e-06,2.1086653546985296e-05
0,0.0,massive_planetesimal,570,MP_569,97.99512490274637,7.426574741152207e-06,1.983990668017933e-05
0,0.0,massive_planetesimal,571,MP_570,103.60767694954602,1.0952610377209328e-05,2.106936231525657e-05
0,0.0,massive_planetesimal,572,MP_571,95.86359674501588,2.8111108973276582e-05,2.9575586669422292e-05
0,0.0,massive_planetesimal,573,MP_572,104.8460737660093,7.93285407467693e-06,2.4148365394514667e-06
0,0.0,massive_planetesimal,574,MP_573,95.07085354169952,1.9079661105144893e-05,8.408695236852925e-06
0,0.0,massive_planetesimal,575,MP_574,103.78968872386457,1.0773465843241457e-05,2.173352885506333e-05
0,0.0,massive_planetesimal,576,MP_575,101.91879659666945,1.7895751318327983e-05,0.0
0,0.0,massive_planetesimal,577,MP_576,104.37565258772943,2.887370255736224e-05,0.0
0,0.0,massive_planetesimal,578,MP_577,95.06715784163391,9.222377638209118e-06,2.4042484171852243e-05
0,0.0,massive_planetesimal,579,MP_578,98.10362591287867,3.09364468362748e-05,1.4054888045735014e-05
0,0.0,massive_planetesimal,580,MP_579,100.52671564597411,1.383473352881964e-05,2.645320890690588e-05
0,0.0,massive_planetesimal,581,MP_580,99.42148557464492,2.2567681881372268e-05,2.6836212209724197e-05
0,0.0,massive_planetesimal,582,MP_581,101.76393776717285,2.3876273783270438e-05,6.722620413208828e-06
0,0.0,massive_planetesimal,583,MP_582,103.55962508813677,1.9520784270181054e-05,4.182619578303747e-06
0,0.0,massive_planetesimal,584,MP_583,98.92042461861861,2.733448021399374e-05,1.325413123547268e-05
0,0.0,massive_planetesimal,585,MP_584,102.1817579212793,1.8147499695756474e-05,1.5904040849567444e-05
0,0.0,massive_planetesimal,586,MP_585,104.59073338079985,2.2632550214079535e-05,3.1612691453200965e-05
0,0.0,massive_planetesimal,587,MP_586,101.09429368496971,5.509461238061378e-06,1.737172379932318e-05
0,0.0,massive_planetesimal,588,MP_587,96.09655899191695,1.219009113737383e-05,1.619921597029155e-05
0,0.0,massive_planetesimal,589,MP_588,103.37617292855494,1.5500296294814886e-05,1.7075472925031877e-06
0,0.0,massive_planetesimal,590,MP_589,102.05125945999222,2.5450350800812642e-05,7.3444386094852035e-06
0,0.0,massive_planetesimal,591,MP_590,103.88795494181437,1.7411138927176153e-05,2.8329336603178093e-05
0,0.0,massive_planetesimal,592,MP_591,99.80080075194539,3.1924734950278575e-05,3.6222548091772e-06
0,0.0,massive_planetesimal,593,MP_592,98.44037168259159,1.6615235337645797e-05,9.35262170110869e-06
0,0.0,massive_planetesimal,594,MP_593,101.22691344356045,1.6458218659500148e-05,2.2749503328951236e-05
0,0.0,massive_planetesimal,595,MP_594,104.73348683745908,2.5990097659152226e-05,2.7546606797101884e-05
0,0.0,massive_planetesimal,596,MP_595,102.61948178564172,4.494405068548566e-06,9.846198017076838e-06
0,0.0,massive_planetesimal,597,MP_596,103.20104744783706,8.21362854855843e-06,2.3844600278602423e-05
0,0.0,massive_planetesimal,598,MP_597,99.0169877550249,2.3119290340599182e-05,2.9278337048126537e-05
0,0.0,massive_planetesimal,599,MP_598,102.79357544785805,9.3630268750587e-06,2.5726794021849062e-05
0,0.0,massive_planetesimal,600,MP_599,95.44397296910584,3.1925614316358894e-05,2.782306712520834e-05
0,0.0,massive_planetesimal,601,MP_600,97.8683555468015,4.160799840273921e-06,1.6040950469935144e-05
0,0.0,massive_planetesimal,602,MP_601,96.43196737743119,7.887227298713128e-06,6.3890569402604e-06
0,0.0,massive_planetesimal,603,MP_602,101.15024381903379,2.8488253876774772e-05,1.9280923575057597e-05
0,0.0,massive_planetesimal,604,MP_603,98.2058406244991,3.085704475874628e-05,1.98949412011025e-05
0,0.0,massive_planetesimal,605,MP_604,101.68443570705774,1.794089090340969e-05,2.8329336603178093e-05
0,0.0,massive_planetesimal,606,MP_605,96.06388683012405,3.088454774584722e-05,1.9167170820781278e-05
0,0.0,massive_planetesimal,607,MP_606,103.221272739041,6.9326571375945675e-06,2.5740956860258367e-05
0,0.0,massive_planetesimal,608,MP_607,103.15833355326613,5.646724526404666e-06,1.7075472925031877e-06
0,0.0,massive_planetesimal,609,MP_608,97.47067587280718,2.7493711318287945e-05,9.507220963046152e-06
0,0.0,massive_planetesimal,610,MP_609,98.1765522080521,2.653959132133757e-06,5.0509930079323e-06
0,0.0,massive_planetesimal,611,MP_610,97.1267470676003,2.9067061617331644e-05,2.8483301522902347e-05
0,0.0,massive_planetesimal,612,MP_611,97.1122099443796,4.114832292301546e-06,1.2164402004367092e-05
0,0.0,massive_planetesimal,613,MP_612,97.96254735379311,1.1067216888068212e-05,2.5298222219587597e-05
0,0.0,massive_planetesimal,614,MP_613,97.78162283892269,1.7067085345654728e-06,2.3614212264245028e-05
0,0.0,massive_planetesimal,615,MP_614,96.84471584179104,3.0257712211624177e-06,1.1164539134006841e-05
0,0.0,massive_planetesimal,616,MP_615,95.38910820774217,1.9208745004422404e-05,3.078324659199975e-06
0,0.0,massive_planetesimal,617,MP_616,97.99411494816523,1.516295482064215e-06,8.537736462515939e-07
0,0.0,massive_planetesimal,618,MP_617,100.74055505781827,2.189778622966174e-05,1.9090959104164224e-06
0,0.0,massive_planetesimal,619,MP_618,99.39035112228096,2.3494242182979023e-05,2.7757492989437645e-05
0,0.0,massive_planetesimal,620,MP_619,103.52179195007452,2.6635723470705512e-05,2.336596135056891e-05
0,0.0,massive_planetesimal,621,MP_620,101.38287023912542,1.6478071090307598e-05,2.722721505217398e-05
0,0.0,massive_planetesimal,622,MP_621,104.61886101368593,7.965462376326047e-06,2.270139012036184e-05
0,0.0,massive_planetesimal,623,MP_622,100.73525861708451,1.8532901947580823e-05,5.399738656763834e-06
0,0.0,massive_planetesimal,624,MP_623,102.95795004805315,1.4118896147514544e-05,6.722620413208828e-06
0,0.0,massive_planetesimal,625,MP_624,95.9013698203827,2.294462312829117e-05,8.009106731400786e-06
0,0.0,massive_planetesimal,626,MP_625,95.84858443554938,1.6368996372292886e-05,1.4413358044696506e-05
0,0.0,massive_planetesimal,627,MP_626,97.6165491563295,8.900695854758486e-06,2.9686287942277552e-05
0,0.0,massive_planetesimal,628,MP_627,95.88390235417502,7.958092185057321e-06,1.9090959104164224e-06
0,0.0,massive_planetesimal,629,MP_628,101.62049604631564,2.018068883055287e-05,3.0076592789757522e-05
0,0.0,massive_planetesimal,630,MP_629,102.92425100335181,1.5721713046688183e-05,2.254027104997907e-05
0,0.0,massive_planetesimal,631,MP_630,95.8497475312574,2.6755705107099143e-05,2.9857674121376002e-05
0,0.0,massive_planetesimal,632,MP_631,104.60226004522966,4.0922362992720585e-06,1.1164539134006841e-05
0,0.0,massive_planetesimal,633,MP_632,95.23291060004696,4.912693789837299e-06,1.7990127040434818e-05
0,0.0,massive_planetesimal,634,MP_633,99.15281413738799,8.751702919851282e-06,8.537736462515939e-07
0,0.0,massive_planetesimal,635,MP_634,95.20144471496606,5.038323477350072e-06,2.1310162845882393e-05
0,0.0,massive_planetesimal,636,MP_635,100.67756116841194,4.401803119657257e-06,1.805080217741265e-05
0,0.0,massive_planetesimal,637,MP_636,99.27813809362941,8.954429388611335e-06,2.1933842111273517e-05
0,0.0,massive_planetesimal,638,MP_637,100.38344799333015,9.946937602836478e-07,2.313080647644551e-05
0,0.0,massive_planetesimal,639,MP_638,104.35606786469745,1.997959184345325e-05,1.5201007603895785e-05
0,0.0,massive_planetesimal,640,MP_639,97.90309256707667,1.4075305618970362e-05,2.1933842111273517e-05
0,0.0,massive_planetesimal,641,MP_640,101.82559793432506,2.0567210069129977e-05,2.08956630423927e-05
0,0.0,massive_planetesimal,642,MP_641,102.32319115515354,2.2574378599493526e-05,7.588506156264597e-06
0,0.0,massive_planetesimal,643,MP_642,98.66743098929952,1.2510739646289886e-05,1.9318692315611825e-05
0,0.0,massive_planetesimal,644,MP_643,102.06244111683253,2.6061593993634757e-06,1.5032236230862699e-05
0,0.0,massive_planetesimal,645,MP_644,104.4925281410583,1.0371974867131388e-05,1.8030599818338033e-05
0,0.0,massive_planetesimal,646,MP_645,98.70628261505627,6.5180591708247604e-06,3.52019892386405e-06
0,0.0,massive_planetesimal,647,MP_646,95.01929707873333,3.049372129968815e-05,0.0
0,0.0,massive_planetesimal,648,MP_647,102.12886291432098,1.4836024156665744e-05,3.11831985477923e-05
0,0.0,massive_planetesimal,649,MP_648,104.28930017126349,8.152717571753976e-06,4.517745487845102e-06
0,0.0,massive_planetesimal,650,MP_649,104.24619178483216,1.9842589012737175e-05,9.956626120759437e-06
0,0.0,massive_planetesimal,651,MP_650,96.4335007020954,2.5929322918711063e-05,2.2556434745889217e-05
0,0.0,massive_planetesimal,652,MP_651,103.12905347695758,2.819946290168086e-05,1.7497153036827848e-05
0,0.0,massive_planetesimal,653,MP_652,103.65431855622101,1.2363965960392464e-05,1.2663509647306462e-05
0,0.0,massive_planetesimal,654,MP_653,101.60461145310452,1.377607392319871e-05,6.9884384818971375e-06
0,0.0,massive_planetesimal,655,MP_654,97.07353333026454,1.7921839239317262e-05,1.716063790683883e-05
0,0.0,massive_planetesimal,656,MP_655,100.31428172172062,1.875550028532624e-05,1.631132260876835e-05
0,0.0,massive_planetesimal,657,MP_656,98.42688180377824,2.0771251173866006e-05,1.5926940848252804e-05
0,0.0,massive_planetesimal,658,MP_657,96.90885146572228,1.9465624223390616e-05,5.663293681020318e-06
0,0.0,massive_planetesimal,659,MP_658,103.75746016359649,9.450482434506272e-06,1.3606912857609226e-05
0,0.0,massive_planetesimal,660,MP_659,95.68938951732555,1.8986884013233147e-05,3.165877411826649e-05
0,0.0,massive_planetesimal,661,MP_660,98.15536745902834,4.151299420780707e-06,2.2247316447246325e-05
0,0.0,massive_planetesimal,662,MP_661,99.97967558778667,5.06137163702641e-06,1.3819533748532954e-05
0,0.0,massive_planetesimal,663,MP_662,100.21887153850635,6.303354410080478e-06,2.4148365394514667e-06
0,0.0,massive_planetesimal,664,MP_663,99.93484157763214,2.0858096673822673e-05,2.699869328381916e-06
0,0.0,massive_planetesimal,665,MP_664,98.72078411516023,2.298715831232897e-06,7.091976543484069e-06
0,0.0,massive_planetesimal,666,MP_665,104.79621681124286,1.3538764361443156e-05,2.4148365394514667e-06
0,0.0,massive_planetesimal,667,MP_666,95.9523361028837,1.4502141921697064e-05,1.0866764427531615e-05
0,0.0,massive_planetesimal,668,MP_667,103.51867855746544,7.711269128407112e-06,1.722423530049259e-05
0,0.0,massive_planetesimal,669,MP_668,96.61578624371519,1.9591148065161463e-05,8.408695236852925e-06
0,0.0,massive_planetesimal,670,MP_669,100.65148112695894,1.7544442938594907e-05,8.009106731400786e-06
0,0.0,massive_planetesimal,671,MP_670,97.21697148376828,6.188331514816149e-06,1.006584283732318e-05
0,0.0,massive_planetesimal,672,MP_671,101.51962346033088,2.121348835289186e-05,1.5367925632528735e-05
0,0.0,massive_planetesimal,673,MP_672,101.40375009917665,1.7476463788899606e-05,3.91248236030638e-06
0,0.0,massive_planetesimal,674,MP_673,98.78842556973102,2.6289767444080506e-05,1.4158234202550823e-05
0,0.0,massive_planetesimal,675,MP_674,99.8055989079892,8.31354385993165e-06,7.778248095798993e-06
0,0.0,massive_planetesimal,676,MP_675,104.49603042900794,2.1409197764055865e-05,1.7517970596881582e-05
0,0.0,massive_planetesimal,677,MP_676,97.9303767443282,3.0509447956798085e-05,1.2634696163675251e-05
0,0.0,massive_planetesimal,678,MP_677,96.6155072645119,1.8756382565576973e-05,3.818191820832846e-06
0,0.0,massive_planetesimal,679,MP_678,104.10089674130198,5.792315221363075e-06,1.2605816820395112e-05
0,0.0,massive_planetesimal,680,MP_679,95.29071614168801,1.3011140598024213e-05,2.0790746916525475e-05
0,0.0,massive_planetesimal,681,MP_680,98.69471046181253,8.774476873364935e-06,2.3334744287397123e-05
0,0.0,massive_planetesimal,682,MP_681,100.39275982253581,1.974473312506576e-05,2.4148365394514667e-06
0,0.0,massive_planetesimal,683,MP_682,103.35921080916843,5.96656938202173e-06,7.040397847728103e-06
0,0.0,massive_planetesimal,684,MP_683,101.86753958541458,2.8966168198702067e-05,9.430238149809192e-06
0,0.0,massive_planetesimal,685,MP_684,104.07415186593678,3.055469182369018e-06,2.2765518468793922e-05
0,0.0,massive_planetesimal,686,MP_685,98.21622338219251,2.6487701435426746e-05,2.4670956235889678e-05
0,0.0,massive_planetesimal,687,MP_686,100.8950633040347,2.7685870553186505e-05,1.0173887179578492e-05
0,0.0,massive_planetesimal,688,MP_687,103.87039020330556,1.2327905948234817e-05,3.188818852572369e-05
0,0.0,massive_planetesimal,689,MP_688,102.98432190800139,2.9075768720000302e-05,2.3397136763167146e-05
0,0.0,massive_planetesimal,690,MP_689,100.09300313224816,6.517911576663917e-07,1.6086328072527303e-05
0,0.0,massive_planetesimal,691,MP_690,98.9048498976852,1.692714358093778e-05,8.537736462515939e-07
0,0.0,massive_planetesimal,692,MP_691,95.31240978990652,2.209305948082316e-05,1.392462677356116e-05
0,0.0,massive_planetesimal,693,MP_692,99.38026781270739,1.5167503137473112e-05,1.8587967992817196e-05
0,0.0,massive_planetesimal,694,MP_693,99.50924747316002,6.63593200715769e-06,1.6752248626020106e-05
0,0.0,massive_planetesimal,695,MP_694,101.38755555768434,7.96415130099522e-06,8.537736462515939e-07
0,0.0,massive_planetesimal,696,MP_695,104.62014363818862,2.2618853562871658e-05,3.1853881696505914e-05
0,0.0,massive_planetesimal,697,MP_696,101.11760354448492,3.1547302413912246e-05,2.0930518217647733e-05
0,0.0,massive_planetesimal,698,MP_697,101.99423710322307,1.5498098837555856e-05,2.94025562612171e-05
0,0.0,massive_planetesimal,699,MP_698,95.69611001798607,1.578383599207975e-05,2.561320938754782e-06
0,0.0,massive_planetesimal,700,MP_699,97.79795788671316,1.661250509317239e-05,3.818191820832846e-06
0,0.0,massive_planetesimal,701,MP_700,97.05050598523185,2.5799407639004083e-05,3.4150945850063763e-06
0,0.0,massive_planetesimal,702,MP_701,96.90060886608136,1.971967947997778e-06,1.4388049231413678e-05
0,0.0,massive_planetesimal,703,MP_702,99.49353941033131,3.6315178591438063e-06,1.8151476701449225e-05
0,0.0,massive_planetesimal,704,MP_703,104.75894592281324,2.1904863314721166e-05,5.915117333884395e-06
0,0.0,massive_planetesimal,705,MP_704,97.1841133311955,2.7928008269983454e-05,1.9299817184270054e-05
0,0.0,massive_planetesimal,706,MP_705,104.76200864358096,1.0482313686184707e-06,2.3443822150653013e-05
0,0.0,massive_planetesimal,707,MP_706,98.84306659103954,2.7780954448780276e-05,1.7181863193747868e-05
0,0.0,massive_planetesimal,708,MP_707,99.76284543083679,1.6281380440597017e-05,2.2972699315936647e-05
0,0.0,massive_planetesimal,709,MP_708,96.9577160220972,2.560639817741411e-05,1.0866764427531615e-05
0,0.0,massive_planetesimal,710,MP_709,103.4618152934498,2.2608229048079137e-06,8.537736462515939e-07
0,0.0,massive_planetesimal,711,MP_710,104.59170539067048,2.840579765082057e-05,9.115808030550376e-06
0,0.0,massive_planetesimal,712,MP_711,99.22916143042873,2.609608818964776e-05,2.5370153619298495e-05
0,0.0,massive_planetesimal,713,MP_712,103.06922977819914,2.7599307743358646e-05,6.776618231767655e-06
0,0.0,massive_planetesimal,714,MP_713,97.89103281194514,2.2400324930393432e-05,0.0
0,0.0,massive_planetesimal,715,MP_714,103.96606912147436,5.000767267538773e-06,2.911605978830686e-05
0,0.0,massive_planetesimal,716,MP_715,95.8434489443831,2.0888715034008135e-06,2.4148365394514667e-06
0,0.0,massive_planetesimal,717,MP_716,99.44835759281862,1.8857206517250206e-05,1.705411522696106e-05
0,0.0,massive_planetesimal,718,MP_717,104.9731074254663,1.120953095218231e-05,0.0
0,0.0,massive_planetesimal,719,MP_718,104.39982593704993,2.007827488321241e-05,1.666499673782919e-05
0,0.0,massive_planetesimal,720,MP_719,95.03061104864092,1.9829675588572315e-05,2.991864554309662e-05
0,0.0,massive_planetesimal,721,MP_720,103.24238946100128,1.762661328091105e-05,1.9784719072079925e-05
0,0.0,massive_planetesimal,722,MP_721,95.58801057823497,2.3726297810849257e-05,2.6890481652835544e-05
0,0.0,massive_planetesimal,723,MP_722,95.67620007629294,1.5169798909683585e-05,2.6876924565181398e-05
0,0.0,massive_planetesimal,724,MP_723,100.1127023943604,2.5971095827133445e-05,4.00455336570039e-06
0,0.0,massive_planetesimal,725,MP_724,102.30213735144872,3.0388332421706784e-05,2.452278098427758e-05
0,0.0,massive_planetesimal,726,MP_725,96.82903183986686,2.1871324926858886e-06,2.1000055014580763e-05
0,0.0,massive_planetesimal,727,MP_726,104.52200725408912,1.004437300215468e-05,1.5533050064947642e-05
0,0.0,massive_planetesimal,728,MP_727,101.59467275005473,3.132187694251974e-05,2.3829310376242385e-05
0,0.0,massive_planetesimal,729,MP_728,96.46623142864364,1.3822913823677542e-05,9.115808030550376e-06
0,0.0,massive_planetesimal,730,MP_729,100.90537408585725,5.430301831812537e-06,2.3146557793542595e-05
0,0.0,massive_planetesimal,731,MP_730,100.21997387045737,1.024335250863832e-05,7.194024615706825e-06
0,0.0,massive_planetesimal,732,MP_731,98.03248618147846,4.935795907197333e-06,2.303607239996808e-05
0,0.0,massive_planetesimal,733,MP_732,100.1893043524214,2.090864638427962e-05,1.1486349657968266e-05
0,0.0,massive_planetesimal,734,MP_733,96.57011324151787,2.4905683032060832e-05,2.554196249185269e-05
0,0.0,massive_planetesimal,735,MP_734,99.68337742791817,1.9057420119177674e-05,2.9414949330792166e-05
0,0.0,massive_planetesimal,736,MP_735,98.7128048750863,1.67302434631039e-06,2.376805240761552e-05
0,0.0,massive_planetesimal,737,MP_736,100.34716717422708,4.471270213447025e-07,0.0
0,0.0,massive_planetesimal,738,MP_737,101.1359393771611,7.309967094963352e-06,1.893761558392725e-05
0,0.0,massive_planetesimal,739,MP_738,97.36860603127289,9.546274565006202e-07,9.846198017076838e-06
0,0.0,massive_planetesimal,740,MP_739,100.758336185818,1.8155537888562993e-05,2.6522008005948065e-05
0,0.0,massive_planetesimal,741,MP_740,95.40869989771677,1.0070011625083207e-05,2.8083832591626884e-05
0,0.0,massive_planetesimal,742,MP_741,98.81348901587646,1.5659494292375995e-05,1.774535200165325e-05
0,0.0,massive_planetesimal,743,MP_742,101.53404812003646,2.1134471631589673e-05,1.688228096739878e-05
0,0.0,massive_planetesimal,744,MP_743,95.44941403509209,2.638408216620901e-05,1.3472320895799749e-05
0,0.0,massive_planetesimal,745,MP_744,96.74916952770722,4.841850287110719e-06,5.263014220319208e-06
0,0.0,massive_planetesimal,746,MP_745,104.05617397067488,8.915729894713375e-06,2.0720507705914895e-05
0,0.0,massive_planetesimal,747,MP_746,100.3631977722263,7.610732316163736e-06,2.650826247094554e-05
0,0.0,massive_planetesimal,748,MP_747,102.90413268345577,7.727649940248573e-06,2.765225093091718e-05
0,0.0,massive_planetesimal,749,MP_748,97.88386703414172,1.707583788621184e-05,1.679570459689203e-05
0,0.0,massive_planetesimal,750,MP_749,97.71388132825031,1.1443142727078087e-05,1.5344191370284065e-05
0,0.0,massive_planetesimal,751,MP_750,95.18851579037955,1.4560696338570856e-05,1.9784719072079925e-05
0,0.0,massive_planetesimal,752,MP_751,99.11655695129743,6.006909517896065e-06,2.419360121073552e-05
0,0.0,massive_planetesimal,753,MP_752,103.77427079216393,3.904477819463055e-06,3.6222548091772e-06
0,0.0,massive_planetesimal,754,MP_753,102.63187082395253,7.848506979806613e-06,2.699869328381916e-06
0,0.0,massive_planetesimal,755,MP_754,102.3334484836335,1.785237371189533e-05,2.3178028314933844e-05
0,0.0,massive_planetesimal,756,MP_755,102.70609332638422,1.0147861179584652e-05,2.0930518217647733e-05
0,0.0,massive_planetesimal,757,MP_756,101.66217165305378,2.7701985131444855e-05,4.517745487845102e-06
0,0.0,massive_planetesimal,758,MP_757,104.89658496671753,1.5791088265784718e-05,1.142271288210643e-05
0,0.0,massive_planetesimal,759,MP_758,102.25708395737739,9.080259065871863e-06,2.2588727439225506e-06
0,0.0,massive_planetesimal,760,MP_759,97.5037659898982,2.3875335426530794e-05,2.462659727359999e-05
0,0.0,massive_planetesimal,761,MP_760,104.90145614055757,7.764011793043312e-06,8.748576518413899e-06
0,0.0,massive_planetesimal,762,MP_761,102.55026377500566,1.1891411775331578e-06,1.774535200165325e-05
0,0.0,massive_planetesimal,763,MP_762,96.62749719299858,1.1654230704316359e-05,2.7146779972275288e-05
0,0.0,massive_planetesimal,764,MP_763,99.8922906718999,2.4105811983087994e-06,2.1699963539503996e-05
0,0.0,massive_planetesimal,765,MP_764,101.72015722299584,2.4609981242932703e-05,1.619921597029155e-05
0,0.0,massive_planetesimal,766,MP_765,97.35452017013883,1.5895608983044964e-05,2.3350358035739973e-05
0,0.0,massive_planetesimal,767,MP_766,99.34610360737203,5.818094493232396e-06,1.059505231752994e-05
0,0.0,massive_planetesimal,768,MP_767,104.86590075922096,2.085436028518135e-05,2.23942727958561e-05
0,0.0,massive_planetesimal,769,MP_768,96.06380649310964,3.114419168342235e-05,2.765225093091718e-05
0,0.0,massive_planetesimal,770,MP_769,98.23128206145473,9.176774744089068e-06,4.353408482428142e-06
0,0.0,massive_planetesimal,771,MP_770,97.15357167479395,3.0035541465262102e-05,2.045496267426006e-05
0,0.0,massive_planetesimal,772,MP_771,103.49461818644164,1.0589464953649524e-05,6.273929367455621e-06
0,0.0,massive_planetesimal,773,MP_772,98.2596360277933,8.680770326770638e-06,2.075565702330201e-05
0,0.0,massive_planetesimal,774,MP_773,96.75849749281012,7.0696915912463264e-06,6.445849674396954e-06
0,0.0,massive_planetesimal,775,MP_774,97.72939811774894,3.1833709587466475e-05,2.939015796580554e-05
0,0.0,massive_planetesimal,776,MP_775,103.44413546659241,2.56846701245074e-05,4.094554566467037e-06
0,0.0,massive_planetesimal,777,MP_776,103.82084999095504,3.4357071901318708e-06,1.8390847172212026e-05
0,0.0,massive_planetesimal,778,MP_777,99.5476929247559,2.6586487902337832e-06,1.8529051939721453e-05
0,0.0,massive_planetesimal,779,MP_778,103.7489720047259,8.758413044412373e-06,5.0509930079323e-06
0,0.0,massive_planetesimal,780,MP_779,101.60117633882035,4.553055313863088e-06,3.52019892386405e-06
0,0.0,massive_planetesimal,781,MP_780,104.44115115496535,1.489956855002749e-06,2.4313818602933875e-05
0,0.0,massive_planetesimal,782,MP_781,97.85508991690416,1.4498627865888583e-05,2.741397912824408e-05
0,0.0,massive_planetesimal,783,MP_782,102.27015741268376,2.734485977701517e-05,1.2806604693773934e-05
0,0.0,massive_planetesimal,784,MP_783,100.24910379954913,2.4823226048583754e-05,3.127656162661276e-05
0,0.0,massive_planetesimal,785,MP_784,96.33889069375186,9.502039609950065e-06,2.699869328381916e-06
0,0.0,massive_planetesimal,786,MP_785,102.9357774939161,7.869684818791186e-06,1.9581033806511645e-05
0,0.0,massive_planetesimal,787,MP_786,98.44766193965954,1.889181462999946e-05,1.619921597029155e-05
0,0.0,massive_planetesimal,788,MP_787,97.67332714457581,1.9598256490691155e-05,2.2588727439225506e-06
0,0.0,massive_planetesimal,789,MP_788,101.05176850003082,1.3120950838623308e-05,1.0138000340489137e-05
0,0.0,massive_planetesimal,790,MP_789,104.0930131564027,2.3870219390048673e-05,2.181721622226445e-05
0,0.0,massive_planetesimal,791,MP_790,97.09432836526254,7.220415539683416e-06,2.4935452903362143e-05
0,0.0,massive_planetesimal,792,MP_791,99.43177987245295,1.974811448545694e-05,2.780996466762975e-05
0,0.0,massive_planetesimal,793,MP_792,98.64108362241977,1.544119843987977e-05,2.9575586669422292e-05
0,0.0,massive_planetesimal,794,MP_793,95.65215669899537,2.982763034789668e-05,1.6063655294419955e-05
0,0.0,massive_planetesimal,795,MP_794,99.38407090530153,8.719634947571025e-06,2.1086653546985296e-05
0,0.0,massive_planetesimal,796,MP_795,101.44086857336636,1.2714684294462857e-05,0.0
0,0.0,massive_planetesimal,797,MP_796,99.30609902480832,2.6214362936491346e-06,8.79013768592829e-06
0,0.0,massive_planetesimal,798,MP_797,104.16302033914982,1.8729916946660487e-05,3.093677994638948e-05
0,0.0,massive_planetesimal,799,MP_798,96.36831784003957,2.19056455806725e-05,1.569643750643458e-05
0,0.0,massive_planetesimal,800,MP_799,98.1583148508848,5.806542569683426e-06,5.9764155237611605e-06
50,500000.0,star,0,star,,,
50,500000.0,massive_planetesimal,1,MP_0,97.7740482892829,0.005059207614483817,0.13478446579815478
50,500000.0,massive_planetesimal,2,MP_1,103.44620887522099,0.004596628983158852,0.15965405001557179
50,500000.0,massive_planetesimal,3,MP_2,101.84118013665393,0.008148666440268716,0.08785642464942753
50,500000.0,massive_planetesimal,4,MP_3,102.8261228107773,0.007288933017770458,0.11284785275360784
50,500000.0,massive_planetesimal,5,MP_4,105.35621376434183,0.0019421556940308795,0.11736827157899479
50,500000.0,massive_planetesimal,6,MP_5,100.78728172104483,0.00370472122683098,0.1143670383272492
50,500000.0,massive_planetesimal,7,MP_6,95.44682923037857,0.00089894936195708,0.17320547338893197
50,500000.0,massive_planetesimal,8,MP_7,99.40824085555502,0.005693865921397918,0.10259512646333961
50,500000.0,massive_planetesimal,9,MP_8,104.13763944032068,0.0050688993880747876,0.1797457184184161
50,500000.0,massive_planetesimal,10,MP_9,100.54429153931315,0.006154866228438883,0.16435144599619064
50,500000.0,massive_planetesimal,11,MP_10,100.98711813873368,0.006123409240260026,0.24947458212745036
50,500000.0,massive_planetesimal,12,MP_11,97.71082938568944,0.0010775692102191277,0.22400796967839104
50,500000.0,massive_planetesimal,13,MP_12,103.84145862894714,0.003162699393524466,0.09860377317746513
50,500000.0,massive_planetesimal,14,MP_13,102.03069422289467,0.008152081236173704,0.17969080566521878
50,500000.0,massive_planetesimal,15,MP_14,96.60653332821302,0.00543529087402112,0.11870172557523151
50,500000.0,massive_planetesimal,16,MP_15,94.84402984519818,0.008503188701323173,0.031008012826252086
50,500000.0,massive_planetesimal,17,MP_16,101.55283028306373,0.004363775244161928,0.09627483343060297
50,500000.0,massive_planetesimal,18,MP_17,98.112622698644,0.00204641753544246,0.21243805809845306
50,500000.0,massive_planetesimal,19,MP_18,94.62372072914185,0.0033251019323252756,0.17768189280649266
50,500000.0,massive_planetesimal,20,MP_19,96.72202998523963,0.00880815370265296,0.17612189022075855
50,500000.0,massive_planetesimal,21,MP_20,100.04848349143553,0.0033258307126975985,0.08106941077766636
50,500000.0,massive_planetesimal,22,MP_21,98.57866993268468,0.003787473844537002,0.0840782214109755
50,500000.0,massive_planetesimal,23,MP_22,100.37826000018573,0.008318924848968701,0.08813471012426688
50,500000.0,massive_planetesimal,24,MP_23,102.02109721055456,0.008127047215298356,0.20309858467218248
50,500000.0,massive_planetesimal,25,MP_24,101.5843663646635,0.004575381337241687,0.20532822174295742
50,500000.0,massive_planetesimal,26,MP_25,103.44680353609934,0.0016540786321443046,0.08673639413990664
50,500000.0,massive_planetesimal,27,MP_26,98.51116718947337,0.003965874565825751,0.32012482524736335
50,500000.0,massive_planetesimal,28,MP_27,99.21162498151716,0.004306089087627899,0.2431082841566276
50,500000.0,massive_planetesimal,29,MP_28,99.64813964331096,0.005028677638950579,0.18732898385312627
50,500000.0,massive_planetesimal,30,MP_29,99.55069461920561,0.009299903766868976,0.17811604799477718
50,500000.0,massive_planetesimal,31,MP_30,103.96436673218896,0.009902647859136573,0.044521379545632005
50,500000.0,massive_planetesimal,32,MP_31,97.8347996267843,0.0051689581018557265,0.1777892355946235
50,500000.0,massive_planetesimal,33,MP_32,95.39034559884469,0.005279979519922882,0.038334452995482236
50,500000.0,massive_planetesimal,34,MP_33,95.93184401221332,0.0066566060390784755,0.09374239806737124
50,500000.0,massive_planetesimal,35,MP_34,96.78174169936456,0.009878797883616258,0.14005725058707483
50,500000.0,massive_planetesimal,36,MP_35,99.95825712429713,0.0024782434853552852,0.23764688410195572
50,500000.0,massive_planetesimal,37,MP_36,95.79847399029667,0.0022878575109868756,0.1003841331796394
50,500000.0,massive_planetesimal,38,MP_37,96.48670615269869,0.00581288541092265,0.21307187022445997
50,500000.0,massive_planetesimal,39,MP_38,102.31034407087552,0.010213442030626982,0.07928985978047304
50,500000.0,massive_planetesimal,40,MP_39,105.03658470988408,0.007060794381538255,0.27994307105197475
50,500000.0,massive_planetesimal,41,MP_40,103.18299711716588,0.012794860886384148,0.05454022815474492
50,500000.0,massive_planetesimal,42,MP_41,100.97023328033148,0.004477957341678048,0.22046240384714516
50,500000.0,massive_planetesimal,43,MP_42,98.44825182415958,0.008784903417659818,0.029568890794969195
50,500000.0,massive_planetesimal,44,MP_43,97.75171167001773,0.0040537844916799,0.08837007412914666
50,500000.0,massive_planetesimal,45,MP_44,104.34870175059508,0.0058761171464608315,0.18579165235333645
50,500000.0,massive_planetesimal,46,MP_45,100.05891988661244,0.007989405427707518,0.29945032741074756
50,500000.0,massive_planetesimal,47,MP_46,96.76837776533233,0.003547656887455177,0.20214669062016347
50,500000.0,massive_planetesimal,48,MP_47,95.89210224105352,0.0053197613725182585,0.08124763221240497
50,500000.0,massive_planetesimal,49,MP_48,98.43039764354332,0.007665424128848054,0.1606722984362701
50,500000.0,massive_planetesimal,50,MP_49,103.10233450123722,0.0023258958002736613,0.28402293553807295
50,500000.0,massive_planetesimal,51,MP_50,103.55401626991822,0.004490531334105533,0.13635919959472262
50,500000.0,massive_planetesimal,52,MP_51,98.11544181015573,0.007498252904273128,0.11780727641804009
50,500000.0,massive_planetesimal,53,MP_52,97.87152228351685,0.018901308900546848,0.24412673481464123
50,500000.0,massive_planetesimal,54,MP_53,96.06544274085068,0.0030252657369826278,0.25313639603827665
50,500000.0,massive_planetesimal,55,MP_54,104.04403119797766,0.011380852155096457,0.11005428830493746
50,500000.0,massive_planetesimal,56,MP_55,100.1177580171076,0.006202093671723149,0.2815485074389598
50,500000.0,massive_planetesimal,57,MP_56,97.10711389123354,0.004721857749268946,0.10785589007246088
50,500000.0,massive_planetesimal,58,MP_57,105.16893294793371,0.003566900220550473,0.07269097106363862
50,500000.0,massive_planetesimal,59,MP_58,102.32147277965825,0.014243597674123507,0.3954043283283962
50,500000.0,massive_planetesimal,60,MP_59,102.1631685812283,0.012875114365669363,0.1410519517505483
50,500000.0,massive_planetesimal,61,MP_60,105.2535153996356,0.016286109069250557,0.20340043130361116
50,500000.0,massive_planetesimal,62,MP_61,103.75878243584394,0.00557078539706903,0.1820278329229168
50,500000.0,massive_planetesimal,63,MP_62,98.9611383991894,0.005677009359625597,0.043917840683008205
50,500000.0,massive_planetesimal,64,MP_63,100.45688661337559,0.006558759961702305,0.3070728005216615
50,500000.0,massive_planetesimal,65,MP_64,97.58341114560953,0.011088568900032871,0.06613577594073106
50,500000.0,massive_planetesimal,66,MP_65,101.11823759032971,0.00607482956600748,0.15568755451420294
50,500000.0,massive_planetesimal,67,MP_66,104.06360194972382,0.011225115552289264,0.21690177274688333
50,500000.0,massive_planetesimal,68,MP_67,101.7655619420261,0.012856019712924991,0.2529754946275919
50,500000.0,massive_planetesimal,69,MP_68,94.33706950049923,0.012924687969825816,0.2874235202887503
50,500000.0,massive_planetesimal,70,MP_69,97.92622611665553,0.0028603990088421592,0.2684705997963042
50,500000.0,massive_planetesimal,71,MP_70,103.69892229960524,0.006123670418849896,0.15598799652503031
50,500000.0,massive_planetesimal,72,MP_71,99.77460023635804,0.009715171556017596,0.11525967410357807
50,500000.0,massive_planetesimal,73,MP_72,101.00347981075167,0.006751287300449815,0.2012744257022007
50,500000.0,massive_planetesimal,74,MP_73,104.79251019637026,0.0130124081800994,0.3264569788676599
50,500000.0,massive_planetesimal,75,MP_74,95.5031378382373,0.005056234265076594,0.16811477630867228
50,500000.0,massive_planetesimal,76,MP_75,95.50158475439834,0.007402639898904837,0.3122259231510023
50,500000.0,massive_planetesimal,77,MP_76,103.91928944195116,0.004526246178836544,0.07717247422334746
50,500000.0,massive_planetesimal,78,MP_77,101.61952889338033,0.00511102807235247,0.08596112531944108
50,500000.0,massive_planetesimal,79,MP_78,94.94393624067922,0.004951623727238334,0.2819815243089526
50,500000.0,massive_planetesimal,80,MP_79,97.63452021839817,0.005701688589019246,0.27437419706702737
50,500000.0,massive_planetesimal,81,MP_80,101.39295976063514,0.0037841755172712877,0.3866498746573055
50,500000.0,massive_planetesimal,82,MP_81,97.69735113090861,0.002167077695958571,0.19406863482406622
50,500000.0,massive_planetesimal,83,MP_82,98.28928053730928,0.011718040085915838,0.3352584533596921
50,500000.0,massive_planetesimal,84,MP_83,100.77750023182465,0.0015116796324930618,0.02462360414323455
50,500000.0,massive_planetesimal,85,MP_84,97.11180295925682,0.006468926380706102,0.23603309067969505
50,500000.0,massive_planetesimal,86,MP_85,94.66653144275605,0.004546717845785068,0.3846710814634443
50,500000.0,massive_planetesimal,87,MP_86,97.81448558994241,0.009567122226817534,0.15537481487621962
50,500000.0,massive_planetesimal,88,MP_87,97.72754214709185,0.01150788924678386,0.17389436138305572
50,500000.0,massive_planetesimal,89,MP_88,100.38888430979259,0.005878242388658021,0.11503830119558361
50,500000.0,massive_planetesimal,90,MP_89,95.36471885723311,0.006001582082640199,0.41213045562456724
50,500000.0,massive_planetesimal,91,MP_90,106.21818555591173,0.011175511987065838,0.17611818363930073
50,500000.0,massive_planetesimal,92,MP_91,98.69461720083132,0.008947352092765508,0.3629133748958474
50,500000.0,massive_planetesimal,93,MP_92,94.77644736755421,0.0027653422109419753,0.11079390324121322
50,500000.0,massive_planetesimal,94,MP_93,98.69826967907701,0.013023352532642765,0.14247745062327768
50,500000.0,massive_planetesimal,95,MP_94,101.87759418633124,0.011931108791122838,0.1919036769938424
50,500000.0,massive_planetesimal,96,MP_95,100.36201876937353,0.011115442597773794,0.20535372021376436
50,500000.0,massive_planetesimal,97,MP_96,100.78271611994606,0.004443076804185535,0.018400176654469844
50,500000.0,massive_planetesimal,98,MP_97,94.54635463499237,0.0034648062545027847,0.23419385180097968
50,500000.0,massive_planetesimal,99,MP_98,98.64189880903176,0.004811239504830196,0.08761043545353295
50,500000.0,massive_planetesimal,100,MP_99,95.44022365896808,0.009322461131883019,0.027351268753137554
50,500000.0,massive_planetesimal,101,MP_100,98.96809605602002,0.016653418388819004,0.14114514816448803
50,500000.0,massive_planetesimal,102,MP_101,105.00838009218278,0.000737569116743862,0.36326328060699664
50,500000.0,massive_planetesimal,103,MP_102,104.9691496514574,0.00960190646629781,0.26204560434670604
50,500000.0,massive_planetesimal,104,MP_103,95.84687021783665,0.0032094626502672747,0.21486795399083364
50,500000.0,massive_planetesimal,105,MP_104,104.21918507797761,0.005869119251824566,0.12083209805225674
50,500000.0,massive_planetesimal,106,MP_105,102.92004169519676,0.009987966296584945,0.2780658021108378
50,500000.0,massive_planetesimal,107,MP_106,103.3689354852077,0.008413286696397211,0.26414727783123976
50,500000.0,massive_planetesimal,108,MP_107,92.06360426814729,0.11006105131373706,0.020188268087887703
50,500000.0,massive_planetesimal,109,MP_108,102.23993776880062,0.014676535851545047,0.09238942413187828
50,500000.0,massive_planetesimal,110,MP_109,101.45194012413208,0.011360141863338112,0.2214161642826673
50,500000.0,massive_planetesimal,111,MP_110,100.91981550325787,0.008171939644183675,0.32105189349795615
50,500000.0,massive_planetesimal,112,MP_111,103.32190202336844,0.007753872128976222,0.1285730998053491
50,500000.0,massive_planetesimal,113,MP_112,102.88374224507795,0.006753966570351446,0.23127052071819262
50,500000.0,massive_planetesimal,114,MP_113,100.49375481262967,0.007242651129046401,0.25117482101224436
50,500000.0,massive_planetesimal,115,MP_114,101.24058610957871,0.007206962340483991,0.4038936121199346
50,500000.0,massive_planetesimal,116,MP_115,96.79909834684086,0.002618211087914823,0.25699605449237833
50,500000.0,massive_planetesimal,117,MP_116,101.35627478238588,0.002194225352205373,0.3647066286466442
50,500000.0,massive_planetesimal,118,MP_117,94.6810769641027,0.0074411115462883915,0.4968963197299391
50,500000.0,massive_planetesimal,119,MP_118,99.26040324626895,0.005528329300792265,0.18116243401035093
50,500000.0,massive_planetesimal,120,MP_119,104.11519675265428,0.006818898148557039,0.2476268219497265
50,500000.0,massive_planetesimal,121,MP_120,100.02418648324603,0.010220824469547916,0.3130310268047524
50,500000.0,massive_planetesimal,122,MP_121,97.6946023725628,0.008712961919795566,0.35868911481314264
50,500000.0,massive_planetesimal,123,MP_122,96.57026752008966,0.007148175901974131,0.04039339315599144
50,500000.0,massive_planetesimal,124,MP_123,101.16931735901869,0.00532946384896633,0.43202616371351654
50,500000.0,massive_planetesimal,125,MP_124,97.27815241939477,0.010353497790883123,0.16452073510365
50,500000.0,massive_planetesimal,126,MP_125,95.43237282385454,0.005052123762506956,0.12347061870944262
50,500000.0,massive_planetesimal,127,MP_126,99.32505015784051,0.011617623917691404,0.07113023422505244
50,500000.0,massive_planetesimal,128,MP_127,98.40313965313445,0.009036212548707121,0.2498825725777195
50,500000.0,massive_planetesimal,129,MP_128,94.64285190105151,0.0022089409333438136,0.14670302483105324
50,500000.0,massive_planetesimal,130,MP_129,94.13660316134388,0.00741690540426544,0.22073911884755365
50,500000.0,massive_planetesimal,131,MP_130,95.38548215948747,0.011241856242576719,0.19265139232436654
50,500000.0,massive_planetesimal,132,MP_131,99.22542455752514,0.01149942013766649,0.4229363731732589
50,500000.0,massive_planetesimal,133,MP_132,97.79556377732155,0.004417545325941605,0.48957783163885105
50,500000.0,massive_planetesimal,134,MP_133,104.02383838836631,0.009092884767425006,0.06723647080475904
50,500000.0,massive_planetesimal,135,MP_134,99.75499928300489,0.017699853868115664,0.08468923291898403
50,500000.0,massive_planetesimal,136,MP_135,96.8622342860598,0.0065833893064479315,0.04748865023280601
50,500000.0,massive_planetesimal,137,MP_136,103.0897080096712,0.009258708793890858,0.09471778191417003
50,500000.0,massive_planetesimal,138,MP_137,97.697162010481,0.00530716817214257,0.3776972883239573
50,500000.0,massive_planetesimal,139,MP_138,105.05473097314842,0.010648402229568081,0.11595740522971278
50,500000.0,massive_planetesimal,140,MP_139,104.80609687180808,0.011118388660023008,0.29448490093523794
50,500000.0,massive_planetesimal,141,MP_140,95.81567223686994,0.012727472879545643,0.23004872490723335
50,500000.0,massive_planetesimal,142,MP_141,95.85810902484026,0.00954988788453923,0.1552218216603997
50,500000.0,massive_planetesimal,143,MP_142,103.79450287018555,0.0066934601363260425,0.1628120203100513
50,500000.0,massive_planetesimal,144,MP_143,98.42658648748574,0.010283458344205982,0.34609553427454776
50,500000.0,massive_planetesimal,145,MP_144,96.72361863702287,0.004736558958456674,0.2118058582559531
50,500000.0,massive_planetesimal,146,MP_145,99.3973802043765,0.008835539727230491,0.3495451957973981
50,500000.0,massive_planetesimal,147,MP_146,97.67693998595233,0.003514425164359048,0.24775012462347054
50,500000.0,massive_planetesimal,148,MP_147,105.20846268079404,0.003588781105326121,0.0919810248538586
50,500000.0,massive_planetesimal,149,MP_148,95.78889935445369,0.009770768243686164,0.33916143552341205
50,500000.0,massive_planetesimal,150,MP_149,101.76063291525641,0.021398111543006252,0.17296158359468755
50,500000.0,massive_planetesimal,151,MP_150,102.4906999811328,0.011345626183988117,0.22506530463376917
50,500000.0,massive_planetesimal,152,MP_151,95.16903410853543,0.005439354308625328,0.14664713162848972
50,500000.0,massive_planetesimal,153,MP_152,105.48023547560726,0.012944161166082031,0.27541143825999004
50,500000.0,massive_planetesimal,154,MP_153,98.28387834550765,0.004564346553157811,0.31534565158963784
50,500000.0,massive_planetesimal,155,MP_154,97.11635497154346,0.005495156420455538,0.3881058280100499
50,500000.0,massive_planetesimal,156,MP_155,104.2152793089219,0.012372485364348403,0.29096146443894016
50,500000.0,massive_planetesimal,157,MP_156,104.63543875713181,0.006160509471931565,0.27088248601116044
50,500000.0,massive_planetesimal,158,MP_157,99.73222110368425,0.006722562766366723,0.06101307309120743
50,500000.0,massive_planetesimal,159,MP_158,105.34802314761126,0.004191740159821271,0.12978700553843328
50,500000.0,massive_planetesimal,160,MP_159,105.57758532722761,0.01608769537761207,0.1221601682246415
50,500000.0,massive_planetesimal,161,MP_160,103.5381327201152,0.01375519986806944,0.1256697047988373
50,500000.0,massive_planetesimal,162,MP_161,102.74118336891662,0.009042297003406191,0.4571120811024244
50,500000.0,massive_planetesimal,163,MP_162,101.00247291757424,0.0182193001865655,0.14529274394223418
50,500000.0,massive_planetesimal,164,MP_163,103.19522925194944,0.006932863204697602,0.4329648426236811
50,500000.0,massive_planetesimal,165,MP_164,98.86314439725892,0.010521111465858312,0.2953288911597727
50,500000.0,massive_planetesimal,166,MP_165,101.27134225179924,0.013290238972803497,0.14950987568108862
50,500000.0,massive_planetesimal,167,MP_166,98.49919518931765,0.006814664278621242,0.1737458145674041
50,500000.0,massive_planetesimal,168,MP_167,97.43329352032745,0.014005738206701207,0.2252085745830765
50,500000.0,massive_planetesimal,169,MP_168,103.33661708707034,0.0058626850032794725,0.22536445357167617
50,500000.0,massive_planetesimal,170,MP_169,98.11089119893244,0.006155311595382135,0.263079707628076
50,500000.0,massive_planetesimal,171,MP_170,102.9689832761797,0.00969176641569577,0.29846943296651346
50,500000.0,massive_planetesimal,172,MP_171,103.99161649894961,0.008696537677623715,0.3328613756336187
50,500000.0,massive_planetesimal,173,MP_172,100.2865948741365,0.006881540019216085,0.2730347763314596
50,500000.0,massive_planetesimal,174,MP_173,99.50545462482877,0.013121124824147087,0.15198255598551516
50,500000.0,massive_planetesimal,175,MP_174,96.9857501199568,0.0007677619468510625,0.19720851059694977
50,500000.0,massive_planetesimal,176,MP_175,99.00095213349418,0.012039241915831911,0.23828408057284725
50,500000.0,massive_planetesimal,177,MP_176,103.0410864007645,0.015010211373854153,0.5972538399465103
50,500000.0,massive_planetesimal,178,MP_177,95.54524388395832,0.015668121895863148,0.09627992474397987
50,500000.0,massive_planetesimal,179,MP_178,95.01246976544546,0.011307544968497198,0.7404974454535965
50,500000.0,massive_planetesimal,180,MP_179,101.83711373134216,0.0007391369041597879,0.23817307473753674
50,500000.0,massive_planetesimal,181,MP_180,96.52943143641953,0.010170397287966792,0.23023616204400685
50,500000.0,massive_planetesimal,182,MP_181,104.38007604021251,0.011422896308992604,0.07158178563054787
50,500000.0,massive_planetesimal,183,MP_182,97.83238591288423,0.008101667320284044,0.23713366816896086
50,500000.0,massive_planetesimal,184,MP_183,101.22496390505499,0.015727119867260206,0.20143774671157635
50,500000.0,massive_planetesimal,185,MP_184,98.69903664248906,0.013481525339730334,0.2219476776892894
50,500000.0,massive_planetesimal,186,MP_185,97.57293947233295,0.011183457120302836,0.4420748357049619
50,500000.0,massive_planetesimal,187,MP_186,96.93764229199861,0.010256227391213565,0.21733209444507867
50,500000.0,massive_planetesimal,188,MP_187,103.40828543233411,0.00821649649046503,0.10882827754286066
50,500000.0,massive_planetesimal,189,MP_188,101.6075013755496,0.00625051087349728,0.20560947204812696
50,500000.0,massive_planetesimal,190,MP_189,105.91967352620159,0.009015414864473036,0.1324321172021533
50,500000.0,massive_planetesimal,191,MP_190,101.44639231383131,0.008532669136637246,0.2441937065312603
50,500000.0,massive_planetesimal,192,MP_191,100.2449729923823,0.013347811411571958,0.12037652614265766
50,500000.0,massive_planetesimal,193,MP_192,98.72059853309133,0.00477584598715929,0.3784797592106353
50,500000.0,massive_planetesimal,194,MP_193,103.5495775218854,0.006428710749883793,0.11468537885495642
50,500000.0,massive_planetesimal,195,MP_194,96.78163593707447,0.01532048463972526,0.29400095410603183
50,500000.0,massive_planetesimal,196,MP_195,105.67382966932203,0.008162779279122087,0.2530062294172241
50,500000.0,massive_planetesimal,197,MP_196,104.17783592430662,0.013705596069384127,0.19934538064066926
50,500000.0,massive_planetesimal,198,MP_197,95.65183231266997,0.005056878803246282,0.19260644450964595
50,500000.0,massive_planetesimal,199,MP_198,94.43159649422158,0.010055003983170246,0.06827433934803838
50,500000.0,massive_planetesimal,200,MP_199,104.5993522677766,0.014390740581293983,0.19003943363019682
50,500000.0,massive_planetesimal,201,MP_200,100.38026636006842,0.012835835907927027,0.1255453752473729
50,500000.0,massive_planetesimal,202,MP_201,101.30578461806614,0.018903663567035024,0.2581506562291514
50,500000.0,massive_planetesimal,203,MP_202,101.41607905117733,0.016741139782106406,0.186881718583155
50,500000.0,massive_planetesimal,204,MP_203,103.50503094563963,0.007495895125204509,0.19497146155021577
50,500000.0,massive_planetesimal,205,MP_204,97.19194786773474,0.010685673270652124,0.10481822726513211
50,500000.0,massive_planetesimal,206,MP_205,96.49249272932474,0.015644774108959324,0.5333230942773064
50,500000.0,massive_planetesimal,207,MP_206,98.39847910755788,0.0016438917179360335,0.2956529872588163
50,500000.0,massive_planetesimal,208,MP_207,96.20459663736055,0.010912332495294374,0.23689806754092166
50,500000.0,massive_planetesimal,209,MP_208,105.75645440086693,0.01053098017161721,0.15793809991090244
50,500000.0,massive_planetesimal,210,MP_209,96.24897691224994,0.011562365263116109,0.324953686295022
50,500000.0,massive_planetesimal,211,MP_210,94.1914498182609,0.007813321572590431,0.2158292427121457
50,500000.0,massive_planetesimal,212,MP_211,97.7913614355636,0.009848733951933841,0.3724436225864171
50,500000.0,massive_planetesimal,213,MP_212,97.51635456073623,0.025235058666994305,0.2570064679607419
50,500000.0,massive_planetesimal,214,MP_213,102.93189539769453,0.006761273524958772,0.28140879919815726
50,500000.0,massive_planetesimal,215,MP_214,103.75344202609108,0.01247520311851634,0.4165027087121155
50,500000.0,massive_planetesimal,216,MP_215,100.6899266821983,0.0014474031866331255,0.10714652598937455
50,500000.0,massive_planetesimal,217,MP_216,95.24813309271535,0.010728871593777868,0.3717914905750157
50,500000.0,massive_planetesimal,218,MP_217,104.27063534026263,0.005858217512805959,0.2923804815849717
50,500000.0,massive_planetesimal,219,MP_218,95.07935940006774,0.008207021062795111,0.11131454297559333
50,500000.0,massive_planetesimal,220,MP_219,93.63532683636394,0.0070728796622787325,0.1107433398704212
50,500000.0,massive_planetesimal,221,MP_220,99.28710345869057,0.015245506536847291,0.22487834866490075
50,500000.0,massive_planetesimal,222,MP_221,100.23743064345462,0.011195271909858409,0.32073011951106195
50,500000.0,massive_planetesimal,223,MP_222,103.69370121698499,0.011182230149484617,0.38138523641704714
50,500000.0,massive_planetesimal,224,MP_223,102.9328016021933,0.0026960179899732117,0.12163125032570785
50,500000.0,massive_planetesimal,225,MP_224,102.63794159327607,0.005639393088235004,0.2171137647310685
50,500000.0,massive_planetesimal,226,MP_225,104.0909679551757,0.006131049931261465,0.29532236428598885
50,500000.0,massive_planetesimal,227,MP_226,99.11023354505254,0.013161779592329103,0.39098937237945913
50,500000.0,massive_planetesimal,228,MP_227,103.10883839959762,0.008633053276053147,0.2845341137908113
50,500000.0,massive_planetesimal,229,MP_228,97.84156454063069,0.009605474213554639,0.3596714364993762
50,500000.0,massive_planetesimal,230,MP_229,100.95875585412554,0.01423240269216035,0.2741713264845212
50,500000.0,massive_planetesimal,231,MP_230,101.57947658769719,0.0067199228461802775,0.18080662848717335
50,500000.0,massive_planetesimal,232,MP_231,100.44523681779307,0.024310798953139857,0.3072793685189153
50,500000.0,massive_planetesimal,233,MP_232,97.32874279381355,0.008335058058734125,0.33716077041188175
50,500000.0,massive_planetesimal,234,MP_233,100.30785968795269,0.013377474762054038,0.12221313765470461
50,500000.0,massive_planetesimal,235,MP_234,96.22077104746313,0.011563882275669457,0.13669906383237715
50,500000.0,massive_planetesimal,236,MP_235,105.44946451722471,0.009084146402341503,0.04581957872697931
50,500000.0,massive_planetesimal,237,MP_236,100.19989244510363,0.002695154201033196,0.2713013250910062
50,500000.0,massive_planetesimal,238,MP_237,102.17760659800942,0.023692631660030387,0.14739288378757492
50,500000.0,massive_planetesimal,239,MP_238,100.73081995208949,0.01952121852987104,0.05889562679487766
50,500000.0,massive_planetesimal,240,MP_239,96.03180807236312,0.00773356439131357,0.2829864122438598
50,500000.0,massive_planetesimal,241,MP_240,95.35652918338234,0.015729804875985572,0.27845066174616967
50,500000.0,massive_planetesimal,242,MP_241,105.7243688353476,0.01618350681619891,0.38767011780019256
50,500000.0,massive_planetesimal,243,MP_242,99.11398108906289,0.021240013301901367,0.29075207423387583
50,500000.0,massive_planetesimal,244,MP_243,105.36944098785226,0.004199676732550548,0.1888252419249649
50,500000.0,massive_planetesimal,245,MP_244,101.81956439008093,0.010262705698548705,0.14986051089196806
50,500000.0,massive_planetesimal,246,MP_245,101.9009296791671,0.005872498110596622,0.2716063607232358
50,500000.0,massive_planetesimal,247,MP_246,98.32584381325019,0.018954100979751216,0.2435887239318537
50,500000.0,massive_planetesimal,248,MP_247,101.59465727934096,0.008602732647648065,0.1754443189551423
50,500000.0,massive_planetesimal,249,MP_248,103.67997205806537,0.009920719327354353,0.18024344919273894
50,500000.0,massive_planetesimal,250,MP_249,96.90284926109952,0.0033446465841719558,0.30767476066170146
50,500000.0,massive_planetesimal,251,MP_250,104.89476641190969,0.006933192930487777,0.17192480329766466
50,500000.0,massive_planetesimal,252,MP_251,100.14009648857876,0.008647641113763,0.40933798944594924
50,500000.0,massive_planetesimal,253,MP_252,103.81122027965428,0.01560430997447724,0.3895746657375294
50,500000.0,massive_planetesimal,254,MP_253,95.88813693312515,0.005574114437514148,0.3348168868945763
50,500000.0,massive_planetesimal,255,MP_254,102.44355779010954,0.010648857882661967,0.09366988497424669
50,500000.0,massive_planetesimal,256,MP_255,98.64957154571331,0.005472526353061226,0.44255657551846656
50,500000.0,massive_planetesimal,257,MP_256,103.65375640686291,0.008854491740352636,0.6196030100485319
50,500000.0,massive_planetesimal,258,MP_257,98.48620951038467,0.010847899719617839,0.14824995137882893
50,500000.0,massive_planetesimal,259,MP_258,97.4467275243587,0.012397035923875336,0.20294376981740803
50,500000.0,massive_planetesimal,260,MP_259,96.32868177281622,0.007779382571493555,0.3201758008861807
50,500000.0,massive_planetesimal,261,MP_260,102.9178881658425,0.0060256995847200985,0.36792387477623517
50,500000.0,massive_planetesimal,262,MP_261,95.42385742200878,0.0077860843998223146,0.2983778993985384
50,500000.0,massive_planetesimal,263,MP_262,102.2891739569146,0.012183839144579356,0.2229850335137876
50,500000.0,massive_planetesimal,264,MP_263,103.9366492047404,0.011372770652380768,0.15375574233116887
50,500000.0,massive_planetesimal,265,MP_264,101.18794144560397,0.011584507355297667,0.17219107093346475
50,500000.0,massive_planetesimal,266,MP_265,95.4238809782593,0.016985011068342697,0.0766941587136454
50,500000.0,massive_planetesimal,267,MP_266,96.26098078612735,0.003507748742327667,0.04211647105230994
50,500000.0,massive_planetesimal,268,MP_267,103.67728051132856,0.006717859762314585,0.29833817753539005
50,500000.0,massive_planetesimal,269,MP_268,100.01400278563072,0.016521178137568288,0.5350898780543016
50,500000.0,massive_planetesimal,270,MP_269,100.65004336818315,0.006020195513768818,0.27228660347822664
50,500000.0,massive_planetesimal,271,MP_270,96.4793787833287,0.0045085573551805515,0.3926707231306785
50,500000.0,massive_planetesimal,272,MP_271,98.10556159514431,0.01248405425400605,0.24297073942691824
50,500000.0,massive_planetesimal,273,MP_272,100.1320033820037,0.011793223638118064,0.4437896813716082
50,500000.0,massive_planetesimal,274,MP_273,98.58759248062822,0.010740500977846585,0.4343549039647123
50,500000.0,massive_planetesimal,275,MP_274,96.38793926364971,0.017187831911345125,0.48183273121377207
50,500000.0,massive_planetesimal,276,MP_275,103.73150047247445,0.011158146256181114,0.16300019931942278
50,500000.0,massive_planetesimal,277,MP_276,95.17047053715788,0.0052837774922521305,0.2698242333644889
50,500000.0,massive_planetesimal,278,MP_277,101.99792846840856,0.005723217936562527,0.49538149806686543
50,500000.0,massive_planetesimal,279,MP_278,96.63184190769408,0.020328834387059656,0.6156924127742551
50,500000.0,massive_planetesimal,280,MP_279,101.03466065164885,0.009365824423733701,0.0540608026260464
50,500000.0,massive_planetesimal,281,MP_280,105.8694861735965,0.008524510272375203,0.38775746387604787
50,500000.0,massive_planetesimal,282,MP_281,101.36590353924993,0.01365021775555205,0.06551269920317042
50,500000.0,massive_planetesimal,283,MP_282,97.45806043388669,0.010960340935389242,0.23420865525854004
50,500000.0,massive_planetesimal,284,MP_283,104.13019317833415,0.013814488239829753,0.11109203718885598
50,500000.0,massive_planetesimal,285,MP_284,99.07151984140745,0.009050319029191593,0.48426925931162723
50,500000.0,massive_planetesimal,286,MP_285,102.18162978102603,0.013584188082582853,0.313003330889808
50,500000.0,massive_planetesimal,287,MP_286,97.78750164007323,0.014938564309420085,0.05200365426717756
50,500000.0,massive_planetesimal,288,MP_287,102.44596559038747,0.013343874619850092,0.1535514276659518
50,500000.0,massive_planetesimal,289,MP_288,95.45190232716811,0.009998366159537432,0.2599369698653593
50,500000.0,massive_planetesimal,290,MP_289,103.19091668344996,0.004804847160076704,0.09312883140410019
50,500000.0,massive_planetesimal,291,MP_290,96.19609121808688,0.019873227571644652,0.22008989546683577
50,500000.0,massive_planetesimal,292,MP_291,101.66575084739372,0.011433936147662967,0.45669283426580215
50,500000.0,massive_planetesimal,293,MP_292,103.49436618749219,0.007332537579339988,0.46148277462841253
50,500000.0,massive_planetesimal,294,MP_293,104.1837573149824,0.01769559722932142,0.31387224283163356
50,500000.0,massive_planetesimal,295,MP_294,96.01222585061365,0.004593379281155168,0.34073824090703997
50,500000.0,massive_planetesimal,296,MP_295,101.41905104575001,0.005484791141032044,0.30507178119043593
50,500000.0,massive_planetesimal,297,MP_296,98.89600983240092,0.015464299916112364,0.34260516612929065
50,500000.0,massive_planetesimal,298,MP_297,98.98692839880863,0.0012638202806879444,0.527685789326813
50,500000.0,massive_planetesimal,299,MP_298,102.456413964407,0.0035748024352920214,0.31710134556331554
50,500000.0,massive_planetesimal,300,MP_299,104.98146877036352,0.007782395103505187,0.3619928995254655
50,500000.0,massive_planetesimal,301,MP_300,103.16589076087577,0.009747728957300526,0.060853026315443225
50,500000.0,massive_planetesimal,302,MP_301,96.70680043904332,0.00771429984655513,0.19984047930195725
50,500000.0,massive_planetesimal,303,MP_302,100.07051672428209,0.009435519719000491,0.11490685880504388
50,500000.0,massive_planetesimal,304,MP_303,98.1692081175187,0.0029177725538322907,0.2589000670461601
50,500000.0,massive_planetesimal,305,MP_304,105.52071543466987,0.005076076201516474,0.2786563335163122
50,500000.0,massive_planetesimal,306,MP_305,100.16839474955252,0.017817232164553498,0.36284801393804056
50,500000.0,massive_planetesimal,307,MP_306,95.90993651391139,0.021582122946861463,0.07138861392509993
50,500000.0,massive_planetesimal,308,MP_307,101.10971525756652,0.006904992024831923,0.17921760483101457
50,500000.0,massive_planetesimal,309,MP_308,99.5201113717846,0.00527051794154799,0.2652377414783743
50,500000.0,massive_planetesimal,310,MP_309,101.73528694087649,0.004101357632413591,0.29320959393161866
50,500000.0,massive_planetesimal,311,MP_310,98.1367032457945,0.012750885281694529,0.24063711869168752
50,500000.0,massive_planetesimal,312,MP_311,105.17310389701633,0.0013932609452797602,0.3335921223450605
50,500000.0,massive_planetesimal,313,MP_312,104.85727122776821,0.012455160447360622,0.5545201760082642
50,500000.0,massive_planetesimal,314,MP_313,98.42186528306762,0.014219998680896798,0.3419075568846008
50,500000.0,massive_planetesimal,315,MP_314,99.86508146457433,0.006351415860522948,0.2805484149905893
50,500000.0,massive_planetesimal,316,MP_315,96.61889863379821,0.019034720275830332,0.19255081683873387
50,500000.0,massive_planetesimal,317,MP_316,104.48077945039725,0.012425942434868413,0.29231037429662854
50,500000.0,massive_planetesimal,318,MP_317,101.71624208565086,0.004008568950165424,0.07186584868852934
50,500000.0,massive_planetesimal,319,MP_318,103.69936415448862,0.005779558082714725,0.16584663694386628
50,500000.0,massive_planetesimal,320,MP_319,97.19438318049205,0.00785812476778147,0.3587812435200524
50,500000.0,massive_planetesimal,321,MP_320,102.27360220931214,0.0024834515467012787,0.34196258002326196
50,500000.0,massive_planetesimal,322,MP_321,97.70340135970476,0.01366230429307551,0.3631683908430175
50,500000.0,massive_planetesimal,323,MP_322,104.78904855741996,0.009303723740418325,0.6811055157499525
50,500000.0,massive_planetesimal,324,MP_323,96.72547006969694,0.012574864457516693,0.09659769491704415
50,500000.0,massive_planetesimal,325,MP_324,102.34762186632402,0.017420146621690807,0.22478755633511716
50,500000.0,massive_planetesimal,326,MP_325,102.61810839019448,0.006167365518190281,0.1840016767156483
50,500000.0,massive_planetesimal,327,MP_326,97.32415122731054,0.01556473416538912,0.1757448667030574
50,500000.0,massive_planetesimal,328,MP_327,99.6208125818819,0.012363572659651169,0.21449732541626498
50,500000.0,massive_planetesimal,329,MP_328,98.45231655300661,0.010622839865263802,0.17858862159042282
50,500000.0,massive_planetesimal,330,MP_329,97.38831829626284,0.012083928545506337,0.2537057073205864
50,500000.0,massive_planetesimal,331,MP_330,105.34683606917909,0.012898775458935923,0.2809390510395876
50,500000.0,massive_planetesimal,332,MP_331,102.67513599959402,0.01692220968286424,0.4363087911515691
50,500000.0,massive_planetesimal,333,MP_332,99.46565755336209,0.002065397812977069,0.2618863251207846
50,500000.0,massive_planetesimal,334,MP_333,104.16842514447855,0.010246097601701419,0.3024796795978771
50,500000.0,massive_planetesimal,335,MP_334,95.95538694466798,0.009608830462904856,0.19024579588164414
50,500000.0,massive_planetesimal,336,MP_335,134.10286352213149,0.41083311431825137,0.15113486112982466
50,500000.0,massive_planetesimal,337,MP_336,98.73885911070779,0.02804710797560807,0.20335379814343438
50,500000.0,massive_planetesimal,338,MP_337,94.40267109335788,0.02300486835556126,0.2836896453619976
50,500000.0,massive_planetesimal,339,MP_338,101.90755329623543,0.01869779341067605,0.1883070375412483
50,500000.0,massive_planetesimal,340,MP_339,97.01271751549457,0.003459492284039061,0.0993885750849053
50,500000.0,massive_planetesimal,341,MP_340,96.23708283147904,0.00907075122320664,0.45651590854899377
50,500000.0,massive_planetesimal,342,MP_341,99.5113665473097,0.01206050027747794,0.23316052197185635
50,500000.0,massive_planetesimal,343,MP_342,102.33980027504668,0.01058840179300511,0.24175535717771232
50,500000.0,massive_planetesimal,344,MP_343,96.158889476372,0.016536367981102678,0.19352178388648086
50,500000.0,massive_planetesimal,345,MP_344,97.73866146435425,0.004742626234545461,0.4896569299498166
50,500000.0,massive_planetesimal,346,MP_345,103.41320186731427,0.014983755702776274,0.30168295868741657
50,500000.0,massive_planetesimal,347,MP_346,103.44889569142057,0.006738956632877678,0.046159277609778705
50,500000.0,massive_planetesimal,348,MP_347,100.8317428331729,0.009104290242321636,0.1946202597685942
50,500000.0,massive_planetesimal,349,MP_348,103.36763720282134,0.011542224008938678,0.08188557202084401
50,500000.0,massive_planetesimal,350,MP_349,104.73513747575872,0.017846708550163185,0.2143320847707571
50,500000.0,massive_planetesimal,351,MP_350,100.27754006174025,0.008711884197152374,0.30351412020863316
50,500000.0,massive_planetesimal,352,MP_351,102.51949179775755,0.009643819134753033,0.4052818872935573
50,500000.0,massive_planetesimal,353,MP_352,97.01487845897165,0.010352267274857444,0.2742542493269309
50,500000.0,massive_planetesimal,354,MP_353,97.44150973223437,0.005739015933945231,0.4372270928736376
50,500000.0,massive_planetesimal,355,MP_354,100.73823923284812,0.0102679514311755,0.3989402093874742
50,500000.0,massive_planetesimal,356,MP_355,98.09831728447875,0.005534810188593177,0.0594152993325885
50,500000.0,massive_planetesimal,357,MP_356,97.47488039220597,0.0015252397485947095,0.23715446624742478
50,500000.0,massive_planetesimal,358,MP_357,101.87769914285326,0.0027690993302874507,0.2147309654394389
50,500000.0,massive_planetesimal,359,MP_358,102.14892211080848,0.012098076066943854,0.16468026413103598
50,500000.0,massive_planetesimal,360,MP_359,97.12504592567313,0.0021196196474069077,0.16450139644203543
50,500000.0,massive_planetesimal,361,MP_360,104.8953032184701,0.012567487646314232,0.22291366125502818
50,500000.0,massive_planetesimal,362,MP_361,102.38874207781376,0.010335849185730248,0.09934601659579421
50,500000.0,massive_planetesimal,363,MP_362,100.67085005926305,0.00957091008398699,0.3756151503196353
50,500000.0,massive_planetesimal,364,MP_363,96.87748301183422,0.013632467994077767,0.2972928734191904
50,500000.0,massive_planetesimal,365,MP_364,101.01835083305036,0.015197232574388894,0.4538507091277569
50,500000.0,massive_planetesimal,366,MP_365,100.13757567300492,0.01325473980784576,0.04358694781136275
50,500000.0,massive_planetesimal,367,MP_366,94.47334057045018,0.009284273310488608,0.26911329039673343
50,500000.0,massive_planetesimal,368,MP_367,105.42991071797276,0.014756939914798525,0.11760092038497129
50,500000.0,massive_planetesimal,369,MP_368,96.2809261580811,0.006575195033809273,0.3444608940266859
50,500000.0,massive_planetesimal,370,MP_369,102.4900864334328,0.006603925229281137,0.4751702421601025
50,500000.0,massive_planetesimal,371,MP_370,97.67831579469511,0.010303626088941387,0.18579206874284449
50,500000.0,massive_planetesimal,372,MP_371,100.58876056540608,0.017188152243212015,0.06400347772006415
50,500000.0,massive_planetesimal,373,MP_372,97.02961242559854,0.01987461202851315,0.06393767349546059
50,500000.0,massive_planetesimal,374,MP_373,96.56213017514338,0.005336069426962791,0.2898482506524562
50,500000.0,massive_planetesimal,375,MP_374,100.15089909628632,0.012279330224833717,0.04403389866877408
50,500000.0,massive_planetesimal,376,MP_375,100.90691453345245,0.011211418076354857,0.4809909383329759
50,500000.0,massive_planetesimal,377,MP_376,101.82126688978289,0.015822456001069796,0.19028339630398028
50,500000.0,massive_planetesimal,378,MP_377,101.90585298945918,0.0035679547245698966,0.32029308061549444
50,500000.0,massive_planetesimal,379,MP_378,102.39886512902082,0.014072330084191441,0.3795385773945307
50,500000.0,massive_planetesimal,380,MP_379,104.3435489286878,0.017728693781779846,0.15136197183945788
50,500000.0,massive_planetesimal,381,MP_380,98.1727469160291,0.009047421105175455,0.04877033180125578
50,500000.0,massive_planetesimal,382,MP_381,101.01430894691967,0.010119549156068487,0.184477647224436
50,500000.0,massive_planetesimal,383,MP_382,101.87536299201412,0.014720439435846468,0.3608999348994213
50,500000.0,massive_planetesimal,384,MP_383,98.35796529779165,0.0015367542022025988,0.3364411957134538
50,500000.0,massive_planetesimal,385,MP_384,101.67661862022018,0.005090468130264081,0.2626464499969127
50,500000.0,massive_planetesimal,386,MP_385,102.040590838833,0.009500367216547076,0.2557541718250772
50,500000.0,massive_planetesimal,387,MP_386,94.74384030224319,0.00900542542849782,0.3067470530537528
50,500000.0,massive_planetesimal,388,MP_387,100.13191600397823,0.010137588840575619,0.222262203560226
50,500000.0,massive_planetesimal,389,MP_388,99.1450943734974,0.006184760407992315,0.365556076435711
50,500000.0,massive_planetesimal,390,MP_389,98.71841850807733,0.006899577379606769,0.2554892311386529
50,500000.0,massive_planetesimal,391,MP_390,98.79712666685795,0.0021515165917028625,0.14518825771887736
50,500000.0,massive_planetesimal,392,MP_391,102.21719816265225,0.007575021583212019,0.3467192822007164
50,500000.0,massive_planetesimal,393,MP_392,93.56603799830708,0.0024035941856936083,0.056690588142525124
50,500000.0,massive_planetesimal,394,MP_393,104.70686425033755,0.0076142606354428505,0.49708585544628764
50,500000.0,massive_planetesimal,395,MP_394,100.08593520396761,0.0006691506957610911,0.35921669228539677
50,500000.0,massive_planetesimal,396,MP_395,100.54912414181702,0.0058877870775020085,0.2801465317130855
50,500000.0,massive_planetesimal,397,MP_396,104.90008142783233,0.007439425681636081,0.4660872427156238
50,500000.0,massive_planetesimal,398,MP_397,97.91430148489239,0.0071681155256425304,0.5362361703972921
50,500000.0,massive_planetesimal,399,MP_398,102.58281905958926,0.013391269666958932,0.5535566569230085
50,500000.0,massive_planetesimal,400,MP_399,98.84909207408015,0.011593557223473381,0.2936210746254454
50,500000.0,massive_planetesimal,401,MP_400,101.13334037530258,0.010764995232003973,0.25963369892107746
50,500000.0,massive_planetesimal,402,MP_401,99.40505695286102,0.00747172179022339,0.27877964310537673
50,500000.0,massive_planetesimal,403,MP_402,100.95891454050282,0.022727830252625696,0.3752679421964181
50,500000.0,massive_planetesimal,404,MP_403,96.30683354654303,0.015695497459676532,0.45499323334630026
50,500000.0,massive_planetesimal,405,MP_404,103.85365455973954,0.012501934408925998,0.17448213801018672
50,500000.0,massive_planetesimal,406,MP_405,100.08748336111448,0.010103907286358819,0.06940972639546975
50,500000.0,massive_planetesimal,407,MP_406,100.02179752918117,0.009174325544425235,0.38111146784382305
50,500000.0,massive_planetesimal,408,MP_407,95.09647887113564,0.004632583303999669,0.2480102369857994
50,500000.0,massive_planetesimal,409,MP_408,99.13128402513075,0.011090309070989887,0.31547282353576456
50,500000.0,massive_planetesimal,410,MP_409,105.04462714238606,0.003564888242851722,0.07379292521723767
50,500000.0,massive_planetesimal,411,MP_410,101.53128331198579,0.011175470059235108,0.03636540370442646
50,500000.0,massive_planetesimal,412,MP_411,102.37789280971236,0.011261336873003137,0.40309887139512696
50,500000.0,massive_planetesimal,413,MP_412,103.28969116914783,0.00942850803808166,0.4215279395250829
50,500000.0,massive_planetesimal,414,MP_413,98.2541734862116,0.012658278993234058,0.4284605119852725
50,500000.0,massive_planetesimal,415,MP_414,105.38564865760188,0.015433122589997985,0.29436994596343197
50,500000.0,massive_planetesimal,416,MP_415,103.03154470056212,0.01692613244435105,0.22741789733062592
50,500000.0,massive_planetesimal,417,MP_416,102.99623270230553,0.015380770240905485,0.17460716789201725
50,500000.0,massive_planetesimal,418,MP_417,102.30398424255151,0.009093330969951324,0.40612803800795055
50,500000.0,massive_planetesimal,419,MP_418,103.57056091808762,0.009848133361641078,0.27970421791721867
50,500000.0,massive_planetesimal,420,MP_419,97.22952124059385,0.018583693603262685,0.22876664187699378
50,500000.0,massive_planetesimal,421,MP_420,97.40950811713951,0.013448528334115141,0.1738893934955487
50,500000.0,massive_planetesimal,422,MP_421,104.78224326395284,0.013326597886829716,0.26533734860911123
50,500000.0,massive_planetesimal,423,MP_422,99.91810865598819,0.012637863202017121,0.04466719083257551
50,500000.0,massive_planetesimal,424,MP_423,96.05433317530938,0.007736065809739707,0.15059941496869397
50,500000.0,massive_planetesimal,425,MP_424,101.32866852153418,0.007128431183742347,0.14038017961710633
50,500000.0,massive_planetesimal,426,MP_425,98.81814288318081,0.012185887099440034,0.04854899264911041
50,500000.0,massive_planetesimal,427,MP_426,97.4144452360342,0.012654310585090253,0.47062400938095894
50,500000.0,massive_planetesimal,428,MP_427,102.12774033967032,0.00798577900882564,0.2871434970358908
50,500000.0,massive_planetesimal,429,MP_428,102.49848256293163,0.010734056608044266,0.3578807544896242
50,500000.0,massive_planetesimal,430,MP_429,102.19531900268257,0.02341441655182809,0.318710076025344
50,500000.0,massive_planetesimal,431,MP_430,96.76342065561313,0.02006334042384252,0.21890992737486928
50,500000.0,massive_planetesimal,432,MP_431,96.865820886719,0.011555207024835088,0.33973710320321904
50,500000.0,massive_planetesimal,433,MP_432,97.9979647650822,0.007232776017874117,0.21377379253330966
50,500000.0,massive_planetesimal,434,MP_433,104.975007393131,0.0063124886569667325,0.23537615681398139
50,500000.0,massive_planetesimal,435,MP_434,96.43102741607711,0.007273596235653481,0.18931972947095788
50,500000.0,massive_planetesimal,436,MP_435,103.98195584724411,0.010547027148431944,0.19318243948248454
50,500000.0,massive_planetesimal,437,MP_436,100.42592206424024,0.008473772393250615,0.47255714600272125
50,500000.0,massive_planetesimal,438,MP_437,95.38887521786887,0.0017349145701584649,0.3774020229820009
50,500000.0,massive_planetesimal,439,MP_438,97.88258021746773,0.010904814965127666,0.22211776687826779
50,500000.0,massive_planetesimal,440,MP_439,98.93541754143632,0.01207453488272592,0.22475868641059427
50,500000.0,massive_planetesimal,441,MP_440,101.59622010626634,0.0007525109578498919,0.23872711069554184
50,500000.0,massive_planetesimal,442,MP_441,101.36055945602742,0.009383012396425139,0.263226176431886
50,500000.0,massive_planetesimal,443,MP_442,104.13203120960316,0.003576981980345323,0.34228796170589365
50,500000.0,massive_planetesimal,444,MP_443,99.03038244801031,0.011528039342848965,0.32443093133848167
50,500000.0,massive_planetesimal,445,MP_444,97.55614454941474,0.011991748976508254,0.24996148011826697
50,500000.0,massive_planetesimal,446,MP_445,102.7514371941998,0.0054121277709139794,0.35532323015365674
50,500000.0,massive_planetesimal,447,MP_446,97.38214012805366,0.010179099147504833,0.17198931122273417
50,500000.0,massive_planetesimal,448,MP_447,95.00968960714958,0.006853420708920962,0.293501880005968
50,500000.0,massive_planetesimal,449,MP_448,96.91573278467217,0.004473541283842632,0.169479532062289
50,500000.0,massive_planetesimal,450,MP_449,105.11958678367662,0.0047417957778563245,0.09826613929498858
50,500000.0,massive_planetesimal,451,MP_450,101.92025501113528,0.009508148107755868,0.3640932363819722
50,500000.0,massive_planetesimal,452,MP_451,104.39957359653678,0.011559125115040536,0.13769347675783616
50,500000.0,massive_planetesimal,453,MP_452,98.94785966799094,0.019582256532356516,0.30502322866007364
50,500000.0,massive_planetesimal,454,MP_453,95.61378121525071,0.007511809752414225,0.31673001335950796
50,500000.0,massive_planetesimal,455,MP_454,96.83072261117279,0.00883406345779258,0.17104049094315915
50,500000.0,massive_planetesimal,456,MP_455,95.7460593621421,0.0009255160146802551,0.4816628832258831
50,500000.0,massive_planetesimal,457,MP_456,95.78278623616288,0.011974800935377412,0.2641416141863061
50,500000.0,massive_planetesimal,458,MP_457,98.20445896976962,0.014904554889812495,0.4630652038744448
50,500000.0,massive_planetesimal,459,MP_458,100.66182951263112,0.012084417256291415,0.14612125150306682
50,500000.0,massive_planetesimal,460,MP_459,106.58145520112626,0.00913451293313538,0.03283977948085418
50,500000.0,massive_planetesimal,461,MP_460,101.43284488774559,0.01285836372255136,0.3522881860973924
50,500000.0,massive_planetesimal,462,MP_461,102.80016413534848,0.004417694389845186,0.10395474907117169
50,500000.0,massive_planetesimal,463,MP_462,102.38328568969408,0.010188516946967976,0.15737225968553573
50,500000.0,massive_planetesimal,464,MP_463,95.06022543963813,0.004801380694097332,0.13281236547323194
50,500000.0,massive_planetesimal,465,MP_464,99.76767962678514,0.021806938170601673,0.21915060393932398
50,500000.0,massive_planetesimal,466,MP_465,105.11910872648883,0.017511984780625656,0.22244926100412313
50,500000.0,massive_planetesimal,467,MP_466,98.72247728613458,0.005947839142809049,0.10926827577564814
50,500000.0,massive_planetesimal,468,MP_467,97.88171394695847,0.005281597617717502,0.1335077097673475
50,500000.0,massive_planetesimal,469,MP_468,99.8592016696244,0.009666881453805254,0.37480987142407146
50,500000.0,massive_planetesimal,470,MP_469,96.8421476811491,0.011071302953945988,0.18733544858059314
50,500000.0,massive_planetesimal,471,MP_470,97.65995412551061,0.0038887493427154124,0.2654527548373405
50,500000.0,massive_planetesimal,472,MP_471,95.39241959456072,0.006797943485764573,0.4122752631250437
50,500000.0,massive_planetesimal,473,MP_472,101.07360925043304,0.009121560098670324,0.2952780469423594
50,500000.0,massive_planetesimal,474,MP_473,100.13374208080911,0.0032203462434705963,0.5091313004142882
50,500000.0,massive_planetesimal,475,MP_474,94.21499675083322,0.010047284138736267,0.06575879168096187
50,500000.0,massive_planetesimal,476,MP_475,101.33344210244643,0.0035441721959231106,0.1919051136668337
50,500000.0,massive_planetesimal,477,MP_476,101.68305317235135,0.015334327643745429,0.14925877222156622
50,500000.0,massive_planetesimal,478,MP_477,100.22992644841366,0.01407475350429509,0.45565536727105727
50,500000.0,massive_planetesimal,479,MP_478,100.87249949810784,0.02106645690879371,0.21655259264936674
50,500000.0,massive_planetesimal,480,MP_479,98.1191838177921,0.004866094601085226,0.22402926776382756
50,500000.0,massive_planetesimal,481,MP_480,98.439924539474,0.002844378808643256,0.4819689724825933
50,500000.0,massive_planetesimal,482,MP_481,93.59483275745167,0.008633948487305435,0.27283004274103645
50,500000.0,massive_planetesimal,483,MP_482,102.16334708704613,0.011249960903146887,0.09599681216489438
50,500000.0,massive_planetesimal,484,MP_483,103.86651824722443,0.011393714021929261,0.3376867630896083
50,500000.0,massive_planetesimal,485,MP_484,95.39077868362182,0.005350984177952881,0.376585136709924
50,500000.0,massive_planetesimal,486,MP_485,99.77495182953749,0.006075763706006969,0.6471058212403537
50,500000.0,massive_planetesimal,487,MP_486,98.39082926064573,0.008794252014029976,0.21306310976638082
50,500000.0,massive_planetesimal,488,MP_487,94.32637320448691,0.0061550164859678095,0.34857711013920517
50,500000.0,massive_planetesimal,489,MP_488,99.93595395663459,0.008784970221083361,0.4667003165576902
50,500000.0,massive_planetesimal,490,MP_489,105.02674315699986,0.007196413443974228,0.40168061371992025
50,500000.0,massive_planetesimal,491,MP_490,104.3252105838156,0.007768950144945932,0.2970906878964116
50,500000.0,massive_planetesimal,492,MP_491,100.22124835588289,0.016326359435676147,0.43057929760669233
50,500000.0,massive_planetesimal,493,MP_492,98.0061470092836,0.014889499487235539,0.2678929515493073
50,500000.0,massive_planetesimal,494,MP_493,96.27756810379108,0.004936985253751868,0.13348595566198687
50,500000.0,massive_planetesimal,495,MP_494,101.30758425833218,0.007679405193572519,0.3916453732294592
50,500000.0,massive_planetesimal,496,MP_495,97.96979657574839,0.021560501897452657,0.2987643317653507
50,500000.0,massive_planetesimal,497,MP_496,101.45908997375754,0.016477087160705495,0.5075290823752914
50,500000.0,massive_planetesimal,498,MP_497,97.35098156430058,0.005422305648302655,0.21407488135779124
50,500000.0,massive_planetesimal,499,MP_498,94.83927373620355,0.010275118949940265,0.26473210046062357
50,500000.0,massive_planetesimal,500,MP_499,97.31137300990409,0.0056196883399669125,0.35079095278079836
50,500000.0,massive_planetesimal,501,MP_500,106.17062718219873,0.005837477452946711,0.2833897234404429
50,500000.0,massive_planetesimal,502,MP_501,101.62036587382227,0.014079878222833872,0.4568159424819496
50,500000.0,massive_planetesimal,503,MP_502,97.905405538445,0.01164755767021475,0.18318472367497457
50,500000.0,massive_planetesimal,504,MP_503,100.9606020586943,0.006980905791479304,0.12795924371198733
50,500000.0,massive_planetesimal,505,MP_504,98.91433029808067,0.00904414602504358,0.4581292299782865
50,500000.0,massive_planetesimal,506,MP_505,102.33070624845261,0.021733767283044738,0.509497672024646
50,500000.0,massive_planetesimal,507,MP_506,102.53737942067734,0.006877472737523786,0.3929028989684258
50,500000.0,massive_planetesimal,508,MP_507,99.83828370368018,0.002882533433615158,0.27631642245081295
50,500000.0,massive_planetesimal,509,MP_508,104.62877024184374,0.00958480320870117,0.06353552580324472
50,500000.0,massive_planetesimal,510,MP_509,99.47136409341587,0.011776472040624077,0.16937733925499848
50,500000.0,massive_planetesimal,511,MP_510,101.69067826750401,0.009199072533145197,0.33748473246538085
50,500000.0,massive_planetesimal,512,MP_511,94.53748231429248,0.009127346582905534,0.1993609246700684
50,500000.0,massive_planetesimal,513,MP_512,101.06510625859977,0.011505440171529756,0.33592987487816683
50,500000.0,massive_planetesimal,514,MP_513,100.81513487038377,0.013700616167621324,0.12840375702660003
50,500000.0,massive_planetesimal,515,MP_514,103.96770516071786,0.01488620643923122,0.5300467530241197
50,500000.0,massive_planetesimal,516,MP_515,103.59126913021059,0.01328286647730233,0.4005623823118982
50,500000.0,massive_planetesimal,517,MP_516,97.28220976602107,0.0067337245283634216,0.4651188877045564
50,500000.0,massive_planetesimal,518,MP_517,103.04617183126555,0.013379187799449343,0.20968279869261439
50,500000.0,massive_planetesimal,519,MP_518,100.102323657293,0.013299953530525637,0.3108043565811534
50,500000.0,massive_planetesimal,520,MP_519,97.39286071426272,0.010107675077375512,0.28159090752355864
50,500000.0,massive_planetesimal,521,MP_520,98.99617760056965,0.005170851115666341,0.4412032788570146
50,500000.0,massive_planetesimal,522,MP_521,101.62949095043088,0.007975116966620403,0.3531045521830401
50,500000.0,massive_planetesimal,523,MP_522,98.04102622527196,0.005074366703344168,0.12367197569617133
50,500000.0,massive_planetesimal,524,MP_523,101.0265547617493,0.018057801897641713,0.20290020396359867
50,500000.0,massive_planetesimal,525,MP_524,102.81438837695758,0.014907898020578021,0.353004426890114
50,500000.0,massive_planetesimal,526,MP_525,94.16459877764034,0.014196218955540317,0.25919561586145096
50,500000.0,massive_planetesimal,527,MP_526,95.073974211842,0.01194581960386639,0.07810424465207849
50,500000.0,massive_planetesimal,528,MP_527,99.77763468478959,0.0197080810690322,0.22143188038805775
50,500000.0,massive_planetesimal,529,MP_528,96.6657374191939,0.005272016557549058,0.37528704791325473
50,500000.0,massive_planetesimal,530,MP_529,101.69678494422918,0.00644864917934953,0.294626518746754
50,500000.0,massive_planetesimal,531,MP_530,102.1001740065341,0.018088916780505167,0.38772056796006393
50,500000.0,massive_planetesimal,532,MP_531,105.51672959848247,0.01001986790250753,0.05693904999120521
50,500000.0,massive_planetesimal,533,MP_532,100.26328350433401,0.013296928740480518,0.19994888328250832
50,500000.0,massive_planetesimal,534,MP_533,95.975591334125,0.010074648885482502,0.24094848382801826
50,500000.0,massive_planetesimal,535,MP_534,106.00888808443383,0.012138673903588889,0.19898845955039965
50,500000.0,massive_planetesimal,536,MP_535,99.73547603494825,0.004310574593018718,0.3057948214933241
50,500000.0,massive_planetesimal,537,MP_536,100.46670407161277,0.0068681408531516535,0.2512884081339277
50,500000.0,massive_planetesimal,538,MP_537,101.99431914655182,0.01556651627165182,0.2885425216687622
50,500000.0,massive_planetesimal,539,MP_538,102.40163576189956,0.02402226844342869,0.31835240344782
50,500000.0,massive_planetesimal,540,MP_539,98.03982319091301,0.005921554360229203,0.12742307770799008
50,500000.0,massive_planetesimal,541,MP_540,100.63864233297156,0.006047718129682673,0.2711319439615324
50,500000.0,massive_planetesimal,542,MP_541,99.94108479626534,0.01348737774389652,0.6459699979725003
50,500000.0,massive_planetesimal,543,MP_542,96.47676038658443,0.013367974695189876,0.22897076412487596
50,500000.0,massive_planetesimal,544,MP_543,102.34456636325412,0.010668207787633823,0.2751209676438163
50,500000.0,massive_planetesimal,545,MP_544,98.42117037132083,0.009627008508209564,0.182349783753847
50,500000.0,massive_planetesimal,546,MP_545,103.97584876471878,0.01783212144460738,0.1420882336337322
50,500000.0,massive_planetesimal,547,MP_546,99.21212002863385,0.0173547221221456,0.17220052935957078
50,500000.0,massive_planetesimal,548,MP_547,99.80327812254261,0.002104380758917966,0.3126675089925088
50,500000.0,massive_planetesimal,549,MP_548,96.65502558818308,0.0035970158021699566,0.4415415624053108
50,500000.0,massive_planetesimal,550,MP_549,103.17688098904304,0.013358303186765596,0.5165916301573995
50,500000.0,massive_planetesimal,551,MP_550,105.45957270865131,0.010289022827836645,0.13526965093447396
50,500000.0,massive_planetesimal,552,MP_551,97.79107762373141,0.013508629689543535,0.23492762277176663
50,500000.0,massive_planetesimal,553,MP_552,95.77292549442564,0.007193308330009379,0.12961060037381908
50,500000.0,massive_planetesimal,554,MP_553,94.8057671866563,0.019809847179268484,0.2719462508365051
50,500000.0,massive_planetesimal,555,MP_554,102.18567492742018,0.007649917706335417,0.23656785543205794
50,500000.0,massive_planetesimal,556,MP_555,104.41835364906795,0.01061342357152278,0.0665072499841608
50,500000.0,massive_planetesimal,557,MP_556,99.63557143772388,0.01576121219809516,0.2276198014263771
50,500000.0,massive_planetesimal,558,MP_557,97.12276308523707,0.0026403835060202882,0.30074940172068937
50,500000.0,massive_planetesimal,559,MP_558,103.59326831927332,0.0017214834725013898,0.05903754061294602
50,500000.0,massive_planetesimal,560,MP_559,101.63443560337114,0.011437499844746735,0.4247410366166813
50,500000.0,massive_planetesimal,561,MP_560,100.42894938550326,0.009203304882149353,0.0952721862106297
50,500000.0,massive_planetesimal,562,MP_561,106.65270721832884,0.00937164645771056,0.056114436459763176
50,500000.0,massive_planetesimal,563,MP_562,104.20511853778869,0.019504531147113858,0.34717432715227653
50,500000.0,massive_planetesimal,564,MP_563,97.71500699272374,0.014721925272129706,0.36165765731368577
50,500000.0,massive_planetesimal,565,MP_564,97.58619014873044,0.004647359877724824,0.16451796486460735
50,500000.0,massive_planetesimal,566,MP_565,97.43842246927234,0.007448682704954527,0.4253517412278701
50,500000.0,massive_planetesimal,567,MP_566,95.57571105019848,0.009678047056174656,0.20756165918429115
50,500000.0,massive_planetesimal,568,MP_567,101.21297495795524,0.00650372952684722,0.41231619444744294
50,500000.0,massive_planetesimal,569,MP_568,98.70960187718917,0.007224144019269372,0.3653721219568726
50,500000.0,massive_planetesimal,570,MP_569,98.33080722791506,0.01328889574686947,0.5028925998757877
50,500000.0,massive_planetesimal,571,MP_570,102.99886741976668,0.01176674792323288,0.41302447037430234
50,500000.0,massive_planetesimal,572,MP_571,95.30204711831931,0.007673299564072359,0.2372116444646003
50,500000.0,massive_planetesimal,573,MP_572,100.83997921432858,0.007248646060554745,0.49198292449466013
50,500000.0,massive_planetesimal,574,MP_573,95.11666148227998,0.009118022708121554,0.2861794486236496
50,500000.0,massive_planetesimal,575,MP_574,105.7757850084016,0.007629137123663683,0.07504896422696118
50,500000.0,massive_planetesimal,576,MP_575,104.20690835813213,0.013445952364103612,0.43950402746849715
50,500000.0,massive_planetesimal,577,MP_576,104.5581940714327,0.014544287944550344,0.43744233154279133
50,500000.0,massive_planetesimal,578,MP_577,95.87116957592104,0.005290986826016368,0.17378543029841173
50,500000.0,massive_planetesimal,579,MP_578,99.83538382147982,0.015060355426055248,0.1831437789839805
50,500000.0,massive_planetesimal,580,MP_579,99.9612728642853,0.01120928759916367,0.49322906691651885
50,500000.0,massive_planetesimal,581,MP_580,98.58422724946784,0.011929158582882316,0.20693869899870768
50,500000.0,massive_planetesimal,582,MP_581,102.90372378673497,0.014476430608074445,0.25755174187761315
50,500000.0,massive_planetesimal,583,MP_582,98.15391398096634,0.011673410895412753,0.35483732850365224
50,500000.0,massive_planetesimal,584,MP_583,100.58005001922193,0.00632082650634073,0.3324896386136806
50,500000.0,massive_planetesimal,585,MP_584,103.42835987297758,0.012314798415451956,0.28381780586287125
50,500000.0,massive_planetesimal,586,MP_585,104.61079526701394,0.010391946481254936,0.42724346495063587
50,500000.0,massive_planetesimal,587,MP_586,99.46160940439471,0.015540458960900113,0.2190051978141129
50,500000.0,massive_planetesimal,588,MP_587,95.56415113501082,0.0029370643328299065,0.2922115636800245
50,500000.0,massive_planetesimal,589,MP_588,105.74258777340256,0.012377836571507024,0.21746838769490623
50,500000.0,massive_planetesimal,590,MP_589,103.99627389879018,0.012392637199832454,0.353131094184136
50,500000.0,massive_planetesimal,591,MP_590,104.03227822048706,0.01539634001142052,0.3927630477729091
50,500000.0,massive_planetesimal,592,MP_591,99.6180683301565,0.007016649575384621,0.15329755396300265
50,500000.0,massive_planetesimal,593,MP_592,99.71151474547659,0.02003615539036784,0.5713551681085357
50,500000.0,massive_planetesimal,594,MP_593,102.9246386711394,0.012865679614787745,0.2864176535752308
50,500000.0,massive_planetesimal,595,MP_594,103.75963618405031,0.009980148010678709,0.30985731312282583
50,500000.0,massive_planetesimal,596,MP_595,100.48275697601888,0.010415077740587135,0.6588994089874661
50,500000.0,massive_planetesimal,597,MP_596,104.6178539302408,0.013546728937141974,0.4269949927266229
50,500000.0,massive_planetesimal,598,MP_597,101.35237937709684,0.0073344756551454995,0.42224753527510683
50,500000.0,massive_planetesimal,599,MP_598,103.00074411067692,0.008596344518108076,0.33464557124095506
50,500000.0,massive_planetesimal,600,MP_599,96.71195745192482,0.00898629166554536,0.20604029845761415
50,500000.0,massive_planetesimal,601,MP_600,96.96908595997475,0.023572792853971226,0.3772276715153775
50,500000.0,massive_planetesimal,602,MP_601,96.0752713857669,0.006045748870703897,0.2310801224273805
50,500000.0,massive_planetesimal,603,MP_602,103.84000407413626,0.016495232262219633,0.5795110431538344
50,500000.0,massive_planetesimal,604,MP_603,94.35035841871124,0.0122828164323801,0.1935301546465953
50,500000.0,massive_planetesimal,605,MP_604,103.98512858272996,0.006907148605883988,0.08522746868334594
50,500000.0,massive_planetesimal,606,MP_605,98.54913750539144,0.006757918865477691,0.1345018101617005
50,500000.0,massive_planetesimal,607,MP_606,104.55169462406445,0.008617178621790495,0.1507422209964797
50,500000.0,massive_planetesimal,608,MP_607,103.01306795487618,0.010601359161321709,0.2299715382073757
50,500000.0,massive_planetesimal,609,MP_608,95.167993497558,0.005478819533256372,0.2946349215200563
50,500000.0,massive_planetesimal,610,MP_609,96.7239843622447,0.0058546209975570696,0.33543962228674756
50,500000.0,massive_planetesimal,611,MP_610,97.32091321792696,0.010904476114426364,0.3736489547648185
50,500000.0,massive_planetesimal,612,MP_611,95.36738322937042,0.00716896428933175,0.188959294174448
50,500000.0,massive_planetesimal,613,MP_612,100.15193465897396,0.015548211910382746,0.1861385345058184
50,500000.0,massive_planetesimal,614,MP_613,98.513738464914,0.007477596438462098,0.2970947548627467
50,500000.0,massive_planetesimal,615,MP_614,92.71268180043339,0.017631556139170352,0.13839565270668952
50,500000.0,massive_planetesimal,616,MP_615,95.14730908460334,0.014487846279566998,0.3802725783259791
50,500000.0,massive_planetesimal,617,MP_616,96.77975907194998,0.0042306931440087405,0.08666382443531741
50,500000.0,massive_planetesimal,618,MP_617,101.80465163448415,0.004287453100955038,0.33292775794215135
50,500000.0,massive_planetesimal,619,MP_618,97.16789796777765,0.002724377743263534,0.21698814567159774
50,500000.0,massive_planetesimal,620,MP_619,99.392387667641,0.0016198531556705078,0.3413334387467611
50,500000.0,massive_planetesimal,621,MP_620,101.71011787838096,0.014487461165792116,0.33553884651912713
50,500000.0,massive_planetesimal,622,MP_621,102.47086719017773,0.014601985218840914,0.10964092830296136
50,500000.0,massive_planetesimal,623,MP_622,102.10352679962844,0.015365150653379029,0.20823170384584852
50,500000.0,massive_planetesimal,624,MP_623,103.1440886859276,0.012358521834134944,0.3035045730026508
50,500000.0,massive_planetesimal,625,MP_624,94.30059195043165,0.01714873109433271,0.08451360513376681
50,500000.0,massive_planetesimal,626,MP_625,94.28990599862544,0.014998640542535187,0.12086999835185935
50,500000.0,massive_planetesimal,627,MP_626,96.9086013936672,0.015138371455710682,0.49616637430939786
50,500000.0,massive_planetesimal,628,MP_627,100.15366782270718,0.006516739011877808,0.1499996968219962
50,500000.0,massive_planetesimal,629,MP_628,104.50598295467375,0.005774995622032339,0.055150328512771414
50,500000.0,massive_planetesimal,630,MP_629,103.86999364390194,0.003078656273622811,0.3143929175536853
50,500000.0,massive_planetesimal,631,MP_630,95.29876854582628,0.004615872912950942,0.1169322362493257
50,500000.0,massive_planetesimal,632,MP_631,104.78287659275585,0.01043375860647306,0.14012303372300136
50,500000.0,massive_planetesimal,633,MP_632,95.39015219709165,0.006307997612572052,0.3378903119199456
50,500000.0,massive_planetesimal,634,MP_633,99.81580463035857,0.0020809645333504973,0.2959282764121834
50,500000.0,massive_planetesimal,635,MP_634,94.79446273739194,0.008012485290557127,0.21267666242068628
50,500000.0,massive_planetesimal,636,MP_635,101.62484542551827,0.021235095482055953,0.06381324876023359
50,500000.0,massive_planetesimal,637,MP_636,101.87327797812601,0.022836347108712098,0.3113432643584995
50,500000.0,massive_planetesimal,638,MP_637,101.28674966703365,0.008059339548063378,0.11738561270787926
50,500000.0,massive_planetesimal,639,MP_638,102.05012257792463,0.022275376984537885,0.2759425469506194
50,500000.0,massive_planetesimal,640,MP_639,95.78000462367596,0.009770459669781389,0.04373501843470499
50,500000.0,massive_planetesimal,641,MP_640,100.55981851668547,0.004795631983743706,0.20121494956134073
50,500000.0,massive_planetesimal,642,MP_641,99.75053413896414,0.009221784190162167,0.19514970190540695
50,500000.0,massive_planetesimal,643,MP_642,94.7375426697877,0.005136501584302516,0.2627501948980616
50,500000.0,massive_planetesimal,644,MP_643,104.75635448146582,0.003824475218122013,0.296706176313746
50,500000.0,massive_planetesimal,645,MP_644,105.01459923988205,0.005042572576108387,0.12488275556919733
50,500000.0,massive_planetesimal,646,MP_645,101.33210089255502,0.00578101540582221,0.2295535236499885
50,500000.0,massive_planetesimal,647,MP_646,97.02126030619434,0.01855031422225802,0.2978008131209288
50,500000.0,massive_planetesimal,648,MP_647,103.77589577174135,0.013679435789824907,0.1451396986359198
50,500000.0,massive_planetesimal,649,MP_648,105.13393903730208,0.0016736044493377126,0.22867596148314834
50,500000.0,massive_planetesimal,650,MP_649,105.01035331132503,0.007876736422532527,0.008736646791161725
50,500000.0,massive_planetesimal,651,MP_650,97.7014584509953,0.00630216734010847,0.3197176144162124
50,500000.0,massive_planetesimal,652,MP_651,103.12220595414895,0.0028112234341410116,0.5199878605944339
50,500000.0,massive_planetesimal,653,MP_652,99.30856632461337,0.007866741060041017,0.053521337451890444
50,500000.0,massive_planetesimal,654,MP_653,103.48483404746403,0.002669678673336575,0.2966075293578622
50,500000.0,massive_planetesimal,655,MP_654,99.23758526678908,0.008803076736333888,0.18913439642526308
50,500000.0,massive_planetesimal,656,MP_655,103.6008469445338,0.011989570055774109,0.3051173371914076
50,500000.0,massive_planetesimal,657,MP_656,97.94827597615583,0.007123610079587414,0.2776836547817698
50,500000.0,massive_planetesimal,658,MP_657,95.30620923459719,0.00468758078290592,0.3914169858449993
50,500000.0,massive_planetesimal,659,MP_658,101.32353409810278,0.01976864047061464,0.11389365292836347
50,500000.0,massive_planetesimal,660,MP_659,93.52267293911741,0.015912326972656828,0.2350984861461241
50,500000.0,massive_planetesimal,661,MP_660,98.05352368645175,0.012162700426010472,0.19193812690608789
50,500000.0,massive_planetesimal,662,MP_661,97.26687897821307,0.022971185024584614,0.2973734000226703
50,500000.0,massive_planetesimal,663,MP_662,100.91781985668494,0.014323456729639951,0.1527626241609912
50,500000.0,massive_planetesimal,664,MP_663,101.47683371389626,0.011828640895775582,0.6093943996296631
50,500000.0,massive_planetesimal,665,MP_664,98.36462992393623,0.011496768800488765,0.11994071555113868
50,500000.0,massive_planetesimal,666,MP_665,101.53041228939291,0.0044642720153170315,0.40675271325068363
50,500000.0,massive_planetesimal,667,MP_666,95.68723238126225,0.005377410973177909,0.33693619958298776
50,500000.0,massive_planetesimal,668,MP_667,102.61234609803772,0.013000749368861409,0.11233331384183494
50,500000.0,massive_planetesimal,669,MP_668,97.4835001236809,0.016893558159657557,0.25011821539087725
50,500000.0,massive_planetesimal,670,MP_669,100.69791756969467,0.00866081561336668,0.4184205854597419
50,500000.0,massive_planetesimal,671,MP_670,96.74013121439697,0.01886119539812881,0.16492151502045643
50,500000.0,massive_planetesimal,672,MP_671,102.52938561893461,0.00997881398804065,0.45604579290514313
50,500000.0,massive_planetesimal,673,MP_672,101.52998852032849,0.0242334693565329,0.2890766460745861
50,500000.0,massive_planetesimal,674,MP_673,101.06306381688708,0.018654785042080475,0.07439022503497006
50,500000.0,massive_planetesimal,675,MP_674,99.32830032697882,0.015050787073994381,0.2847960451257341
50,500000.0,massive_planetesimal,676,MP_675,106.05867877096239,0.006415048048483695,0.14216239434240385
50,500000.0,massive_planetesimal,677,MP_676,96.89412366800937,0.0039200320531876665,0.15800223755149723
50,500000.0,massive_planetesimal,678,MP_677,95.02979697307632,0.011456313207288595,0.2204896218310406
50,500000.0,massive_planetesimal,679,MP_678,103.59991754158574,0.01172906854438884,0.1245183377014569
50,500000.0,massive_planetesimal,680,MP_679,94.6751997454734,0.005230236786656491,0.3935832706690071
50,500000.0,massive_planetesimal,681,MP_680,97.51012806658524,0.011265082044602134,0.11088030909091943
50,500000.0,massive_planetesimal,682,MP_681,98.69588744917596,0.01270568867269329,0.13857207347100206
50,500000.0,massive_planetesimal,683,MP_682,102.55818817624474,0.01912872543616532,0.2983877890499094
50,500000.0,massive_planetesimal,684,MP_683,101.12479981192105,0.004658742133218873,0.15039229724308753
50,500000.0,massive_planetesimal,685,MP_684,103.15789042846009,0.012208976323649643,0.3713848582593896
50,500000.0,massive_planetesimal,686,MP_685,94.62868157720888,0.019986463301320454,0.22503835479334663
50,500000.0,massive_planetesimal,687,MP_686,100.81484795138479,0.01702140268084352,0.3672154925106594
50,500000.0,massive_planetesimal,688,MP_687,104.8512276183483,0.010823644196362515,0.06969386709731687
50,500000.0,massive_planetesimal,689,MP_688,102.16827701633969,0.01835532559963977,0.411386554616086
50,500000.0,massive_planetesimal,690,MP_689,98.77894368197431,0.007126959871037292,0.27852341506048284
50,500000.0,massive_planetesimal,691,MP_690,100.97182947696291,0.0203330226759426,0.2814147905820101
50,500000.0,massive_planetesimal,692,MP_691,94.76495636407317,0.009285233930274413,0.15289765777656755
50,500000.0,massive_planetesimal,693,MP_692,98.66614110233638,0.018161715928153736,0.2675962211503888
50,500000.0,massive_planetesimal,694,MP_693,100.2384883638607,0.0062727293868705255,0.4221568279362629
50,500000.0,massive_planetesimal,695,MP_694,100.57619292640072,0.00996744764727539,0.19536806749394664
50,500000.0,massive_planetesimal,696,MP_695,104.83752510345745,0.0070406716945736175,0.27905885132044345
50,500000.0,massive_planetesimal,697,MP_696,100.58380067826275,0.0159256472325756,0.3593664437360561
50,500000.0,massive_planetesimal,698,MP_697,103.6135227461095,0.01752350425897999,0.07127914245952069
50,500000.0,massive_planetesimal,699,MP_698,94.01841273199737,0.017924544031361442,0.13068506993099904
50,500000.0,massive_planetesimal,700,MP_699,97.25228793401133,0.006937231380531603,0.23773388358331568
50,500000.0,massive_planetesimal,701,MP_700,99.53229016087478,0.007293306677638837,0.1250937318172597
50,500000.0,massive_planetesimal,702,MP_701,94.90650818380368,0.008151786917789242,0.472760264660906
50,500000.0,massive_planetesimal,703,MP_702,97.81466060199048,0.01854429798273193,0.18964823496023323
50,500000.0,massive_planetesimal,704,MP_703,105.17529191062852,0.011453191450872943,0.34563459570498334
50,500000.0,massive_planetesimal,705,MP_704,99.28895392278665,0.005971770203656503,0.11138704639510684
50,500000.0,massive_planetesimal,706,MP_705,103.66690034168451,0.010396354441908416,0.1885240930470827
50,500000.0,massive_planetesimal,707,MP_706,99.98889887504266,0.002419048034052877,0.2813716579921569
50,500000.0,massive_planetesimal,708,MP_707,98.7951054030291,0.02057011141888738,0.2910926343876795
50,500000.0,massive_planetesimal,709,MP_708,95.6551422936326,0.012873705366920165,0.3099163770270822
50,500000.0,massive_planetesimal,710,MP_709,104.08174380550369,0.010548401938590747,0.2547781972732414
50,500000.0,massive_planetesimal,711,MP_710,104.43881842655543,0.002139018220330142,0.3618527118471752
50,500000.0,massive_planetesimal,712,MP_711,98.35263288848506,0.006172240602811606,0.24395622033471925
50,500000.0,massive_planetesimal,713,MP_712,103.66947339603244,0.007880837261440142,0.49105944706941373
50,500000.0,massive_planetesimal,714,MP_713,99.86589013144189,0.014288680989234115,0.12446082514088028
50,500000.0,massive_planetesimal,715,MP_714,104.48531727585825,0.007500146167368673,0.11877826407468632
50,500000.0,massive_planetesimal,716,MP_715,95.0285837162106,0.0136320344167322,0.33981592337528144
50,500000.0,massive_planetesimal,717,MP_716,102.12173775245564,0.004722212923372544,0.49491709844076026
50,500000.0,massive_planetesimal,718,MP_717,105.55445997179825,0.001331521065262736,0.15967019511354658
50,500000.0,massive_planetesimal,719,MP_718,103.54961346819113,0.00976780044408951,0.44158158814269527
50,500000.0,massive_planetesimal,720,MP_719,96.16266091599066,0.012421006776529821,0.5969648261004115
50,500000.0,massive_planetesimal,721,MP_720,103.24476028162643,0.00855448659340132,0.26476626204652787
50,500000.0,massive_planetesimal,722,MP_721,95.86031850668796,0.013197652428109958,0.13136528742775505
50,500000.0,massive_planetesimal,723,MP_722,96.13560436089773,0.019217453496733136,0.3939389252242474
50,500000.0,massive_planetesimal,724,MP_723,102.67792162630901,0.009688902613930789,0.46253917783748927
50,500000.0,massive_planetesimal,725,MP_724,101.27353183913327,0.014773432416346042,0.37118750246862736
50,500000.0,massive_planetesimal,726,MP_725,93.80782455517141,0.0112359411938551,0.11363645696283106
50,500000.0,massive_planetesimal,727,MP_726,105.77455128175629,0.024573813483464938,0.1973954764674258
50,500000.0,massive_planetesimal,728,MP_727,101.12649006413857,0.01971981148648327,0.24579713532093703
50,500000.0,massive_planetesimal,729,MP_728,98.13952532691458,0.015845784120752555,0.087146683838108
50,500000.0,massive_planetesimal,730,MP_729,99.82461520551466,0.008507622768980202,0.23382215274278415
50,500000.0,massive_planetesimal,731,MP_730,99.24950788660574,0.0035337758628065483,0.4471946373734262
50,500000.0,massive_planetesimal,732,MP_731,96.14319310529594,0.019436462631483412,0.31574108577486437
50,500000.0,massive_planetesimal,733,MP_732,101.22248344159075,0.01633034692373975,0.23105903548388448
50,500000.0,massive_planetesimal,734,MP_733,95.46372589764744,0.01781963857185475,0.04160963568597658
50,500000.0,massive_planetesimal,735,MP_734,100.2835624508964,0.009216576697729099,0.07749607033809564
50,500000.0,massive_planetesimal,736,MP_735,98.67478896110386,0.005823477475248187,0.1254097853167064
50,500000.0,massive_planetesimal,737,MP_736,99.11849865177368,0.014200711601131217,0.3019733149170771
50,500000.0,massive_planetesimal,738,MP_737,100.52278855888359,0.008827873339904596,0.03704739006620877
50,500000.0,massive_planetesimal,739,MP_738,97.86558015517889,0.006218011610996622,0.5574629366757244
50,500000.0,massive_planetesimal,740,MP_739,102.49488030932886,0.009588535189502171,0.36257150358684337
50,500000.0,massive_planetesimal,741,MP_740,95.1786378357464,0.005551451912840531,0.14896229612012096
50,500000.0,massive_planetesimal,742,MP_741,98.29627288887545,0.013867788904124873,0.02747909961546439
50,500000.0,massive_planetesimal,743,MP_742,100.76177577069059,0.007915293049546754,0.30364857934390366
50,500000.0,massive_planetesimal,744,MP_743,94.77463919346887,0.011600214201779962,0.454468560953677
50,500000.0,massive_planetesimal,745,MP_744,97.67265073890243,0.012868541323997968,0.3345859040464245
50,500000.0,massive_planetesimal,746,MP_745,99.77301570556497,0.02095095529304914,0.6459281258823164
50,500000.0,massive_planetesimal,747,MP_746,100.97955479405196,0.005520610832001526,0.4008944379387129
50,500000.0,massive_planetesimal,748,MP_747,102.05982287353677,0.007722417318991819,0.49690986811693494
50,500000.0,massive_planetesimal,749,MP_748,98.94709481603722,0.0045924496991558055,0.1717033762570031
50,500000.0,massive_planetesimal,750,MP_749,100.95518588854274,0.01735494982871635,0.23643117498304866
50,500000.0,massive_planetesimal,751,MP_750,94.49795287296394,0.0075259601829843975,0.41123194764154825
50,500000.0,massive_planetesimal,752,MP_751,99.65941899870188,0.0017631269668620614,0.48751196953693293
50,500000.0,massive_planetesimal,753,MP_752,105.30992271016926,0.005275839319947385,0.201480208569106
50,500000.0,massive_planetesimal,754,MP_753,100.35951084709993,0.008623403353210124,0.33997265618548256
50,500000.0,massive_planetesimal,755,MP_754,103.34771415695289,0.026182603439765365,0.1982093881647757
50,500000.0,massive_planetesimal,756,MP_755,99.94596126648787,0.01489984646557408,0.1945591746985282
50,500000.0,massive_planetesimal,757,MP_756,97.69749919617708,0.023371156985257185,0.5016423038873847
50,500000.0,massive_planetesimal,758,MP_757,103.62436561500114,0.008094390015807066,0.31807899050062266
50,500000.0,massive_planetesimal,759,MP_758,99.85392286494789,0.01415582637367447,0.10522137249624688
50,500000.0,massive_planetesimal,760,MP_759,97.20599231620159,0.008534690964623328,0.1476179874489388
50,500000.0,massive_planetesimal,761,MP_760,102.96620061707593,0.01152429624983958,0.2617346439440636
50,500000.0,massive_planetesimal,762,MP_761,103.79020422487578,0.008746883272403702,0.1402149674181958
50,500000.0,massive_planetesimal,763,MP_762,96.17827738957962,0.007951625066936191,0.19151334637033435
50,500000.0,massive_planetesimal,764,MP_763,102.31705042282734,0.010327380523870978,0.22408882881708403
50,500000.0,massive_planetesimal,765,MP_764,101.34006216853481,0.010516934224625706,0.4123378262746093
50,500000.0,massive_planetesimal,766,MP_765,100.19416827870965,0.007821876545669246,0.231610340525701
50,500000.0,massive_planetesimal,767,MP_766,99.84078467967313,0.014903371170964613,0.41167626763402865
50,500000.0,massive_planetesimal,768,MP_767,105.21011876832164,0.010000381903100762,0.4225659744505407
50,500000.0,massive_planetesimal,769,MP_768,95.53953398804838,0.005459864475936001,0.30050117567710144
50,500000.0,massive_planetesimal,770,MP_769,99.36896435417027,0.01759643304018867,0.27349212803509404
50,500000.0,massive_planetesimal,771,MP_770,97.28212965829142,0.014138973295662311,0.4014676414668538
50,500000.0,massive_planetesimal,772,MP_771,102.54861111659845,0.020996829007790978,0.1865722101161842
50,500000.0,massive_planetesimal,773,MP_772,98.33893484153494,0.009987103235153158,0.25932597331389007
50,500000.0,massive_planetesimal,774,MP_773,98.79254324750674,0.011457248217400694,0.22037234614945606
50,500000.0,massive_planetesimal,775,MP_774,98.9474721646001,0.006520643289191132,0.17094484369751306
50,500000.0,massive_planetesimal,776,MP_775,100.32795588029418,0.012876309278167207,0.3087289327302497
50,500000.0,massive_planetesimal,777,MP_776,102.94395391373855,0.016749421538502774,0.44768117261454193
50,500000.0,massive_planetesimal,778,MP_777,98.32058165861815,0.009297821567536788,0.225213624413715
50,500000.0,massive_planetesimal,779,MP_778,103.77003859472272,0.005393568746985563,0.20042972019344535
50,500000.0,massive_planetesimal,780,MP_779,101.82764008307431,0.004715275272653232,0.21297422772626423
50,500000.0,massive_planetesimal,781,MP_780,104.32915086752368,0.016572612077386067,0.3660943808968639
50,500000.0,massive_planetesimal,782,MP_781,99.22518471088313,0.014493490312257504,0.242136848692868
50,500000.0,massive_planetesimal,783,MP_782,104.1833974990492,0.011647354100453637,0.6921360731313919
50,500000.0,massive_planetesimal,784,MP_783,97.9516816823018,0.012479249036718626,0.3326422389016495
50,500000.0,massive_planetesimal,785,MP_784,95.56438033501244,0.01233206937834234,0.10202755411786836
50,500000.0,massive_planetesimal,786,MP_785,103.08739078784099,0.009250592977851484,0.5432589908830349
50,500000.0,massive_planetesimal,787,MP_786,95.10537957669726,0.013735966517625816,0.2272744013265467
50,500000.0,massive_planetesimal,788,MP_787,95.67263551768008,0.011301014968749959,0.145808935420838
50,500000.0,massive_planetesimal,789,MP_788,102.49436951454621,0.0020574110356882526,0.40914497769112873
50,500000.0,massive_planetesimal,790,MP_789,105.99225583200777,0.006293592858179161,0.24485840417934102
50,500000.0,massive_planetesimal,791,MP_790,101.97552065112552,0.016976844218437016,0.08476756405174743
50,500000.0,massive_planetesimal,792,MP_791,96.66449002947384,0.008980905955000524,0.3486177618009807
50,500000.0,massive_planetesimal,793,MP_792,98.9771755515153,0.012518747792882312,0.3294233806018674
50,500000.0,massive_planetesimal,794,MP_793,97.67149549714263,0.018772817788023335,0.24142037828503876
50,500000.0,massive_planetesimal,795,MP_794,99.75967078916874,0.00855507616480951,0.3023968713759491
50,500000.0,massive_planetesimal,796,MP_795,103.89126946158169,0.0160014509567622,0.10468243773869121
50,500000.0,massive_planetesimal,797,MP_796,97.69481218649823,0.011656723980469168,0.34825689479944155
50,500000.0,massive_planetesimal,798,MP_797,104.48144088498468,0.006688371495864972,0.3192623435389051
50,500000.0,massive_planetesimal,799,MP_798,96.58035646791814,0.006685207538182967,0.11998436081667424
50,500000.0,massive_planetesimal,800,MP_799,101.81158977038233,0.004599618514916297,0.30126747069748755
