snapshot,time_yr,role,particle_index,name,a_AU,e,inc_deg
0,0.0,star,0,star,,,
0,0.0,massive_planetesimal,1,MP_0,102.73956048555965,1.4044110072071986e-05,2.7480372974888294e-05
0,0.0,massive_planetesimal,2,MP_1,102.61139701990363,2.515405776940439e-05,4.094554566467037e-06
0,0.0,massive_planetesimal,3,MP_2,101.43865120080665,2.6328371624728728e-05,1.4183953086968166e-05
0,0.0,massive_planetesimal,4,MP_3,103.27631171992584,2.021326077206179e-05,2.425378439131177e-05
0,0.0,massive_planetesimal,5,MP_4,102.78383497073759,6.228438651508838e-06,1.4910515715604623e-05
0,0.0,massive_planetesimal,6,MP_5,102.44762155907821,3.096031143815579e-05,1.0421635496217848e-05
0,0.0,massive_planetesimal,7,MP_6,96.29921505335479,1.5222557639548733e-05,7.294645231227028e-06
0,0.0,massive_planetesimal,8,MP_7,102.00265102002254,9.995732523992854e-06,2.6631716883818126e-05
0,0.0,massive_planetesimal,9,MP_8,101.82495503974981,4.47207947532918e-06,6.445849674396954e-06
0,0.0,massive_planetesimal,10,MP_9,102.05165378626332,2.498332899247669e-05,1.4664043934568493e-05
0,0.0,massive_planetesimal,11,MP_10,101.68402961790467,1.507507859680557e-05,1.8091139215819242e-05
0,0.0,massive_planetesimal,12,MP_11,100.59207160745409,9.726403138406306e-06,8.537736462515939e-07
0,0.0,massive_planetesimal,13,MP_12,103.53403073268163,7.486063547834588e-06,1.9090959104164224e-06
0,0.0,massive_planetesimal,14,MP_13,100.57032152341282,2.5084742691454576e-05,2.1275929630452318e-05
0,0.0,massive_planetesimal,15,MP_14,95.22712073133853,2.881531545331231e-06,2.313080647644551e-05
0,0.0,massive_planetesimal,16,MP_15,96.52312102713171,2.2282252002401427e-05,1.4286365630539095e-05
0,0.0,massive_planetesimal,17,MP_16,98.61812610553392,2.804797418013931e-06,3.7215130446689415e-06
0,0.0,massive_planetesimal,18,MP_17,97.6586996145952,3.101364407502709e-05,2.4920832290610958e-05
0,0.0,massive_planetesimal,19,MP_18,95.96390962153502,2.888327668928894e-05,1.4589290462454084e-05
0,0.0,massive_planetesimal,20,MP_19,96.76772782939229,2.7411657091100426e-05,2.4283820049125425e-05
0,0.0,massive_planetesimal,21,MP_20,100.84097968912735,2.079509124977955e-05,2.699869328381916e-06
0,0.0,massive_planetesimal,22,MP_21,98.29861212332784,4.624774043519749e-06,3.1945284701301985e-06
0,0.0,massive_planetesimal,23,MP_22,100.81061139700394,1.1099833745192069e-05,1.891836025044376e-05
0,0.0,massive_planetesimal,24,MP_23,102.82735227250294,2.6473599970987855e-06,1.5556496191598024e-05
0,0.0,massive_planetesimal,25,MP_24,99.7348940105695,8.543221218661253e-06,1.059505231752994e-05
0,0.0,massive_planetesimal,26,MP_25,103.26291924194359,2.8677144698938866e-05,4.436338000413295e-06
0,0.0,massive_planetesimal,27,MP_26,97.81233783839012,2.1101524310379086e-05,2.3272184538673578e-05
0,0.0,massive_planetesimal,28,MP_27,97.30213990894879,1.1972017975444455e-06,1.7765878731478854e-05
0,0.0,massive_planetesimal,29,MP_28,98.17138892822715,3.0492780642156486e-05,9.313570918021479e-06
0,0.0,massive_planetesimal,30,MP_29,96.64607817582021,1.4371398203772863e-06,1.3898428017007624e-05
0,0.0,massive_planetesimal,31,MP_30,103.90792490878522,2.8590292470430685e-05,1.6643112294063987e-05
0,0.0,massive_planetesimal,32,MP_31,98.73657728873711,3.0229333778696358e-06,2.3890411272379305e-05
0,0.0,massive_planetesimal,33,MP_32,96.2275793241149,2.6595605508144616e-05,4.90455619685548e-06
0,0.0,massive_planetesimal,34,MP_33,96.96434665714577,9.930357532979209e-06,2.4876918895628062e-05
0,0.0,massive_planetesimal,35,MP_34,95.13936287708204,7.348992959843892e-06,4.26886823125797e-06
0,0.0,massive_planetesimal,36,MP_35,101.94262435642888,1.8595731494992255e-05,6.331754823653221e-06
0,0.0,massive_planetesimal,37,MP_36,96.31057751557312,3.960121716833945e-06,2.9674008194930117e-05
0,0.0,massive_planetesimal,38,MP_37,101.62864212763579,3.0579944225729004e-05,9.155702348202485e-06
0,0.0,massive_planetesimal,39,MP_38,101.33975111681079,3.388716920424812e-06,4.436338000413295e-06
0,0.0,massive_planetesimal,40,MP_39,104.33023221600213,2.573954929968814e-05,1.4959322771548181e-05
0,0.0,massive_planetesimal,41,MP_40,103.29428614882731,2.5498146826190243e-05,7.443026089337888e-06
0,0.0,massive_planetesimal,42,MP_41,101.03107157338727,1.320229021686014e-05,1.198328416961092e-05
0,0.0,massive_planetesimal,43,MP_42,99.538968820763,7.930866014643735e-06,7.588506156264597e-06
0,0.0,massive_planetesimal,44,MP_43,95.66558856955177,1.9021877240141425e-05,4.676310850554341e-06
0,0.0,massive_planetesimal,45,MP_44,104.20970472487454,5.297015127768886e-06,9.115808030550376e-06
0,0.0,massive_planetesimal,46,MP_45,95.55395409164255,5.588527070149239e-06,1.7075472925031877e-06
0,0.0,massive_planetesimal,47,MP_46,98.17991096952045,1.614483958453738e-05,2.8005857894382053e-05
0,0.0,massive_planetesimal,48,MP_47,97.36744871104396,7.980402426825257e-06,1.8271553931657168e-05
0,0.0,massive_planetesimal,49,MP_48,100.23752948717635,3.2535008927176712e-06,2.6672741375736855e-05
0,0.0,massive_planetesimal,50,MP_49,103.43574951597753,2.8884900605803244e-05,3.1346401449249455e-05
0,0.0,massive_planetesimal,51,MP_50,102.78996354578129,4.305670669412029e-06,1.716063790683883e-05
0,0.0,massive_planetesimal,52,MP_51,98.8508949610036,2.0466024679087848e-05,8.494940521530481e-06
0,0.0,massive_planetesimal,53,MP_52,97.32569940528872,1.1760377923607713e-05,1.1737447080919157e-05
0,0.0,massive_planetesimal,54,MP_53,97.96876474571285,3.036345365506258e-05,2.9315658079272248e-05
0,0.0,massive_planetesimal,55,MP_54,103.48560488773626,2.088279489783583e-05,2.574095686025837e-05
0,0.0,massive_planetesimal,56,MP_55,102.34893162310293,6.4769469798293546e-06,2.2247316447246325e-05
0,0.0,massive_planetesimal,57,MP_56,95.95095748229939,2.3222900104844225e-05,2.699869328381916e-06
0,0.0,massive_planetesimal,58,MP_57,103.00884176085098,1.8997824142856022e-05,2.5037558139104298e-05
0,0.0,massive_planetesimal,59,MP_58,100.90075895358312,3.041574321934209e-06,1.971089523601067e-05
0,0.0,massive_planetesimal,60,MP_59,99.65985152981227,1.6724216816397824e-05,2.4433444508882564e-05
0,0.0,massive_planetesimal,61,MP_60,104.31236235690105,3.83147483202088e-06,3.818191820832846e-06
0,0.0,massive_planetesimal,62,MP_61,102.74321416141845,2.1479405225778672e-05,1.0697753125226707e-05
0,0.0,massive_planetesimal,63,MP_62,98.64192017772055,1.0062079366509358e-05,5.0509930079323e-06
0,0.0,massive_planetesimal,64,MP_63,98.83319822777405,2.3349942678067177e-05,1.7683628851157155e-05
0,0.0,massive_planetesimal,65,MP_64,98.76359473480825,3.15722094374866e-05,2.2972699315936647e-05
0,0.0,massive_planetesimal,66,MP_65,101.37073883991206,3.9014937068033215e-06,1.8841142131235978e-05
0,0.0,massive_planetesimal,67,MP_66,103.25399511196314,9.451488810613903e-06,1.4688877218970437e-05
0,0.0,massive_planetesimal,68,MP_67,102.8129403543152,3.5388291518558504e-06,3.189961593642046e-05
0,0.0,massive_planetesimal,69,MP_68,96.06419531871383,3.197135137533279e-05,2.1310162845882393e-05
0,0.0,massive_planetesimal,70,MP_69,95.28999503204463,7.706497856924142e-06,4.517745487845102e-06
0,0.0,massive_planetesimal,71,MP_70,101.56269039327488,1.1572067359318138e-06,0.0
0,0.0,massive_planetesimal,72,MP_71,97.38552820627392,2.7181082973564827e-05,1.9090959104164224e-06
0,0.0,massive_planetesimal,73,MP_72,101.98120783978644,2.6815366996490533e-05,1.2074182697257333e-06
0,0.0,massive_planetesimal,74,MP_73,102.45188128328844,2.0160379026522428e-05,2.7240597807984372e-05
0,0.0,massive_planetesimal,75,MP_74,97.70758751317801,2.2716950312790842e-05,3.136964683727848e-05
0,0.0,massive_planetesimal,76,MP_75,95.42350551580161,2.829266276360614e-05,2.271743917865515e-05
0,0.0,massive_planetesimal,77,MP_76,104.80027179554196,1.4673940558603795e-05,2.5095717469822675e-05
0,0.0,massive_planetesimal,78,MP_77,104.46024453558097,9.642964240636858e-06,1.850937158160324e-05
0,0.0,massive_planetesimal,79,MP_78,96.48438989920068,1.626728763071248e-05,1.2919939687890481e-05
0,0.0,massive_planetesimal,80,MP_79,97.78075545781262,9.75054731998604e-06,1.3713635377634418e-05
0,0.0,massive_planetesimal,81,MP_80,99.08783109428698,6.9641128541851065e-06,1.8821788102366937e-05
0,0.0,massive_planetesimal,82,MP_81,99.74132675090169,7.218971782705768e-06,1.8311404696405027e-05
0,0.0,massive_planetesimal,83,MP_82,101.52433056521029,1.0118852858459863e-05,2.5197173281906035e-05
0,0.0,massive_planetesimal,84,MP_83,98.60657334450258,1.6407655827122553e-05,2.356786440354151e-05
0,0.0,massive_planetesimal,85,MP_84,100.20275114740572,2.5595853144468176e-05,1.0029569411827041e-05
0,0.0,massive_planetesimal,86,MP_85,95.72059147072942,2.6943782753219568e-05,1.7075472925031877e-06
0,0.0,massive_planetesimal,87,MP_86,98.13893369801995,2.376616213478854e-05,8.537736462515939e-07
0,0.0,massive_planetesimal,88,MP_87,96.5361289906064,1.922689305466263e-05,3.818191820832846e-06
0,0.0,massive_planetesimal,89,MP_88,102.7210489135459,9.950768317456966e-06,2.2000207897163392e-05
0,0.0,massive_planetesimal,90,MP_89,95.10727644975672,6.68984507502315e-06,1.6817390473705895e-05
0,0.0,massive_planetesimal,91,MP_90,104.89133002683609,1.7791021696538513e-05,2.6849789854007865e-05
0,0.0,massive_planetesimal,92,MP_91,98.92572715841929,2.561577077000493e-06,2.4178532008893128e-05
0,0.0,massive_planetesimal,93,MP_92,96.80926652230868,2.90273159090364e-05,1.4787793334710982e-06
0,0.0,massive_planetesimal,94,MP_93,100.86445173014796,1.578527922718538e-05,2.699869328381916e-06
0,0.0,massive_planetesimal,95,MP_94,101.49149050134272,2.144650417145835e-05,2.4418523320004626e-05
0,0.0,massive_planetesimal,96,MP_95,98.38456483297325,2.7023323945146616e-05,1.5438909500480757e-05
0,0.0,massive_planetesimal,97,MP_96,104.0955224387134,1.878796609788235e-05,2.7213825715218644e-05
0,0.0,massive_planetesimal,98,MP_97,96.04979715896073,1.2753680214436313e-05,2.9352931658318245e-05
0,0.0,massive_planetesimal,99,MP_98,96.91603009662705,7.943402174658987e-07,2.9686287942277552e-05
0,0.0,massive_planetesimal,100,MP_99,95.07314456293012,8.896707411353324e-06,2.25079088350841e-05
0,0.0,massive_planetesimal,101,MP_100,99.77505873627727,2.436584202175445e-05,2.8902476314888416e-05
0,0.0,massive_planetesimal,102,MP_101,103.66801438261933,3.651330277585369e-06,2.3428270691461952e-05
0,0.0,massive_planetesimal,103,MP_102,104.69815116705566,3.150649860597634e-05,9.234973977599935e-06
0,0.0,massive_planetesimal,104,MP_103,96.23869774864222,1.3103027288210345e-06,2.4876918895628062e-05
0,0.0,massive_planetesimal,105,MP_104,104.77916979073835,1.3170432070137744e-05,2.5413214731393306e-05
0,0.0,massive_planetesimal,106,MP_105,104.24701667219881,2.6322658899436714e-05,1.2074182697257333e-06
0,0.0,massive_planetesimal,107,MP_106,101.7530562866748,2.2824262281803295e-05,2.4759435741296416e-05
0,0.0,massive_planetesimal,108,MP_107,95.4896370982328,7.5051248138477e-06,1.98949412011025e-05
0,0.0,massive_planetesimal,109,MP_108,101.772873993644,9.474332520534067e-07,1.2835032264144346e-05
0,0.0,massive_planetesimal,110,MP_109,103.52781129631914,1.1137005549049391e-05,2.730741320834934e-05
0,0.0,massive_planetesimal,111,MP_110,97.74825050755068,2.8369841989319398e-05,5.9764155237611605e-06
0,0.0,massive_planetesimal,112,MP_111,103.07431605976281,3.1959787842216226e-05,9.468807791963592e-06
0,0.0,massive_planetesimal,113,MP_112,104.9758003726291,2.242819232417906e-05,1.9071858590023166e-05
0,0.0,massive_planetesimal,114,MP_113,96.34366913313065,1.169211082222819e-05,2.091309789151873e-06
0,0.0,massive_planetesimal,115,MP_114,101.345402649518,1.0985358795941392e-05,1.344524082641768e-05
0,0.0,massive_planetesimal,116,MP_115,97.84540875111821,2.8703897561131016e-05,7.491833340751661e-06
0,0.0,massive_planetesimal,117,MP_116,102.42317949417978,1.8903833413186233e-05,2.0913097891518843e-05
0,0.0,massive_planetesimal,118,MP_117,96.55441564083421,2.7978059689164946e-05,9.075738350724584e-06
0,0.0,massive_planetesimal,119,MP_118,99.38386258584191,1.524023387478649e-05,3.1830989935233354e-05
0,0.0,massive_planetesimal,120,MP_119,102.87589836229334,5.925739038185739e-06,1.7990127040434818e-05
0,0.0,massive_planetesimal,121,MP_120,100.12732064300114,1.3855119771943874e-05,1.2074182697257333e-06
0,0.0,massive_planetesimal,122,MP_121,97.46066611504939,2.0969738854014166e-06,1.4564287375591707e-05
0,0.0,massive_planetesimal,123,MP_122,96.11600368249218,1.230414009575008e-05,1.9090959104164224e-06
0,0.0,massive_planetesimal,124,MP_123,98.941257771781,1.3331508258373187e-05,0.0
0,0.0,massive_planetesimal,125,MP_124,100.08167355812868,1.566406420783993e-05,1.0663629423853027e-05
0,0.0,massive_planetesimal,126,MP_125,97.60348543415253,1.0319694110928032e-05,7.73124918760008e-06
0,0.0,massive_planetesimal,127,MP_126,98.30735742054867,2.977230776270254e-05,1.4787793334710982e-06
0,0.0,massive_planetesimal,128,MP_127,95.47374020005489,4.422571892915239e-06,2.94025562612171e-05
0,0.0,massive_planetesimal,129,MP_128,96.10629467562207,1.9844777172381963e-05,7.73124918760008e-06
0,0.0,massive_planetesimal,130,MP_129,95.04741392911876,2.7307822699154666e-05,1.980313203006426e-05
0,0.0,massive_planetesimal,131,MP_130,97.54263483754156,2.9401397788940217e-05,1.45392412910642e-05
0,0.0,massive_planetesimal,132,MP_131,103.13159345820111,1.0188771770562534e-05,2.5584734437791434e-05
0,0.0,massive_planetesimal,133,MP_132,98.1763563436356,2.4994685785319864e-06,8.537736462515939e-07
0,0.0,massive_planetesimal,134,MP_133,102.25183320850866,2.265891954204276e-05,2.3645060366573138e-05
0,0.0,massive_planetesimal,135,MP_134,96.26026341746622,4.598997166193795e-06,2.218169000206661e-05
0,0.0,massive_planetesimal,136,MP_135,95.0400760473334,5.305536606012203e-07,3.1773688376733324e-05
0,0.0,massive_planetesimal,137,MP_136,103.80380300127692,1.7158413219563483e-05,1.9876613291913992e-05
0,0.0,massive_planetesimal,138,MP_137,97.94755193202761,2.1235873493152222e-05,2.6768220683679767e-05
0,0.0,massive_planetesimal,139,MP_138,103.73888497903803,8.11726420982077e-06,1.9543772052848047e-05
0,0.0,massive_planetesimal,140,MP_139,102.25769634715425,1.814200945080595e-05,2.426880686682541e-05
0,0.0,massive_planetesimal,141,MP_140,95.12469877941217,2.547291380222249e-05,1.6643112294063987e-05
0,0.0,massive_planetesimal,142,MP_141,98.95007240040553,2.184261114285515e-05,4.829673078902934e-06
0,0.0,massive_planetesimal,143,MP_142,103.58982860557708,2.920264781230298e-05,6.776618231767655e-06
0,0.0,massive_planetesimal,144,MP_143,98.79052695037302,1.6544623579209515e-05,2.3737364141224494e-05
0,0.0,massive_planetesimal,145,MP_144,96.04615096804775,2.8927145308164592e-05,2.7704921932800045e-05
0,0.0,massive_planetesimal,146,MP_145,102.43600365107652,7.404830267318462e-07,3.1346401449249455e-05
0,0.0,massive_planetesimal,147,MP_146,98.9462988815009,1.0212239634562353e-05,1.9469034601067135e-05
0,0.0,massive_planetesimal,148,MP_147,104.353813695665,1.4964488212172828e-05,6.273929367455621e-06
0,0.0,massive_planetesimal,149,MP_148,96.6287150055455,2.190598634825873e-05,1.0900252224719401e-05
0,0.0,massive_planetesimal,150,MP_149,102.53504563000249,2.8193153662147266e-05,8.913658556096819e-06
0,0.0,massive_planetesimal,151,MP_150,99.68416641246762,8.302074875767529e-06,1.4787793334710982e-06
0,0.0,massive_planetesimal,152,MP_151,99.95506556628611,3.5421463686298774e-06,8.099607985145754e-06
0,0.0,massive_planetesimal,153,MP_152,104.0164185356644,3.1506195464038956e-05,3.1416086014201565e-05
0,0.0,massive_planetesimal,154,MP_153,98.04466526476035,1.7692744129942682e-05,3.078324659199975e-06
0,0.0,massive_planetesimal,155,MP_154,96.65311323367287,8.104175180812184e-06,5.122641877509565e-06
0,0.0,massive_planetesimal,156,MP_155,97.96032862910029,1.188008438688536e-05,1.2976235988020372e-05
0,0.0,massive_planetesimal,157,MP_156,104.41538856738096,3.860970798189902e-06,2.867459515372585e-05
0,0.0,massive_planetesimal,158,MP_157,96.79492072346092,1.3234173802125257e-05,1.4388049231413678e-05
0,0.0,massive_planetesimal,159,MP_158,103.74575139855574,1.0858308663810777e-05,1.698988104306101e-05
0,0.0,massive_planetesimal,160,MP_159,104.40019010807512,2.8415642515583003e-05,2.4876918895628062e-05
0,0.0,massive_planetesimal,161,MP_160,100.36568013577092,1.3906018710170288e-05,4.182619578303747e-06
0,0.0,massive_planetesimal,162,MP_161,104.53205524905192,5.234460086853559e-06,1.774535200165325e-05
0,0.0,massive_planetesimal,163,MP_162,96.18953310740213,2.9339149043973792e-05,1.024528375501914e-05
0,0.0,massive_planetesimal,164,MP_163,100.31886091346068,5.991646227788658e-06,3.1635741176608346e-05
0,0.0,massive_planetesimal,165,MP_164,96.52877122126328,2.9461307464466815e-05,1.0933637455190016e-05
0,0.0,massive_planetesimal,166,MP_165,101.22708744988208,2.402683471181415e-05,2.539886913909499e-05
0,0.0,massive_planetesimal,167,MP_166,101.39013649264159,7.388072301384919e-08,3.178515695259018e-05
0,0.0,massive_planetesimal,168,MP_167,96.29030057182038,4.874454725166584e-06,2.0240018397643986e-05
0,0.0,massive_planetesimal,169,MP_168,102.26180128383902,1.4755181765084926e-05,2.1103930611372405e-05
0,0.0,massive_planetesimal,170,MP_169,98.42713642754953,5.671536040233411e-06,2.1699963539503996e-05
0,0.0,massive_planetesimal,171,MP_170,103.92487689687326,2.398779580548516e-05,3.172777261809633e-05
0,0.0,massive_planetesimal,172,MP_171,104.47535599665997,1.172273563384577e-05,2.3614212264245028e-05
0,0.0,massive_planetesimal,173,MP_172,100.08934151751356,2.902676246098082e-05,1.3418106104862006e-05
0,0.0,massive_planetesimal,174,MP_173,99.40050108233551,4.025824586126282e-06,2.9575586669421963e-06
0,0.0,massive_planetesimal,175,MP_174,95.19766445342685,1.0449498965441487e-05,6.331754823653221e-06
0,0.0,massive_planetesimal,176,MP_175,101.67849158847984,4.139609710847878e-06,8.79013768592829e-06
0,0.0,massive_planetesimal,177,MP_176,104.10326910185256,6.4807170533407524e-06,1.735073077195706e-05
0,0.0,massive_planetesimal,178,MP_177,97.55106931027386,2.0015301021097874e-05,1.024528375501914e-05
0,0.0,massive_planetesimal,179,MP_178,95.23227582346759,1.280196627633677e-05,2.8005857894382053e-05
0,0.0,massive_planetesimal,180,MP_179,103.53984376147234,1.0310901562055234e-05,1.741363392971263e-05
0,0.0,massive_planetesimal,181,MP_180,97.44205000765888,2.9205498728243666e-05,2.9563260939914524e-05
0,0.0,massive_planetesimal,182,MP_181,102.64667228562,2.440288294275772e-05,1.5391623295999922e-05
0,0.0,massive_planetesimal,183,MP_182,97.89320136102336,8.24986911051187e-06,1.8744172150678372e-05
0,0.0,massive_planetesimal,184,MP_183,103.6056991929438,5.366384629748908e-06,0.0
0,0.0,massive_planetesimal,185,MP_184,96.38329070116035,2.4778748837632215e-05,3.7215130446689415e-06
0,0.0,massive_planetesimal,186,MP_185,96.53963582577632,1.3529610641881062e-05,1.983990668017933e-05
0,0.0,massive_planetesimal,187,MP_186,96.37997517347908,2.5303615164786076e-05,8.664856156940838e-06
0,0.0,massive_planetesimal,188,MP_187,103.32529284924007,5.643404160366981e-06,1.3580101180607511e-05
0,0.0,massive_planetesimal,189,MP_188,101.52686734869253,3.174534417692468e-05,3.197949347573169e-05
0,0.0,massive_planetesimal,190,MP_189,104.76664078216581,1.018644440425633e-05,1.4763126439582167e-05
0,0.0,massive_planetesimal,191,MP_190,98.53337695068467,2.5198843988306026e-05,2.6618028002480006e-05
0,0.0,massive_planetesimal,192,MP_191,102.48820779667048,2.564446188270835e-05,1.571963993965638e-05
0,0.0,massive_planetesimal,193,MP_192,95.96095232971876,4.912816705457772e-06,1.7075472925031942e-05
0,0.0,massive_planetesimal,194,MP_193,99.36316659694259,2.478796420132645e-05,8.537736462515939e-07
0,0.0,massive_planetesimal,195,MP_194,96.46863734821406,2.754563115573803e-05,2.634275661277943e-05
0,0.0,massive_planetesimal,196,MP_195,98.94481517938752,2.3609521795411072e-05,8.233494873389921e-06
0,0.0,massive_planetesimal,197,MP_196,99.64679637857331,1.1772938887068997e-05,7.040397847728103e-06
0,0.0,massive_planetesimal,198,MP_197,95.85982350110943,5.641323680707459e-06,5.663293681020318e-06
0,0.0,massive_planetesimal,199,MP_198,96.37211257790612,2.0913274422321023e-05,1.4362695820999273e-05
0,0.0,massive_planetesimal,200,MP_199,103.7285895877418,6.153621729098747e-06,7.040397847728103e-06
0,0.0,massive_planetesimal,201,MP_200,100.66420650809646,1.7629080591747645e-05,2.650826247094554e-05
0,0.0,massive_planetesimal,202,MP_201,101.01558452456007,1.5558146419612806e-05,8.321556147031972e-06
0,0.0,massive_planetesimal,203,MP_202,100.61223067890037,1.2331823387833214e-05,8.706816964856289e-06
0,0.0,massive_planetesimal,204,MP_203,101.76652382509646,2.1145347490401434e-06,0.0
0,0.0,massive_planetesimal,205,MP_204,96.7196035193702,2.8488446778134666e-05,1.5032236230862699e-05
0,0.0,massive_planetesimal,206,MP_205,97.15178274628717,1.8744682405034195e-05,6.273929367455621e-06
0,0.0,massive_planetesimal,207,MP_206,97.06985159640841,1.3527489096905166e-05,5.598568198963992e-06
0,0.0,massive_planetesimal,208,MP_207,98.60758686518251,1.7686531040789238e-06,1.1454575462498553e-05
0,0.0,massive_planetesimal,209,MP_208,103.88365453062836,2.974933186967822e-05,3.1945284701301985e-06
0,0.0,massive_planetesimal,210,MP_209,96.21968964209628,2.7276234174111662e-05,2.4133267946715553e-05
0,0.0,massive_planetesimal,211,MP_210,95.4417510294417,1.2840478854116924e-05,1.03514553342977e-05
0,0.0,massive_planetesimal,212,MP_211,96.70341193658513,3.131629260526589e-05,1.5949807968210074e-05
0,0.0,massive_planetesimal,213,MP_212,98.97525024555,1.871208649015e-05,4.182619578303747e-06
0,0.0,massive_planetesimal,214,MP_213,103.66144606331025,1.885859731589503e-05,1.1454575462498553e-05
0,0.0,massive_planetesimal,215,MP_214,104.26769391488996,2.984894782902338e-05,1.2518779069552075e-05
0,0.0,massive_planetesimal,216,MP_215,99.61817911449745,2.1080109114295176e-05,1.774535200165325e-05
0,0.0,massive_planetesimal,217,MP_216,95.94639768249387,5.314004237379293e-06,2.313080647644551e-05
0,0.0,massive_planetesimal,218,MP_217,102.5553954247343,8.237515594898223e-06,2.6466983033799646e-05
0,0.0,massive_planetesimal,219,MP_218,95.52575990323061,3.025663651315472e-05,1.2576871163780067e-05
0,0.0,massive_planetesimal,220,MP_219,95.3854199932344,2.177340178170132e-05,1.7990127040434818e-05
0,0.0,massive_planetesimal,221,MP_220,99.96417482439306,1.490423809137615e-05,0.0
0,0.0,massive_planetesimal,222,MP_221,98.73060587558051,1.8082493140217288e-05,8.664856156940838e-06
0,0.0,massive_planetesimal,223,MP_222,100.3648792375225,3.0893310511390435e-05,3.0830569058971685e-05
0,0.0,massive_planetesimal,224,MP_223,103.7814742465554,1.1982845966185224e-05,3.1945284701301985e-06
0,0.0,massive_planetesimal,225,MP_224,104.82144296317846,1.9430765775822506e-05,1.3633671807462767e-05
0,0.0,massive_planetesimal,226,MP_225,102.94750558417562,2.6806939461334935e-05,9.075738350724584e-06
0,0.0,massive_planetesimal,227,MP_226,100.20457443767225,1.4837622870094316e-05,2.2099382890764463e-05
0,0.0,massive_planetesimal,228,MP_227,101.18714778169642,1.28304031587138e-06,1.4787793334711022e-05
0,0.0,massive_planetesimal,229,MP_228,96.88474303012308,1.1012514498138043e-05,3.078324659199975e-06
0,0.0,massive_planetesimal,230,MP_229,104.7441712310884,2.583528960700902e-06,2.082577768596124e-05
0,0.0,massive_planetesimal,231,MP_230,99.31076357637946,1.1487643526470199e-06,1.7118108379478336e-05
0,0.0,massive_planetesimal,232,MP_231,102.05797003629489,9.656475734440447e-06,2.8889863407320775e-05
0,0.0,massive_planetesimal,233,MP_232,96.17504382252602,1.9143787942162892e-06,2.6713702866020766e-05
0,0.0,massive_planetesimal,234,MP_233,100.67448113549331,1.2711465646954525e-05,1.4235251457258534e-05
0,0.0,massive_planetesimal,235,MP_234,96.89363491672847,9.153513659087299e-06,3.0854203074752875e-05
0,0.0,massive_planetesimal,236,MP_235,103.30019179159035,3.1228721291821965e-05,2.694464179159968e-05
0,0.0,massive_planetesimal,237,MP_236,100.45675694081052,1.7391859042412237e-05,2.876343013799492e-05
0,0.0,massive_planetesimal,238,MP_237,99.56403857901843,1.2362926630958945e-05,1.1581149199548762e-05
0,0.0,massive_planetesimal,239,MP_238,102.79869843872304,1.4274332573185661e-05,2.978434366079071e-05
0,0.0,massive_planetesimal,240,MP_239,97.05819793013013,3.122355278079099e-05,6.9884384818971375e-06
0,0.0,massive_planetesimal,241,MP_240,97.36360435383547,1.571764599627376e-06,4.90455619685548e-06
0,0.0,massive_planetesimal,242,MP_241,104.12448796295644,1.7191004278294504e-05,2.000455603180256e-05
0,0.0,massive_planetesimal,243,MP_242,103.6413682919272,3.0362979424402514e-05,1.1131846416284069e-05
0,0.0,massive_planetesimal,244,MP_243,104.45693651824473,1.2105914315865275e-05,2.4670956235889678e-05
0,0.0,massive_planetesimal,245,MP_244,101.53191885022822,2.153130862993555e-05,1.392462677356116e-05
0,0.0,massive_planetesimal,246,MP_245,104.36669691865121,6.012914529614256e-06,3.4150945850063763e-06
0,0.0,massive_planetesimal,247,MP_246,99.36667489338838,3.183407657047298e-05,1.5556496191598024e-05
0,0.0,massive_planetesimal,248,MP_247,100.9295663114962,7.294968710778779e-06,2.0401438912201045e-05
0,0.0,massive_planetesimal,249,MP_248,103.9675537159069,1.5217957543321926e-05,2.091309789151873e-06
0,0.0,massive_planetesimal,250,MP_249,99.28169863508874,2.0413975815619463e-05,2.7400681053666684e-05
0,0.0,massive_planetesimal,251,MP_250,101.71854188614064,3.073878280037215e-05,1.186100256021862e-05
0,0.0,massive_planetesimal,252,MP_251,102.36573093115736,1.4710702862592763e-05,6.883343194785022e-06
0,0.0,massive_planetesimal,253,MP_252,101.26824982784208,2.3912633606250502e-05,2.8636438656246633e-05
0,0.0,massive_planetesimal,254,MP_253,96.54423088022142,6.3253434322063265e-06,9.313570918021479e-06
0,0.0,massive_planetesimal,255,MP_254,102.08157553842639,5.605778171319968e-06,1.1454575462498553e-05
0,0.0,massive_planetesimal,256,MP_255,98.08333203952843,4.0728383466226245e-06,1.7621689505503623e-05
0,0.0,massive_planetesimal,257,MP_256,102.82211195267799,2.3935684126545264e-05,2.6078557602338607e-05
0,0.0,massive_planetesimal,258,MP_257,98.60810561417514,5.643378445606688e-06,1.4983666681503355e-05
0,0.0,massive_planetesimal,259,MP_258,98.13846772111643,8.729738565033093e-06,4.26886823125797e-06
0,0.0,massive_planetesimal,260,MP_259,97.35997262620552,2.4420975674204775e-05,2.9759860020269187e-05
0,0.0,massive_planetesimal,261,MP_260,104.9882963733366,1.9632527511410002e-05,2.8457698550067317e-05
0,0.0,massive_planetesimal,262,MP_261,95.811540004239,5.057777740111505e-07,1.52966123677706e-05
0,0.0,massive_planetesimal,263,MP_262,100.52162703304434,2.6771617313417013e-05,3.4150945850063763e-06
0,0.0,massive_planetesimal,264,MP_263,104.94824213620873,2.7933184524478235e-05,2.8470502914517292e-05
0,0.0,massive_planetesimal,265,MP_264,101.06299398192716,3.0041771334644284e-05,1.1000103948581645e-05
0,0.0,massive_planetesimal,266,MP_265,96.95185529818659,1.8542510250659488e-06,3.037802939324305e-05
0,0.0,massive_planetesimal,267,MP_266,96.91921161411084,5.614791890472431e-06,2.598054388470835e-05
0,0.0,massive_planetesimal,268,MP_267,101.77708614454471,2.60631640329517e-05,7.540324677666867e-06
0,0.0,massive_planetesimal,269,MP_268,99.29957049900047,1.3840498983893248e-05,8.099607985145754e-06
0,0.0,massive_planetesimal,270,MP_269,103.35125791080729,6.818397900580833e-06,0.0
0,0.0,massive_planetesimal,271,MP_270,97.07998073708458,1.6605268559783625e-05,2.5924369670044465e-05
0,0.0,massive_planetesimal,272,MP_271,98.71543208406365,6.0427654553094895e-06,6.2155659652833185e-06
0,0.0,massive_planetesimal,273,MP_272,101.42252418567989,2.2092862544229537e-05,3.145087039763466e-05
0,0.0,massive_planetesimal,274,MP_273,97.45875587005057,2.335408788157008e-05,2.4148365394514843e-05
0,0.0,massive_planetesimal,275,MP_274,96.85375272802489,1.484249953497884e-05,9.2743557084027e-06
0,0.0,massive_planetesimal,276,MP_275,97.6603087262167,8.772300597899421e-06,8.18910913293408e-06
0,0.0,massive_planetesimal,277,MP_276,97.24689474545879,2.709347361601704e-05,1.277811388052082e-05
0,0.0,massive_planetesimal,278,MP_277,102.82905274171726,6.749900431626409e-06,2.9352931658318245e-05
0,0.0,massive_planetesimal,279,MP_278,95.5053598865006,2.775755326362839e-05,9.77188602642399e-06
0,0.0,massive_planetesimal,280,MP_279,102.80838354519047,3.003236668684834e-05,2.330348540626799e-05
0,0.0,massive_planetesimal,281,MP_280,102.44770927816751,2.6256190203594937e-05,2.398177073107052e-05
0,0.0,massive_planetesimal,282,MP_281,100.02874936980353,1.616886151338837e-05,1.866623346736378e-05
0,0.0,massive_planetesimal,283,MP_282,97.46725053479474,2.3568742966407667e-05,2.1699963539503996e-05
0,0.0,massive_planetesimal,284,MP_283,104.60626285628828,2.3098762631609734e-05,2.9365345670993478e-05
0,0.0,massive_planetesimal,285,MP_284,99.73932737638081,3.157211989959629e-05,2.9575586669421963e-06
0,0.0,massive_planetesimal,286,MP_285,102.8779285063887,1.2249061208859615e-05,3.135802629721045e-05
0,0.0,massive_planetesimal,287,MP_286,98.3685654383327,1.9403610887023703e-05,2.106936231525657e-05
0,0.0,massive_planetesimal,288,MP_287,102.11917810588575,1.803274358276572e-05,1.585814164606441e-05
0,0.0,massive_planetesimal,289,MP_288,95.30892837036025,1.2685959531635575e-05,3.0233714898244535e-05
0,0.0,massive_planetesimal,290,MP_289,103.66608832153668,2.3874175326683915e-05,2.8329336603178093e-05
0,0.0,massive_planetesimal,291,MP_290,97.45699742994971,7.383881768970703e-06,8.537736462515939e-07
0,0.0,massive_planetesimal,292,MP_291,102.43994722694985,1.70116133981641e-05,1.5248884911748957e-05
0,0.0,massive_planetesimal,293,MP_292,103.88058695014864,2.5976075878803827e-05,1.1197136397927998e-05
0,0.0,massive_planetesimal,294,MP_293,104.02892687630285,2.9500720207938272e-05,1.0663629423853027e-05
0,0.0,massive_planetesimal,295,MP_294,96.20110630101385,2.281745093885314e-06,3.167028430738275e-05
0,0.0,massive_planetesimal,296,MP_295,100.80240216742943,2.4781350546285876e-05,2.0185924710546847e-05
0,0.0,massive_planetesimal,297,MP_296,102.12749693761305,1.4316568057432585e-05,1.1066171232981577e-05
0,0.0,massive_planetesimal,298,MP_297,97.6070378133595,4.913009482596659e-06,7.917571076845593e-06
0,0.0,massive_planetesimal,299,MP_298,103.56409630655743,2.487829341500413e-06,2.447815350237319e-05
0,0.0,massive_planetesimal,300,MP_299,104.0979662273323,9.440614678958562e-06,1.8211614282110064e-05
0,0.0,massive_planetesimal,301,MP_300,101.10335388790186,1.995348382843451e-05,4.26886823125797e-06
0,0.0,massive_planetesimal,302,MP_301,95.74070552738715,1.4298842956846235e-05,1.3088102160853195e-05
0,0.0,massive_planetesimal,303,MP_302,102.42906309858077,7.585986463851434e-06,2.654947772641942e-05
0,0.0,massive_planetesimal,304,MP_303,99.9919422542222,1.9831020460378472e-05,2.969856261220141e-05
0,0.0,massive_planetesimal,305,MP_304,102.37515137297717,2.2992107362349444e-06,1.6489107943111647e-05
0,0.0,massive_planetesimal,306,MP_305,99.68320534694334,3.0790399633217586e-05,1.4413358044696506e-05
0,0.0,massive_planetesimal,307,MP_306,95.00568129258944,1.3822261152070042e-05,2.461179318613434e-05
0,0.0,massive_planetesimal,308,MP_307,96.54283125413482,3.0114441112237178e-05,5.3318147119265075e-06
0,0.0,massive_planetesimal,309,MP_308,99.12258596464076,2.430857767391561e-05,7.393896667355496e-06
0,0.0,massive_planetesimal,310,MP_309,103.4973019140123,3.1962515550597415e-05,7.143182815269534e-06
0,0.0,massive_planetesimal,311,MP_310,100.82444741539385,3.179272074085835e-05,3.1693292145003206e-05
0,0.0,massive_planetesimal,312,MP_311,104.32933458453502,6.523540074652498e-06,1.6925403083538737e-05
0,0.0,massive_planetesimal,313,MP_312,104.85621101512011,3.152149429505944e-05,2.9003182112398563e-05
0,0.0,massive_planetesimal,314,MP_313,100.4728284120488,1.794487598596928e-05,1.6176701413239816e-05
0,0.0,massive_planetesimal,315,MP_314,98.33549926478351,1.0581663902683941e-05,4.094554566467037e-06
0,0.0,massive_planetesimal,316,MP_315,97.27867786552835,2.4298915200764796e-05,1.7724801500257912e-05
0,0.0,massive_planetesimal,317,MP_316,101.55872860982839,8.800993300116389e-06,2.091309789151873e-06
0,0.0,massive_planetesimal,318,MP_317,103.48792113136084,4.972707815657009e-06,1.9412792688854636e-05
0,0.0,massive_planetesimal,319,MP_318,103.02752250212224,2.8577679511676732e-05,0.0
0,0.0,massive_planetesimal,320,MP_319,96.50039578248212,6.4892944836314125e-06,2.1121193543184415e-05
0,0.0,massive_planetesimal,321,MP_320,99.94063603661773,9.608701188424364e-06,1.5272767283331427e-05
0,0.0,massive_planetesimal,322,MP_321,98.52212493565126,2.2765099126685484e-05,0.0
0,0.0,massive_planetesimal,323,MP_322,102.7664843588872,2.5936630900999338e-05,2.2765518468793925e-05
0,0.0,massive_planetesimal,324,MP_323,97.45566038809451,1.361658164823325e-06,7.143182815269534e-06
0,0.0,massive_planetesimal,325,MP_324,103.24415542683492,2.9621973399503274e-05,6.445849674396954e-06
0,0.0,massive_planetesimal,326,MP_325,104.51928790080906,3.8565961629265635e-07,2.4433444508882564e-05
0,0.0,massive_planetesimal,327,MP_326,100.5032350569764,2.5009964762236626e-06,2.71870272589746e-05
0,0.0,massive_planetesimal,328,MP_327,100.7184197652111,4.914552930653388e-06,2.367586827588284e-05
0,0.0,massive_planetesimal,329,MP_328,99.72468677564483,1.6314571714066435e-05,9.993164321055812e-06
0,0.0,massive_planetesimal,330,MP_329,96.7480738623301,7.026546950657974e-06,1.4837004097464935e-05
0,0.0,massive_planetesimal,331,MP_330,103.595611334189,1.2102416736448352e-05,2.725397399234462e-05
0,0.0,massive_planetesimal,332,MP_331,97.57894009147797,2.2173650898756808e-05,3.158962491130937e-05
0,0.0,massive_planetesimal,333,MP_332,98.39735947749027,2.279823275846874e-06,1.5201007603895785e-05
0,0.0,massive_planetesimal,334,MP_333,103.45699400646971,1.6642301192384433e-05,2.6958164824717834e-05
0,0.0,massive_planetesimal,335,MP_334,96.15898865319252,2.8322975623202503e-05,1.5649929441225564e-05
0,0.0,massive_planetesimal,336,MP_335,95.47372506729492,9.171000476909449e-06,4.517745487845102e-06
0,0.0,massive_planetesimal,337,MP_336,97.79636329102533,1.0253948603117822e-06,1.9655345397318433e-05
0,0.0,massive_planetesimal,338,MP_337,95.13777355294049,7.945415932361997e-06,1.4589290462454084e-05
0,0.0,massive_planetesimal,339,MP_338,100.30441179603065,1.8992498959111885e-05,8.537736462515939e-07
0,0.0,massive_planetesimal,340,MP_339,96.00287398495247,2.5050258100672263e-05,3.0161298710667795e-05
0,0.0,massive_planetesimal,341,MP_340,97.84807588649899,2.520177871639571e-05,2.0240018397643986e-05
0,0.0,massive_planetesimal,342,MP_341,99.44937761026998,1.7503609201900844e-05,4.7536104815230715e-06
0,0.0,massive_planetesimal,343,MP_342,99.52507931524381,2.696494789515205e-05,1.0386604689550578e-05
0,0.0,massive_planetesimal,344,MP_343,96.30921312146504,1.6550877336014475e-06,3.025781511322985e-05
0,0.0,massive_planetesimal,345,MP_344,99.23655120550599,2.9763376616396045e-05,1.6086328072527303e-05
0,0.0,massive_planetesimal,346,MP_345,103.59530791809311,1.434407534674882e-05,8.913658556096819e-06
0,0.0,massive_planetesimal,347,MP_346,104.76527066415152,5.96746543246601e-06,9.621540352629896e-06
0,0.0,massive_planetesimal,348,MP_347,101.8003493540789,5.802286680521375e-06,2.158207384712059e-05
0,0.0,massive_planetesimal,349,MP_348,102.16751750163607,1.492829642033943e-05,1.1549635809980122e-05
0,0.0,massive_planetesimal,350,MP_349,104.00091278143687,1.0964809472985302e-05,1.2074182697257333e-06
0,0.0,massive_planetesimal,351,MP_350,102.47110872687404,4.184058028282784e-06,2.582577078648157e-05
0,0.0,massive_planetesimal,352,MP_351,102.13586609907419,3.1769854632550676e-05,1.0933637455190016e-05
0,0.0,massive_planetesimal,353,MP_352,96.77912488296144,1.9619501407814834e-05,0.0
0,0.0,massive_planetesimal,354,MP_353,96.08249441474857,7.687966344890419e-06,8.748576518413899e-06
0,0.0,massive_planetesimal,355,MP_354,98.78620927434511,1.2325367594923738e-05,1.0866764427531615e-05
0,0.0,massive_planetesimal,356,MP_355,97.02114300156461,2.421278167760517e-05,3.1693292145003206e-05
0,0.0,massive_planetesimal,357,MP_356,98.14581569035836,2.476606203661759e-05,2.447815350237319e-05
0,0.0,massive_planetesimal,358,MP_357,102.668755681072,2.580475932154112e-05,9.88314448090898e-06
0,0.0,massive_planetesimal,359,MP_358,102.70090718158868,2.9846689704616853e-06,2.1000055014580763e-05
0,0.0,massive_planetesimal,360,MP_359,101.0241025309145,2.741953254166512e-05,3.078324659199975e-06
0,0.0,massive_planetesimal,361,MP_360,99.48216087571168,8.486830595457864e-06,1.2576871163780067e-05
0,0.0,massive_planetesimal,362,MP_361,103.93743128716274,1.3631070873968893e-05,1.045654894575938e-05
0,0.0,massive_planetesimal,363,MP_362,100.0267932479607,4.85765545865119e-06,1.1229639039294082e-05
0,0.0,massive_planetesimal,364,MP_363,97.56721761535164,3.103269052243904e-05,2.511023625464716e-05
0,0.0,massive_planetesimal,365,MP_364,100.26460090635013,5.439312678196987e-06,2.6190124133550093e-05
0,0.0,massive_planetesimal,366,MP_365,96.15186053314264,1.8043596911076035e-05,2.3067693653563172e-05
0,0.0,massive_planetesimal,367,MP_366,95.67527314418044,1.639177507472081e-05,8.2776426154535e-06
0,0.0,massive_planetesimal,368,MP_367,103.94728581714732,5.9511814359918734e-06,1.0316186218701491e-05
0,0.0,massive_planetesimal,369,MP_368,96.56291321960977,3.332847801458769e-06,3.200227901013354e-05
0,0.0,massive_planetesimal,370,MP_369,104.22357638546006,2.8083002484954147e-06,3.6222548091772e-06
0,0.0,massive_planetesimal,371,MP_370,98.5516488699387,1.4478407514571876e-05,1.3309014001239913e-05
0,0.0,massive_planetesimal,372,MP_371,102.05272409477655,2.1489816871518927e-06,1.2074182697257333e-06
0,0.0,massive_planetesimal,373,MP_372,95.94021202168832,3.03952441572753e-05,2.3951356298121474e-05
0,0.0,massive_planetesimal,374,MP_373,98.68344164206347,1.7189524746474843e-05,9.507220963046152e-06
0,0.0,massive_planetesimal,375,MP_374,98.85921291463217,6.302705363580322e-06,8.365239156607497e-06
0,0.0,massive_planetesimal,376,MP_375,100.33905632722367,2.4699537307348406e-05,1.210433051621537e-05
0,0.0,massive_planetesimal,377,MP_376,104.09797576517543,2.539752397601563e-05,2.091309789151873e-06
0,0.0,massive_planetesimal,378,MP_377,99.58376291161511,2.9691345321621064e-06,1.7990127040434818e-05
0,0.0,massive_planetesimal,379,MP_378,102.23431368377285,2.781957846003755e-05,2.013168567464644e-05
0,0.0,massive_planetesimal,380,MP_379,103.69053786277003,1.1657662618525906e-06,1.780686120515573e-05
0,0.0,massive_planetesimal,381,MP_380,99.20222479032441,6.0193352999866345e-06,1.0866764427531615e-05
0,0.0,massive_planetesimal,382,MP_381,103.88028758227559,2.4454731186450925e-05,6.3890569402603996e-06
0,0.0,massive_planetesimal,383,MP_382,101.10522004213821,9.844111533343505e-06,9.583585410390605e-06
0,0.0,massive_planetesimal,384,MP_383,95.04857337777277,2.3343842811657036e-05,3.035402462505872e-05
0,0.0,massive_planetesimal,385,MP_384,99.36136422649103,1.0388597347387129e-05,1.668685248064749e-05
0,0.0,massive_planetesimal,386,MP_385,104.95009417323806,2.5197852762829594e-06,1.2283663699401133e-05
0,0.0,massive_planetesimal,387,MP_386,96.74537131626785,2.4450433709236166e-05,1.5881107829924093e-05
0,0.0,massive_planetesimal,388,MP_387,99.03273582930345,2.568874252843974e-06,8.408695236852925e-06
0,0.0,massive_planetesimal,389,MP_388,100.73640668795714,1.5935945305634384e-05,1.8568350079179434e-05
0,0.0,massive_planetesimal,390,MP_389,99.2839264584147,2.207237915047776e-05,2.778374121562371e-05
0,0.0,massive_planetesimal,391,MP_390,96.7031908811184,2.212421199635725e-06,2.330348540626799e-05
0,0.0,massive_planetesimal,392,MP_391,103.6254780040832,2.6736966339450126e-05,2.831646840510158e-06
0,0.0,massive_planetesimal,393,MP_392,97.34703489051888,1.7544746172024417e-05,1.3633671807462767e-05
0,0.0,massive_planetesimal,394,MP_393,104.89091939499902,4.804145816008182e-06,2.6576919054392073e-05
0,0.0,massive_planetesimal,395,MP_394,101.65213965604127,2.1926867819484368e-05,8.45192788808014e-06
0,0.0,massive_planetesimal,396,MP_395,99.62227930143668,1.0460747260137835e-05,9.80911239371097e-06
0,0.0,massive_planetesimal,397,MP_396,103.72104302003578,1.926782053865897e-05,4.26886823125797e-06
0,0.0,massive_planetesimal,398,MP_397,96.50600594337266,2.757522283041253e-07,1.4787793334710982e-06
0,0.0,massive_planetesimal,399,MP_398,102.48070959079894,2.2995893070556914e-06,1.8956851358905516e-05
0,0.0,massive_planetesimal,400,MP_399,100.95189352125423,3.1719828100751686e-05,8.233494873389921e-06
0,0.0,massive_planetesimal,401,MP_400,100.96445099360275,2.5352666789552145e-05,2.408791882813596e-05
0,0.0,massive_planetesimal,402,MP_401,100.55877404875764,9.517182691296643e-06,1.0526028440638427e-05
0,0.0,massive_planetesimal,403,MP_402,99.16912536718749,1.719800234708824e-05,1.5579907034325894e-05
0,0.0,massive_planetesimal,404,MP_403,95.67374305133006,2.9806781737983536e-05,4.00455336570039e-06
0,0.0,massive_planetesimal,405,MP_404,104.00278099615403,2.322243106307357e-05,2.4148365394514667e-06
0,0.0,massive_planetesimal,406,MP_405,103.28197852489343,2.298721802206002e-05,1.8763606237962374e-05
0,0.0,massive_planetesimal,407,MP_406,100.87521780528874,2.1259035789937062e-05,1.3976876963794299e-05
0,0.0,massive_planetesimal,408,MP_407,97.02405279503756,1.7262008277689893e-05,1.5415284529485704e-05
0,0.0,massive_planetesimal,409,MP_408,100.82978262065555,1.8726123241694373e-05,2.1052056881276945e-05
0,0.0,massive_planetesimal,410,MP_409,101.2476063468459,1.7200245201245604e-05,1.939400914049012e-05
0,0.0,massive_planetesimal,411,MP_410,103.72987215401703,2.172964980129832e-05,2.9575586669421963e-06
0,0.0,massive_planetesimal,412,MP_411,103.27440852508747,1.899060072270511e-05,1.891836025044376e-05
0,0.0,massive_planetesimal,413,MP_412,102.2332033096716,1.66321171101067e-05,1.1768457563181822e-05
0,0.0,massive_planetesimal,414,MP_413,98.73383543258682,3.0212596706334624e-05,1.6176701413239816e-05
0,0.0,massive_planetesimal,415,MP_414,103.15730635551057,1.226696938921687e-05,2.4715235582738938e-05
0,0.0,massive_planetesimal,416,MP_415,104.5909606337111,1.2868418396852081e-05,1.7075472925031877e-06
0,0.0,massive_planetesimal,417,MP_416,100.52253120344011,6.775715288783046e-06,2.623183925019106e-05
0,0.0,massive_planetesimal,418,MP_417,104.50496269802709,2.6532815691140144e-05,8.954453545231656e-06
0,0.0,massive_planetesimal,419,MP_418,100.32415319712864,2.0554157173245573e-05,1.4812419152493543e-05
0,0.0,massive_planetesimal,420,MP_419,97.32732146676183,2.6772503885030926e-05,4.676310850554341e-06
0,0.0,massive_planetesimal,421,MP_420,96.63206684717784,1.8026119734123342e-05,1.1799386545725382e-05
0,0.0,massive_planetesimal,422,MP_421,104.13433659813063,2.8879678957421785e-05,2.6535746420754912e-05
0,0.0,massive_planetesimal,423,MP_422,101.90495551217806,5.274304194680929e-07,3.0664620923036854e-05
0,0.0,massive_planetesimal,424,MP_423,95.12397213915793,1.631150911601687e-05,1.6221699278780337e-05
0,0.0,massive_planetesimal,425,MP_424,100.2754487449718,1.2008900470245407e-05,3.1030884437340754e-05
0,0.0,massive_planetesimal,426,MP_425,100.43309176235955,1.597696822323167e-05,2.05970127328611e-05
0,0.0,massive_planetesimal,427,MP_426,95.2504020300518,8.396431127816592e-06,1.4837004097464935e-05
0,0.0,massive_planetesimal,428,MP_427,102.46731714838053,1.653038415552863e-05,1.9318692315611825e-05
0,0.0,massive_planetesimal,429,MP_428,101.54995924201461,3.185776958688311e-05,8.537736462515939e-07
0,0.0,massive_planetesimal,430,MP_429,100.45204901222642,1.9837311366050852e-05,2.229640951859779e-05
0,0.0,massive_planetesimal,431,MP_430,95.26017403551572,2.675839203037694e-05,2.4148365394514667e-06
0,0.0,massive_planetesimal,432,MP_431,98.34359226717389,5.311773167356341e-06,1.4438622495364691e-05
0,0.0,massive_planetesimal,433,MP_432,101.5256725176708,3.981132439282705e-06,9.430238149809192e-06
0,0.0,massive_planetesimal,434,MP_433,104.42504619233475,3.0421274926724123e-05,1.314367821619951e-05
0,0.0,massive_planetesimal,435,MP_434,95.31581330692995,4.613028765687078e-06,1.9655345397318433e-05
0,0.0,massive_planetesimal,436,MP_435,103.8664555812782,2.62163003380579e-05,1.578904266095767e-05
0,0.0,massive_planetesimal,437,MP_436,96.97482051863281,2.7548357392906656e-05,2.634275661277943e-05
0,0.0,massive_planetesimal,438,MP_437,97.28336231631924,2.9818377305446006e-05,1.8291490166645535e-05
0,0.0,massive_planetesimal,439,MP_438,97.88553006960947,7.72205881551064e-06,2.561320938754782e-06
0,0.0,massive_planetesimal,440,MP_439,100.20975632755774,1.3714973383953253e-05,1.486154837246863e-05
0,0.0,massive_planetesimal,441,MP_440,102.16622756727317,2.4319520368185867e-05,1.841065422929595e-05
0,0.0,massive_planetesimal,442,MP_441,102.29410459599306,2.555999448840497e-05,2.1258792350482307e-05
0,0.0,massive_planetesimal,443,MP_442,103.13915683709574,2.38265523043506e-05,1.4489019236708837e-05
0,0.0,massive_planetesimal,444,MP_443,96.05942356990954,7.224806210061429e-06,2.6904031909000533e-05
0,0.0,massive_planetesimal,445,MP_444,99.91610334297454,2.5786142763251633e-05,2.8636438656246633e-05
0,0.0,massive_planetesimal,446,MP_445,101.14281850471576,1.431282198122391e-05,1.2749559400407728e-05
0,0.0,massive_planetesimal,447,MP_446,99.7214445102065,2.6170729918944296e-05,2.3844600278602423e-05
0,0.0,massive_planetesimal,448,MP_447,96.53492205374188,1.8645838775403543e-05,9.155702348202485e-06
0,0.0,massive_planetesimal,449,MP_448,97.55124656057632,1.635660042962438e-05,3.034201511929683e-05
0,0.0,massive_planetesimal,450,MP_449,103.74850848805161,5.307712951056005e-06,2.623183925019106e-05
0,0.0,massive_planetesimal,451,MP_450,101.88752212759923,1.7047693674554268e-05,1.2431131930566656e-05
0,0.0,massive_planetesimal,452,MP_451,103.92484337209659,7.3583365701429e-06,5.399738656763834e-06
0,0.0,massive_planetesimal,453,MP_452,97.49670378933837,4.46396313544501e-06,2.7546606797101884e-05
0,0.0,massive_planetesimal,454,MP_453,95.12140900922043,1.7807554896329614e-05,1.6400456182785058e-05
0,0.0,massive_planetesimal,455,MP_454,96.6793798059886,2.3706087412193796e-05,2.511023625464716e-05
0,0.0,massive_planetesimal,456,MP_455,95.02707273675797,9.560290259206832e-06,1.7765878731478854e-05
0,0.0,massive_planetesimal,457,MP_456,96.81523108109698,1.694800771062591e-05,2.262097403300073e-05
0,0.0,massive_planetesimal,458,MP_457,96.7497783748749,2.4473984019657076e-05,1.1518036199983983e-05
0,0.0,massive_planetesimal,459,MP_458,99.97025846217478,1.0539524698264526e-06,7.194024615706825e-06
0,0.0,massive_planetesimal,460,MP_459,103.82077709438099,2.552055053017014e-05,2.782306712520834e-05
0,0.0,massive_planetesimal,461,MP_460,101.52787224491311,2.9411509265942337e-05,3.1945284701301985e-06
0,0.0,massive_planetesimal,462,MP_461,99.45265465999388,2.1611023061543073e-05,2.6917575343993236e-05
0,0.0,massive_planetesimal,463,MP_462,103.87422898136735,1.5640120593428169e-06,2.4148365394514843e-05
0,0.0,massive_planetesimal,464,MP_463,97.59742252086639,4.327083583861043e-06,3.7215130446689415e-06
0,0.0,massive_planetesimal,465,MP_464,97.1663343820587,2.2140322966865682e-05,2.196705006686931e-05
0,0.0,massive_planetesimal,466,MP_465,103.35862971269289,2.404461054203766e-06,2.366046933553774e-05
0,0.0,massive_planetesimal,467,MP_466,101.2676606432716,1.1305265582051562e-05,2.1750292088450306e-05
0,0.0,massive_planetesimal,468,MP_467,95.61304065773439,1.9067454423240318e-05,3.818191820832846e-06
0,0.0,massive_planetesimal,469,MP_468,96.83808123878502,5.30409429893794e-06,1.2074182697257333e-06
0,0.0,massive_planetesimal,470,MP_469,95.28292305638111,1.787757748683534e-05,9.075738350724584e-06
0,0.0,massive_planetesimal,471,MP_470,97.87809014961364,2.1732651790043448e-05,1.7075472925031877e-06
0,0.0,massive_planetesimal,472,MP_471,99.65212471563575,7.0397900584409485e-06,2.6008585494473243e-05
0,0.0,massive_planetesimal,473,MP_472,99.62798937816788,2.644513759900555e-05,2.18839356936812e-05
0,0.0,massive_planetesimal,474,MP_473,98.71711259829537,1.4611931341215231e-06,2.5168227639631914e-05
0,0.0,massive_planetesimal,475,MP_474,97.0942728145943,1.8810301746191223e-05,7.393896667355496e-06
0,0.0,massive_planetesimal,476,MP_475,98.80235583899302,1.3802185008200602e-05,2.6078557602338607e-05
0,0.0,massive_planetesimal,477,MP_476,101.608681959248,1.3813794597487942e-05,2.393613458937197e-05
0,0.0,massive_planetesimal,478,MP_477,98.17722334809291,3.3360069210006373e-06,1.3281600966983096e-05
0,0.0,massive_planetesimal,479,MP_478,104.3071118120564,1.159114593472021e-06,1.98949412011025e-05
0,0.0,massive_planetesimal,480,MP_479,96.18485252354799,6.937412663290536e-06,8.79013768592829e-06
0,0.0,massive_planetesimal,481,MP_480,96.61869360628737,2.9941243395677867e-06,1.7600994619320316e-05
0,0.0,massive_planetesimal,482,MP_481,95.2422935408759,3.012374084114315e-05,3.52019892386405e-06
0,0.0,massive_planetesimal,483,MP_482,101.1766024017,1.9529278454584713e-05,3.1566541514064386e-05
0,0.0,massive_planetesimal,484,MP_483,101.23071503562036,1.3442674089594322e-05,1.2313298636799924e-05
0,0.0,massive_planetesimal,485,MP_484,98.79125061091547,2.0760796924591436e-05,3.09721026371867e-05
0,0.0,massive_planetesimal,486,MP_485,102.04396878977451,4.773893884294897e-06,1.705411522696106e-05
0,0.0,massive_planetesimal,487,MP_486,97.44119075085567,2.7340569311015342e-05,1.2074182697257333e-06
0,0.0,massive_planetesimal,488,MP_487,96.61045682819939,2.1572617628448703e-05,1.9090959104164224e-06
0,0.0,massive_planetesimal,489,MP_488,98.65184703021066,2.23130334712336e-05,1.8995264470959744e-05
0,0.0,massive_planetesimal,490,MP_489,101.66833285690457,1.509732823729681e-05,1.0280796110218938e-05
0,0.0,massive_planetesimal,491,MP_490,104.86625917524968,7.1194320680009e-06,2.6078557602338607e-05
0,0.0,massive_planetesimal,492,MP_491,98.24405664141611,2.554722600810754e-05,3.065273310676416e-05
0,0.0,massive_planetesimal,493,MP_492,96.47946913304703,2.9228195409369972e-05,1.657728561965808e-05
0,0.0,massive_planetesimal,494,MP_493,97.47946991660885,2.92486420250327e-05,2.5499118800815618e-05
0,0.0,massive_planetesimal,495,MP_494,97.57150474030776,1.7374134584646918e-05,1.024528375501914e-05
0,0.0,massive_planetesimal,496,MP_495,99.69133436972119,2.0825992481329574e-05,4.00455336570039e-06
0,0.0,massive_planetesimal,497,MP_496,101.53905430621067,2.2720030119172763e-05,2.2925054537412443e-05
0,0.0,massive_planetesimal,498,MP_497,95.99509642865459,1.9400019822370962e-05,2.091309789151873e-06
0,0.0,massive_planetesimal,499,MP_498,96.60338124942872,1.9533034221460434e-05,2.531262485224852e-05
0,0.0,massive_planetesimal,500,MP_499,100.63010760086361,1.5132389829016308e-05,2.094792405701141e-05
0,0.0,massive_planetesimal,501,MP_500,103.29221141203126,1.9011071582574586e-05,7.824964720612764e-06
0,0.0,massive_planetesimal,502,MP_501,100.89985222243016,3.5440101887303867e-06,2.561320938754782e-06
0,0.0,massive_planetesimal,503,MP_502,102.62073021030174,2.234208783094025e-05,8.954453545231656e-06
0,0.0,massive_planetesimal,504,MP_503,98.2616264200357,7.509512494379898e-06,1.2576871163780067e-05
0,0.0,massive_planetesimal,505,MP_504,98.14154888078343,4.52125654672676e-06,8.537736462515945e-06
0,0.0,massive_planetesimal,506,MP_505,102.89905981735586,2.062637838507105e-06,8.099607985145754e-06
0,0.0,massive_planetesimal,507,MP_506,101.17785936388559,1.5951888978673377e-07,5.915117333884395e-06
0,0.0,massive_planetesimal,508,MP_507,102.64724219141748,1.4316290330313472e-05,2.398177073107052e-05
0,0.0,massive_planetesimal,509,MP_508,104.18664615061303,7.957589185215326e-06,2.836790617393655e-05
0,0.0,massive_planetesimal,510,MP_509,101.14606219252431,1.585711373282161e-05,1.9766288961818032e-05
0,0.0,massive_planetesimal,511,MP_510,100.97779340630039,1.4140834359771694e-05,7.824964720612764e-06
0,0.0,massive_planetesimal,512,MP_511,99.0970107654899,5.822174568538581e-06,2.3412708902503816e-05
0,0.0,massive_planetesimal,513,MP_512,103.15763611595412,2.31538993309076e-05,2.780996466762975e-05
0,0.0,massive_planetesimal,514,MP_513,101.08807809205594,8.553589401944503e-06,7.091976543484069e-06
0,0.0,massive_planetesimal,515,MP_514,102.60952979517013,1.0120812070725663e-05,6.557959812547711e-06
0,0.0,massive_planetesimal,516,MP_515,103.74823154274056,2.9313866601570854e-05,2.7200429787399718e-05
0,0.0,massive_planetesimal,517,MP_516,95.8356203214848,1.2488836536651591e-05,8.233494873389921e-06
0,0.0,massive_planetesimal,518,MP_517,104.59379272315233,2.434684289029335e-05,2.0526110585337575e-05
0,0.0,massive_planetesimal,519,MP_518,96.86692118281269,3.000657384101187e-05,9.659346157805877e-06
0,0.0,massive_planetesimal,520,MP_519,99.51298918343302,2.023827951021854e-05,5.122641877509565e-06
0,0.0,massive_planetesimal,521,MP_520,96.62179934943782,1.0636068321169971e-05,1.059505231752994e-05
0,0.0,massive_planetesimal,522,MP_521,100.41738571663234,4.1240769498525405e-06,2.2049851152230296e-05
0,0.0,massive_planetesimal,523,MP_522,95.98316591125872,1.3746440765839072e-06,2.3083488036552718e-05
0,0.0,massive_planetesimal,524,MP_523,102.76907054956833,1.2049239449491178e-05,9.734517300533532e-06
0,0.0,massive_planetesimal,525,MP_524,103.27008014607998,2.0463821935649757e-05,2.3521425216738414e-05
0,0.0,massive_planetesimal,526,MP_525,95.00824616834689,1.9152911649153624e-05,1.1326587362040649e-05
0,0.0,massive_planetesimal,527,MP_526,95.70233370886699,1.8212224677454162e-06,2.9315658079272248e-05
0,0.0,massive_planetesimal,528,MP_527,96.4257128232711,2.2877577692606213e-05,1.9224131335124367e-05
0,0.0,massive_planetesimal,529,MP_528,95.76638661450882,1.9332294566874033e-05,3.157808532191564e-05
0,0.0,massive_planetesimal,530,MP_529,101.78011554171803,1.2858103236101586e-06,2.774435956405637e-05
0,0.0,massive_planetesimal,531,MP_530,104.37015000876261,8.234581990151404e-06,1.571963993965638e-05
0,0.0,massive_planetesimal,532,MP_531,102.27010905961362,2.765038306413218e-05,4.597711793052988e-06
0,0.0,massive_planetesimal,533,MP_532,100.53431369886988,2.2397509444653745e-05,2.0738089811501742e-05
0,0.0,massive_planetesimal,534,MP_533,96.54303718722689,2.9817427825503498e-05,2.4373704946366044e-05
0,0.0,massive_planetesimal,535,MP_534,104.28238648112165,1.3334531298478889e-05,0.0
0,0.0,massive_planetesimal,536,MP_535,98.51702390850264,2.244066582769066e-05,2.5298222219587597e-05
0,0.0,massive_planetesimal,537,MP_536,98.54801919137599,4.157871575684345e-07,8.99506352021738e-06
0,0.0,massive_planetesimal,538,MP_537,102.59926397594089,2.2257664973171607e-05,4.436338000413295e-06
0,0.0,massive_planetesimal,539,MP_538,101.48093930281522,1.5472372512420026e-05,1.4054888045735014e-05
0,0.0,massive_planetesimal,540,MP_539,96.6425338725427,4.241482056763547e-06,3.05336003858729e-05
0,0.0,massive_planetesimal,541,MP_540,103.98250445178138,1.8014909163190273e-05,2.9414949330792166e-05
0,0.0,massive_planetesimal,542,MP_541,98.4553699179002,2.5661018671530163e-05,2.8148646507952976e-05
0,0.0,massive_planetesimal,543,MP_542,97.70920393386308,1.564721649103879e-05,1.2074182697257333e-06
0,0.0,massive_planetesimal,544,MP_543,100.6531654700495,1.375204020036624e-06,2.561320938754782e-06
0,0.0,massive_planetesimal,545,MP_544,98.38695633420748,7.298541054555919e-06,6.037091348628668e-06
0,0.0,massive_planetesimal,546,MP_545,104.59681219174128,1.9032400111075043e-05,2.0526110585337575e-05
0,0.0,massive_planetesimal,547,MP_546,99.83468651347701,1.7067474800610857e-05,1.03514553342977e-05
0,0.0,massive_planetesimal,548,MP_547,97.75635051083373,3.0153556620341395e-06,6.037091348628668e-06
0,0.0,massive_planetesimal,549,MP_548,95.90171976489486,1.386796532690444e-05,1.129436371961277e-05
0,0.0,massive_planetesimal,550,MP_549,99.86982082304993,3.092150039217166e-05,2.419360121073552e-05
0,0.0,massive_planetesimal,551,MP_550,104.425092633198,1.0213567096228524e-05,8.18910913293408e-06
0,0.0,massive_planetesimal,552,MP_551,95.6188547702558,8.160500468725766e-07,1.9186176448475686e-05
0,0.0,massive_planetesimal,553,MP_552,100.46054066748084,1.9732445804886882e-05,9.35262170110869e-06
0,0.0,massive_planetesimal,554,MP_553,95.85557641018396,9.959139494542725e-06,0.0
0,0.0,massive_planetesimal,555,MP_554,101.04307303798926,2.7099974499758055e-05,1.3004292747236537e-05
0,0.0,massive_planetesimal,556,MP_555,104.44145646660466,8.799067962843955e-06,1.2074182697257333e-06
0,0.0,massive_planetesimal,557,MP_556,100.24667509443567,2.826006022496763e-05,9.35262170110869e-06
0,0.0,massive_planetesimal,558,MP_557,96.57601513288476,3.3123285860492767e-06,1.6108968939569464e-05
0,0.0,massive_planetesimal,559,MP_558,102.73849761319005,1.2566721873781987e-05,1.2074182697257333e-06
0,0.0,massive_planetesimal,560,MP_559,99.95491341268685,1.1402159476765422e-05,1.7949563004511183e-05
0,0.0,massive_planetesimal,561,MP_560,98.1806414710869,1.1078862571105721e-05,1.8724717893074728e-05
0,0.0,massive_planetesimal,562,MP_561,101.94045013186148,2.071714633228622e-05,4.26886823125797e-06
0,0.0,massive_planetesimal,563,MP_562,103.55163946484215,5.221701026167312e-06,1.6221699278780337e-05
0,0.0,massive_planetesimal,564,MP_563,99.5492522733431,3.05365848559863e-05,9.155702348202485e-06
0,0.0,massive_planetesimal,565,MP_564,97.02677787867717,2.192791782735477e-05,1.7580275371856632e-05
0,0.0,massive_planetesimal,566,MP_565,96.38287001494108,2.235627419803229e-05,3.1171508501065545e-05
0,0.0,massive_planetesimal,567,MP_566,95.74781534227351,3.5254414434356645e-06,2.2132342465963256e-05
0,0.0,massive_planetesimal,568,MP_567,100.23423847844893,2.9030315946782878e-05,2.8096807335951147e-05
0,0.0,massive_planetesimal,569,MP_568,100.05975503911127,3.225964089170845e-06,2.1086653546985296e-05
0,0.0,massive_planetesimal,570,MP_569,97.99512490274635,7.426574741056427e-06,1.983990668017933e-05
0,0.0,massive_planetesimal,571,MP_570,103.60767694954605,1.0952610377035502e-05,2.106936231525657e-05
0,0.0,massive_planetesimal,572,MP_571,95.86359674501585,2.8111108973506175e-05,2.9587907264278482e-05
0,0.0,massive_planetesimal,573,MP_572,104.84607376600933,7.932854074604037e-06,2.4148365394514667e-06
0,0.0,massive_planetesimal,574,MP_573,95.0708535416995,1.907966110518294e-05,8.45192788808014e-06
0,0.0,massive_planetesimal,575,MP_574,103.78968872386454,1.0773465843094419e-05,2.173352885506333e-05
0,0.0,massive_planetesimal,576,MP_575,101.91879659666944,1.7895751318296372e-05,0.0
0,0.0,massive_planetesimal,577,MP_576,104.37565258772949,2.887370255746112e-05,1.2074182697257333e-06
0,0.0,massive_planetesimal,578,MP_577,95.06715784163389,9.22237763824376e-06,2.4042484171852243e-05
0,0.0,massive_planetesimal,579,MP_578,98.10362591287868,3.093644683613362e-05,1.4028932551663055e-05
0,0.0,massive_planetesimal,580,MP_579,100.5267156459741,1.383473352892372e-05,2.645320890690588e-05
0,0.0,massive_planetesimal,581,MP_580,99.42148557464496,2.256768188137076e-05,2.682262769242261e-05
0,0.0,massive_planetesimal,582,MP_581,101.76393776717285,2.387627378323728e-05,6.668185343934157e-06
0,0.0,massive_planetesimal,583,MP_582,103.55962508813677,1.9520784270123144e-05,4.182619578303747e-06
0,0.0,massive_planetesimal,584,MP_583,98.9204246186186,2.7334480214103724e-05,1.325413123547268e-05
0,0.0,massive_planetesimal,585,MP_584,102.18175792127931,1.8147499695763602e-05,1.5904040849567444e-05
0,0.0,massive_planetesimal,586,MP_585,104.59073338079983,2.2632550214120124e-05,3.1612691453200965e-05
0,0.0,massive_planetesimal,587,MP_586,101.0942936849697,5.509461238049494e-06,1.7392691488064896e-05
0,0.0,massive_planetesimal,588,MP_587,96.09655899191698,1.2190091137503708e-05,1.619921597029155e-05
0,0.0,massive_planetesimal,589,MP_588,103.37617292855488,1.5500296294632595e-05,1.7075472925031877e-06
0,0.0,massive_planetesimal,590,MP_589,102.05125945999221,2.5450350800867886e-05,7.3444386094852035e-06
0,0.0,massive_planetesimal,591,MP_590,103.88795494181437,1.7411138927179734e-05,2.83550554796536e-05
0,0.0,massive_planetesimal,592,MP_591,99.80080075194545,3.192473494973519e-05,3.6222548091772e-06
0,0.0,massive_planetesimal,593,MP_592,98.44037168259159,1.6615235337661636e-05,9.35262170110869e-06
0,0.0,massive_planetesimal,594,MP_593,101.22691344356042,1.6458218659551593e-05,2.2765518468793925e-05
0,0.0,massive_planetesimal,595,MP_594,104.73348683745907,2.5990097659243512e-05,2.7546606797101884e-05
0,0.0,massive_planetesimal,596,MP_595,102.61948178564174,4.494405068488607e-06,9.84619801707684e-06
0,0.0,massive_planetesimal,597,MP_596,103.20104744783703,8.213628548570433e-06,2.3844600278602423e-05
0,0.0,massive_planetesimal,598,MP_597,99.01698775502489,2.311929034073198e-05,2.9278337048126537e-05
0,0.0,massive_planetesimal,599,MP_598,102.79357544785807,9.363026875300743e-06,2.5726794021849062e-05
0,0.0,massive_planetesimal,600,MP_599,95.44397296910586,3.192561431612676e-05,2.782306712520834e-05
0,0.0,massive_planetesimal,601,MP_600,97.86835554680157,4.160799840870225e-06,1.6040950469935144e-05
0,0.0,massive_planetesimal,602,MP_601,96.43196737743118,7.887227298709403e-06,6.3890569402603996e-06
0,0.0,massive_planetesimal,603,MP_602,101.15024381903383,2.8488253876952693e-05,1.926201143360106e-05
0,0.0,massive_planetesimal,604,MP_603,98.20584062449909,3.085704475868387e-05,1.98949412011025e-05
0,0.0,massive_planetesimal,605,MP_604,101.68443570705772,1.7940890903324032e-05,2.8329336603178093e-05
0,0.0,massive_planetesimal,606,MP_605,96.06388683012402,3.088454774544859e-05,1.9167170820781278e-05
0,0.0,massive_planetesimal,607,MP_606,103.22127273904101,6.932657137711403e-06,2.574095686025837e-05
0,0.0,massive_planetesimal,608,MP_607,103.1583335532661,5.646724526623405e-06,1.7075472925031877e-06
0,0.0,massive_planetesimal,609,MP_608,97.4706758728072,2.749371131841123e-05,9.507220963046152e-06
0,0.0,massive_planetesimal,610,MP_609,98.1765522080521,2.653959132018909e-06,5.0509930079323e-06
0,0.0,massive_planetesimal,611,MP_610,97.12674706760028,2.9067061617581088e-05,2.8483301522902347e-05
0,0.0,massive_planetesimal,612,MP_611,97.11220994437963,4.114832292196863e-06,1.2164402004367092e-05
0,0.0,massive_planetesimal,613,MP_612,97.96254735379311,1.1067216887965486e-05,2.5298222219587597e-05
0,0.0,massive_planetesimal,614,MP_613,97.78162283892267,1.7067085347537508e-06,2.3614212264245028e-05
0,0.0,massive_planetesimal,615,MP_614,96.84471584179106,3.0257712211373223e-06,1.1131846416284069e-05
0,0.0,massive_planetesimal,616,MP_615,95.3891082077422,1.920874500422048e-05,2.831646840510158e-06
0,0.0,massive_planetesimal,617,MP_616,97.99411494816526,1.5162954821238728e-06,8.537736462515939e-07
0,0.0,massive_planetesimal,618,MP_617,100.74055505781826,2.1897786229741787e-05,1.9090959104164224e-06
0,0.0,massive_planetesimal,619,MP_618,99.39035112228095,2.3494242182977176e-05,2.7757492989437645e-05
0,0.0,massive_planetesimal,620,MP_619,103.52179195007449,2.6635723470972883e-05,2.336596135056891e-05
0,0.0,massive_planetesimal,621,MP_620,101.38287023912544,1.6478071090358562e-05,2.7240597807984372e-05
0,0.0,massive_planetesimal,622,MP_621,104.61886101368593,7.965462376450454e-06,2.270139012036184e-05
0,0.0,massive_planetesimal,623,MP_622,100.73525861708451,1.8532901947584997e-05,5.399738656763834e-06
0,0.0,massive_planetesimal,624,MP_623,102.95795004805318,1.4118896147199205e-05,6.722620413208828e-06
0,0.0,massive_planetesimal,625,MP_624,95.9013698203827,2.2944623128303242e-05,8.009106731400786e-06
0,0.0,massive_planetesimal,626,MP_625,95.8485844355494,1.6368996372254817e-05,1.4413358044696506e-05
0,0.0,massive_planetesimal,627,MP_626,97.61654915632943,8.900695855028695e-06,2.9686287942277552e-05
0,0.0,massive_planetesimal,628,MP_627,95.88390235417502,7.958092185013203e-06,1.7075472925031877e-06
0,0.0,massive_planetesimal,629,MP_628,101.62049604631567,2.018068883063994e-05,3.0076592789757522e-05
0,0.0,massive_planetesimal,630,MP_629,102.9242510033518,1.5721713046538793e-05,2.254027104997907e-05
0,0.0,massive_planetesimal,631,MP_630,95.84974753125738,2.675570510680141e-05,2.9857674121376002e-05
0,0.0,massive_planetesimal,632,MP_631,104.60226004522964,4.092236299295986e-06,1.1164539134006841e-05
0,0.0,massive_planetesimal,633,MP_632,95.2329106000469,4.912693789796171e-06,1.7990127040434818e-05
0,0.0,massive_planetesimal,634,MP_633,99.15281413738799,8.751702919852973e-06,8.537736462515939e-07
0,0.0,massive_planetesimal,635,MP_634,95.20144471496607,5.038323477469236e-06,2.1310162845882393e-05
0,0.0,massive_planetesimal,636,MP_635,100.6775611684119,4.40180311981439e-06,1.805080217741265e-05
0,0.0,massive_planetesimal,637,MP_636,99.27813809362944,8.954429388495505e-06,2.1933842111273517e-05
0,0.0,massive_planetesimal,638,MP_637,100.38344799333011,9.94693760493904e-07,2.3146557793542595e-05
0,0.0,massive_planetesimal,639,MP_638,104.35606786469744,1.997959184350556e-05,1.5248884911748957e-05
0,0.0,massive_planetesimal,640,MP_639,97.90309256707668,1.4075305618949239e-05,2.1933842111273517e-05
0,0.0,massive_planetesimal,641,MP_640,101.82559793432505,2.056721006930395e-05,2.08956630423927e-05
0,0.0,massive_planetesimal,642,MP_641,102.32319115515355,2.2574378599454194e-05,7.588506156264597e-06
0,0.0,massive_planetesimal,643,MP_642,98.66743098929958,1.2510739645846844e-05,1.9337549023190945e-05
0,0.0,massive_planetesimal,644,MP_643,102.06244111683253,2.6061593993691907e-06,1.5056462251787269e-05
0,0.0,massive_planetesimal,645,MP_644,104.49252814105829,1.0371974867210553e-05,1.8030599818338033e-05
0,0.0,massive_planetesimal,646,MP_645,98.70628261505625,6.518059170874209e-06,3.52019892386405e-06
0,0.0,massive_planetesimal,647,MP_646,95.01929707873333,3.049372129973754e-05,8.537736462515939e-07
0,0.0,massive_planetesimal,648,MP_647,102.12886291432098,1.4836024156605855e-05,3.119488421376283e-05
0,0.0,massive_planetesimal,649,MP_648,104.2893001712635,8.152717571566917e-06,4.517745487845102e-06
0,0.0,massive_planetesimal,650,MP_649,104.24619178483219,1.9842589012846957e-05,1.0029569411827041e-05
0,0.0,massive_planetesimal,651,MP_650,96.43350070209543,2.5929322918725287e-05,2.2556434745889217e-05
0,0.0,massive_planetesimal,652,MP_651,103.12905347695755,2.8199462901892113e-05,1.7497153036827848e-05
0,0.0,massive_planetesimal,653,MP_652,103.65431855622099,1.2363965960551896e-05,1.2663509647306462e-05
0,0.0,massive_planetesimal,654,MP_653,101.60461145310457,1.3776073923473511e-05,6.9884384818971375e-06
0,0.0,massive_planetesimal,655,MP_654,97.0735333302645,1.7921839239054387e-05,1.716063790683883e-05
0,0.0,massive_planetesimal,656,MP_655,100.31428172172065,1.8755500285353972e-05,1.631132260876835e-05
0,0.0,massive_planetesimal,657,MP_656,98.42688180377826,2.0771251173957076e-05,1.5926940848252804e-05
0,0.0,massive_planetesimal,658,MP_657,96.90885146572225,1.9465624223119233e-05,5.663293681020318e-06
0,0.0,massive_planetesimal,659,MP_658,103.75746016359646,9.450482434493243e-06,1.3606912857609226e-05
0,0.0,massive_planetesimal,660,MP_659,95.68938951732555,1.8986884013314137e-05,3.165877411826649e-05
0,0.0,massive_planetesimal,661,MP_660,98.15536745902834,4.15129942075466e-06,2.2247316447246325e-05
0,0.0,massive_planetesimal,662,MP_661,99.9796755877866,5.0613716366885865e-06,1.3819533748532954e-05
0,0.0,massive_planetesimal,663,MP_662,100.21887153850632,6.303354409963702e-06,2.4148365394514667e-06
0,0.0,massive_planetesimal,664,MP_663,99.93484157763216,2.085809667383299e-05,2.831646840510158e-06
0,0.0,massive_planetesimal,665,MP_664,98.72078411516023,2.298715831289834e-06,7.040397847728103e-06
0,0.0,massive_planetesimal,666,MP_665,104.79621681124287,1.353876436147547e-05,2.699869328381916e-06
0,0.0,massive_planetesimal,667,MP_666,95.95233610288372,1.4502141921625245e-05,1.0866764427531615e-05
0,0.0,massive_planetesimal,668,MP_667,103.51867855746538,7.711269128208432e-06,1.722423530049259e-05
0,0.0,massive_planetesimal,669,MP_668,96.61578624371523,1.9591148065488075e-05,8.408695236852925e-06
0,0.0,massive_planetesimal,670,MP_669,100.65148112695893,1.7544442938628555e-05,8.009106731400786e-06
0,0.0,massive_planetesimal,671,MP_670,97.21697148376823,6.1883315144355065e-06,1.006584283732318e-05
0,0.0,massive_planetesimal,672,MP_671,101.51962346033089,2.1213488352751716e-05,1.5367925632528735e-05
0,0.0,massive_planetesimal,673,MP_672,101.40375009917662,1.747646378883557e-05,3.91248236030638e-06
0,0.0,massive_planetesimal,674,MP_673,98.78842556973102,2.628976744414299e-05,1.4183953086968166e-05
0,0.0,massive_planetesimal,675,MP_674,99.8055989079892,8.313543859958269e-06,7.73124918760008e-06
0,0.0,massive_planetesimal,676,MP_675,104.49603042900797,2.1409197764217747e-05,1.7517970596881582e-05
0,0.0,massive_planetesimal,677,MP_676,97.93037674432819,3.0509447956865346e-05,1.2634696163675251e-05
0,0.0,massive_planetesimal,678,MP_677,96.6155072645119,1.8756382565590804e-05,3.818191820832846e-06
0,0.0,massive_planetesimal,679,MP_678,104.10089674130201,5.792315221483626e-06,1.2605816820395112e-05
0,0.0,massive_planetesimal,680,MP_679,95.290716141688,1.3011140598184738e-05,2.0790746916525475e-05
0,0.0,massive_planetesimal,681,MP_680,98.69471046181255,8.774476873548244e-06,2.3319120084582497e-05
0,0.0,massive_planetesimal,682,MP_681,100.39275982253585,1.9744733125047977e-05,2.4148365394514667e-06
0,0.0,massive_planetesimal,683,MP_682,103.35921080916839,5.966569382322753e-06,7.040397847728103e-06
0,0.0,massive_planetesimal,684,MP_683,101.8675395854146,2.8966168198623222e-05,9.430238149809192e-06
0,0.0,massive_planetesimal,685,MP_684,104.07415186593681,3.0554691820505713e-06,2.2797514996838247e-05
0,0.0,massive_planetesimal,686,MP_685,98.21622338219247,2.648770143548579e-05,2.4670956235889678e-05
0,0.0,massive_planetesimal,687,MP_686,100.89506330403468,2.768587055318389e-05,1.0173887179578492e-05
0,0.0,massive_planetesimal,688,MP_687,103.8703902033055,1.2327905948641217e-05,3.188818852572369e-05
0,0.0,massive_planetesimal,689,MP_688,102.98432190800138,2.9075768720272064e-05,2.3397136763167146e-05
0,0.0,massive_planetesimal,690,MP_689,100.0930031322482,6.517911577096572e-07,1.6086328072527303e-05
0,0.0,massive_planetesimal,691,MP_690,98.90484989768517,1.692714358102935e-05,8.537736462515939e-07
0,0.0,massive_planetesimal,692,MP_691,95.31240978990652,2.2093059480798606e-05,1.392462677356116e-05
0,0.0,massive_planetesimal,693,MP_692,99.3802678127074,1.5167503137567329e-05,1.8587967992817196e-05
0,0.0,massive_planetesimal,694,MP_693,99.50924747315999,6.635932007417167e-06,1.6752248626020106e-05
0,0.0,massive_planetesimal,695,MP_694,101.3875555576843,7.964151301347141e-06,0.0
0,0.0,massive_planetesimal,696,MP_695,104.62014363818864,2.261885356278046e-05,3.1853881696505914e-05
0,0.0,massive_planetesimal,697,MP_696,101.11760354448491,3.1547302413750964e-05,2.0930518217647736e-05
0,0.0,massive_planetesimal,698,MP_697,101.99423710322309,1.5498098837620376e-05,2.94025562612171e-05
0,0.0,massive_planetesimal,699,MP_698,95.69611001798607,1.578383599197893e-05,2.561320938754782e-06
0,0.0,massive_planetesimal,700,MP_699,97.79795788671315,1.661250509299019e-05,3.818191820832846e-06
0,0.0,massive_planetesimal,701,MP_700,97.05050598523185,2.5799407639046716e-05,3.4150945850063763e-06
0,0.0,massive_planetesimal,702,MP_701,96.90060886608138,1.9719679478366214e-06,1.4388049231413678e-05
0,0.0,massive_planetesimal,703,MP_702,99.49353941033131,3.6315178590888393e-06,1.8151476701449225e-05
0,0.0,massive_planetesimal,704,MP_703,104.75894592281324,2.1904863314719127e-05,5.915117333884395e-06
0,0.0,massive_planetesimal,705,MP_704,97.18411333119552,2.792800826998687e-05,1.9299817184270054e-05
0,0.0,massive_planetesimal,706,MP_705,104.76200864358094,1.048231368502804e-06,2.3412708902503816e-05
0,0.0,massive_planetesimal,707,MP_706,98.84306659103956,2.7780954448808245e-05,1.7181863193747868e-05
0,0.0,massive_planetesimal,708,MP_707,99.76284543083682,1.6281380440860793e-05,2.2972699315936647e-05
0,0.0,massive_planetesimal,709,MP_708,96.95771602209719,2.560639817748788e-05,1.0866764427531615e-05
0,0.0,massive_planetesimal,710,MP_709,103.46181529344985,2.2608229048087116e-06,1.2074182697257333e-06
0,0.0,massive_planetesimal,711,MP_710,104.5917053906705,2.840579765063864e-05,9.115808030550376e-06
0,0.0,massive_planetesimal,712,MP_711,99.22916143042872,2.6096088189758033e-05,2.5370153619298495e-05
0,0.0,massive_planetesimal,713,MP_712,103.06922977819916,2.7599307743432193e-05,6.776618231767655e-06
0,0.0,massive_planetesimal,714,MP_713,97.89103281194511,2.2400324930110615e-05,0.0
0,0.0,massive_planetesimal,715,MP_714,103.96606912147433,5.000767267694503e-06,2.911605978830686e-05
0,0.0,massive_planetesimal,716,MP_715,95.84344894438307,2.088871503624353e-06,2.4148365394514667e-06
0,0.0,massive_planetesimal,717,MP_716,99.44835759281857,1.8857206517328896e-05,1.705411522696106e-05
0,0.0,massive_planetesimal,718,MP_717,104.97310742546631,1.1209530952092116e-05,0.0
0,0.0,massive_planetesimal,719,MP_718,104.39982593704994,2.0078274883433283e-05,1.666499673782919e-05
0,0.0,massive_planetesimal,720,MP_719,95.03061104864089,1.9829675588850914e-05,2.991864554309662e-05
0,0.0,massive_planetesimal,721,MP_720,103.24238946100132,1.7626613280579163e-05,1.9784719072079928e-05
0,0.0,massive_planetesimal,722,MP_721,95.58801057823496,2.3726297810822545e-05,2.6890481652835544e-05
0,0.0,massive_planetesimal,723,MP_722,95.67620007629297,1.5169798909896232e-05,2.6876924565181398e-05
0,0.0,massive_planetesimal,724,MP_723,100.11270239436038,2.5971095827147272e-05,4.00455336570039e-06
0,0.0,massive_planetesimal,725,MP_724,102.30213735144875,3.0388332421819436e-05,2.452278098427758e-05
0,0.0,massive_planetesimal,726,MP_725,96.82903183986686,2.1871324926950332e-06,2.1000055014580763e-05
0,0.0,massive_planetesimal,727,MP_726,104.52200725408912,1.0044373002141592e-05,1.5533050064947642e-05
0,0.0,massive_planetesimal,728,MP_727,101.5946727500547,3.132187694275615e-05,2.3829310376242385e-05
0,0.0,massive_planetesimal,729,MP_728,96.46623142864362,1.3822913823684869e-05,9.115808030550376e-06
0,0.0,massive_planetesimal,730,MP_729,100.90537408585723,5.430301831720202e-06,2.3162298399097643e-05
0,0.0,massive_planetesimal,731,MP_730,100.21997387045732,1.0243352508250454e-05,7.194024615706825e-06
0,0.0,massive_planetesimal,732,MP_731,98.03248618147846,4.9357959071576175e-06,2.303607239996808e-05
0,0.0,massive_planetesimal,733,MP_732,100.1893043524214,2.0908646384251205e-05,1.1486349657968266e-05
0,0.0,massive_planetesimal,734,MP_733,96.57011324151784,2.490568303211355e-05,2.554196249185269e-05
0,0.0,massive_planetesimal,735,MP_734,99.68337742791819,1.905742011926176e-05,2.9414949330792166e-05
0,0.0,massive_planetesimal,736,MP_735,98.71280487508635,1.6730243464337903e-06,2.3768052407615523e-05
0,0.0,massive_planetesimal,737,MP_736,100.34716717422705,4.471270212308217e-07,0.0
0,0.0,massive_planetesimal,738,MP_737,101.13593937716112,7.309967095157363e-06,1.893761558392725e-05
0,0.0,massive_planetesimal,739,MP_738,97.36860603127288,9.546274565446604e-07,9.84619801707684e-06
0,0.0,massive_planetesimal,740,MP_739,100.75833618581802,1.815553788847656e-05,2.6522008005948065e-05
0,0.0,massive_planetesimal,741,MP_740,95.40869989771676,1.0070011625253144e-05,2.8083832591626884e-05
0,0.0,massive_planetesimal,742,MP_741,98.81348901587643,1.56594942921219e-05,1.7724801500257912e-05
0,0.0,massive_planetesimal,743,MP_742,101.53404812003649,2.1134471631447703e-05,1.688228096739878e-05
0,0.0,massive_planetesimal,744,MP_743,95.44941403509209,2.6384082166311522e-05,1.3472320895799749e-05
0,0.0,massive_planetesimal,745,MP_744,96.74916952770722,4.841850287069908e-06,5.263014220319208e-06
0,0.0,massive_planetesimal,746,MP_745,104.05617397067489,8.91572989467028e-06,2.0720507705914895e-05
0,0.0,massive_planetesimal,747,MP_746,100.36319777222629,7.610732316289081e-06,2.650826247094554e-05
0,0.0,massive_planetesimal,748,MP_747,102.90413268345574,7.727649940097161e-06,2.765225093091718e-05
0,0.0,massive_planetesimal,749,MP_748,97.88386703414172,1.7075837886244214e-05,1.679570459689203e-05
0,0.0,massive_planetesimal,750,MP_749,97.71388132825031,1.144314272704501e-05,1.5344191370284065e-05
0,0.0,massive_planetesimal,751,MP_750,95.18851579037955,1.456069633862585e-05,1.9784719072079928e-05
0,0.0,massive_planetesimal,752,MP_751,99.11655695129743,6.0069095180078554e-06,2.419360121073552e-05
0,0.0,massive_planetesimal,753,MP_752,103.77427079216392,3.9044778194981085e-06,3.6222548091772e-06
0,0.0,massive_planetesimal,754,MP_753,102.63187082395251,7.848506979749428e-06,2.699869328381916e-06
0,0.0,massive_planetesimal,755,MP_754,102.33344848363349,1.7852373711963994e-05,2.3162298399097643e-05
0,0.0,massive_planetesimal,756,MP_755,102.70609332638419,1.0147861179202823e-05,2.0913097891518843e-05
0,0.0,massive_planetesimal,757,MP_756,101.66217165305375,2.7701985131127923e-05,4.517745487845102e-06
0,0.0,massive_planetesimal,758,MP_757,104.89658496671755,1.5791088265783796e-05,1.142271288210643e-05
0,0.0,massive_planetesimal,759,MP_758,102.25708395737743,9.08025906574885e-06,2.2588727439225506e-06
0,0.0,massive_planetesimal,760,MP_759,97.50376598989817,2.3875335426560033e-05,2.462659727359999e-05
0,0.0,massive_planetesimal,761,MP_760,104.90145614055757,7.764011793084354e-06,8.748576518413899e-06
0,0.0,massive_planetesimal,762,MP_761,102.55026377500565,1.1891411774805217e-06,1.774535200165325e-05
0,0.0,massive_planetesimal,763,MP_762,96.62749719299859,1.1654230704443051e-05,2.7146779972275288e-05
0,0.0,massive_planetesimal,764,MP_763,99.89229067189989,2.4105811981993806e-06,2.1683161397194114e-05
0,0.0,massive_planetesimal,765,MP_764,101.72015722299581,2.4609981242778336e-05,1.619921597029155e-05
0,0.0,massive_planetesimal,766,MP_765,97.35452017013884,1.5895608983182024e-05,2.3350358035739973e-05
0,0.0,massive_planetesimal,767,MP_766,99.34610360737206,5.818094493479508e-06,1.059505231752994e-05
0,0.0,massive_planetesimal,768,MP_767,104.86590075922096,2.0854360285184286e-05,2.23942727958561e-05
0,0.0,massive_planetesimal,769,MP_768,96.06380649310964,3.1144191683468806e-05,2.765225093091718e-05
0,0.0,massive_planetesimal,770,MP_769,98.23128206145469,9.176774744393329e-06,4.353408482428142e-06
0,0.0,massive_planetesimal,771,MP_770,97.15357167479398,3.003554146512657e-05,2.045496267426006e-05
0,0.0,massive_planetesimal,772,MP_771,103.49461818644164,1.0589464953693361e-05,6.2155659652833185e-06
0,0.0,massive_planetesimal,773,MP_772,98.2596360277933,8.680770326779153e-06,2.075565702330201e-05
0,0.0,massive_planetesimal,774,MP_773,96.75849749281014,7.069691591408891e-06,6.445849674396954e-06
0,0.0,massive_planetesimal,775,MP_774,97.72939811774901,3.183370958691699e-05,2.939015796580554e-05
0,0.0,massive_planetesimal,776,MP_775,103.44413546659239,2.5684670124287986e-05,4.094554566467037e-06
0,0.0,massive_planetesimal,777,MP_776,103.82084999095505,3.4357071902583146e-06,1.8390847172212026e-05
0,0.0,massive_planetesimal,778,MP_777,99.5476929247559,2.658648790251837e-06,1.8548711416805456e-05
0,0.0,massive_planetesimal,779,MP_778,103.74897200472591,8.758413044445052e-06,5.0509930079323e-06
0,0.0,massive_planetesimal,780,MP_779,101.60117633882031,4.553055313655317e-06,3.52019892386405e-06
0,0.0,massive_planetesimal,781,MP_780,104.44115115496537,1.489956855048412e-06,2.4313818602933875e-05
0,0.0,massive_planetesimal,782,MP_781,97.85508991690413,1.4498627865879606e-05,2.741397912824408e-05
0,0.0,massive_planetesimal,783,MP_782,102.2701574126838,2.7344859776681082e-05,1.2806604693773936e-05
0,0.0,massive_planetesimal,784,MP_783,100.24910379954912,2.4823226048736752e-05,3.127656162661276e-05
0,0.0,massive_planetesimal,785,MP_784,96.33889069375188,9.502039609898106e-06,2.699869328381916e-06
0,0.0,massive_planetesimal,786,MP_785,102.93577749391606,7.869684818723703e-06,1.9581033806511645e-05
0,0.0,massive_planetesimal,787,MP_786,98.44766193965954,1.8891814629995905e-05,1.619921597029155e-05
0,0.0,massive_planetesimal,788,MP_787,97.67332714457584,1.959825649070525e-05,2.2588727439225506e-06
0,0.0,massive_planetesimal,789,MP_788,101.0517685000308,1.3120950838610436e-05,1.0138000340489137e-05
0,0.0,massive_planetesimal,790,MP_789,104.0930131564027,2.3870219390005176e-05,2.181721622226445e-05
0,0.0,massive_planetesimal,791,MP_790,97.09432836526256,7.220415539859092e-06,2.4935452903362143e-05
0,0.0,massive_planetesimal,792,MP_791,99.43177987245289,1.9748114485865125e-05,2.780996466762975e-05
0,0.0,massive_planetesimal,793,MP_792,98.64108362241977,1.544119843986088e-05,2.9575586669422292e-05
0,0.0,massive_planetesimal,794,MP_793,95.65215669899536,2.982763034797431e-05,1.6040950469935144e-05
0,0.0,massive_planetesimal,795,MP_794,99.38407090530151,8.719634947627424e-06,2.1086653546985296e-05
0,0.0,massive_planetesimal,796,MP_795,101.44086857336633,1.2714684294190269e-05,0.0
0,0.0,massive_planetesimal,797,MP_796,99.30609902480835,2.6214362938600517e-06,8.79013768592829e-06
0,0.0,massive_planetesimal,798,MP_797,104.16302033914982,1.872991694661813e-05,3.093677994638948e-05
0,0.0,massive_planetesimal,799,MP_798,96.36831784003957,2.1905645580712127e-05,1.569643750643458e-05
0,0.0,massive_planetesimal,800,MP_799,98.15831485088482,5.806542569746796e-06,5.9764155237611605e-06
1000,10000000.0,star,0,star,,,
1000,10000000.0,massive_planetesimal,1,MP_0,93.74444073250929,0.015622738250407855,0.17588911516030983
1000,10000000.0,massive_planetesimal,2,MP_1,106.02243834015862,0.012319327470572348,0.4190272982430978
1000,10000000.0,massive_planetesimal,3,MP_2,99.83984645608224,0.0027551758503100497,0.4416010662664747
1000,10000000.0,massive_planetesimal,4,MP_3,101.37409020433773,0.03263886691088807,0.5901036443325834
1000,10000000.0,massive_planetesimal,5,MP_4,105.02234779938146,0.020071397354463,0.3799312708321243
1000,10000000.0,massive_planetesimal,6,MP_5,104.67998953270533,0.01079247425502786,0.26267220079149484
1000,10000000.0,massive_planetesimal,7,MP_6,97.68070507470709,0.004163182296301616,0.12323443159135923
1000,10000000.0,massive_planetesimal,8,MP_7,104.99112600413443,0.018561267868629994,0.08216292869839766
1000,10000000.0,massive_planetesimal,9,MP_8,98.26135707429653,0.011189049769449353,0.48841407137609677
1000,10000000.0,massive_planetesimal,10,MP_9,100.12949534858078,0.013670572719787877,0.13170397848979437
1000,10000000.0,massive_planetesimal,11,MP_10,103.95733863709305,0.01843795179142313,0.48181261313873947
1000,10000000.0,massive_planetesimal,12,MP_11,100.25051948100062,0.008578535125844625,0.4026046366056368
1000,10000000.0,massive_planetesimal,13,MP_12,107.29081281674068,0.01944152918402736,0.2639883027335407
1000,10000000.0,massive_planetesimal,14,MP_13,100.40514726053605,0.006052304280967681,0.26873221395513336
1000,10000000.0,massive_planetesimal,15,MP_14,97.13899414484379,0.014880979778455511,0.6217539032078627
1000,10000000.0,massive_planetesimal,16,MP_15,102.48390643831613,0.01532352069985159,0.5942359360600767
1000,10000000.0,massive_planetesimal,17,MP_16,97.48532707588201,0.004784614185893146,0.6278457433838202
1000,10000000.0,massive_planetesimal,18,MP_17,103.61280768349478,0.008424922015932205,0.3845778386486892
1000,10000000.0,massive_planetesimal,19,MP_18,93.90830727788715,0.008335258997850072,0.2882951038311855
1000,10000000.0,massive_planetesimal,20,MP_19,94.33412378212479,0.024716264643910565,0.17813008008921224
1000,10000000.0,massive_planetesimal,21,MP_20,99.5450273444639,0.004136728153432196,0.6983284437226494
1000,10000000.0,massive_planetesimal,22,MP_21,95.53000902046423,0.013708016699196244,0.07527801640066117
1000,10000000.0,massive_planetesimal,23,MP_22,101.93074351603401,0.005288583971410539,0.5877540279572004
1000,10000000.0,massive_planetesimal,24,MP_23,96.91537945427272,0.003323031306848039,0.4498598044087387
1000,10000000.0,massive_planetesimal,25,MP_24,97.821948521574,0.0128249409261359,0.9153435858069457
1000,10000000.0,massive_planetesimal,26,MP_25,102.79441475857587,0.01872643279709599,0.5517913508338459
1000,10000000.0,massive_planetesimal,27,MP_26,97.61642607037712,0.003568776307419525,0.5558384918270042
1000,10000000.0,massive_planetesimal,28,MP_27,95.6525759348553,0.01818957117352896,0.23232880997585514
1000,10000000.0,massive_planetesimal,29,MP_28,105.9250308343565,0.018159767671312235,0.30753043706178274
1000,10000000.0,massive_planetesimal,30,MP_29,98.16493353223177,0.008412927485585022,0.2719942453963734
1000,10000000.0,massive_planetesimal,31,MP_30,106.54830104426654,0.02436655317284385,0.09238358784186547
1000,10000000.0,massive_planetesimal,32,MP_31,100.56520610468847,0.013172866735346843,0.3521240979830688
1000,10000000.0,massive_planetesimal,33,MP_32,103.59560454445393,0.008327273808580882,0.6194259414603032
1000,10000000.0,massive_planetesimal,34,MP_33,95.85338175942238,0.006244957696131365,0.21872555683328646
1000,10000000.0,massive_planetesimal,35,MP_34,95.52992317692987,0.020095761580462435,0.19715144512699476
1000,10000000.0,massive_planetesimal,36,MP_35,103.83937499570479,0.01845135475781277,0.8556297153090278
1000,10000000.0,massive_planetesimal,37,MP_36,96.72541764989761,0.023282309824439917,0.8598804017290975
1000,10000000.0,massive_planetesimal,38,MP_37,94.63486603339915,0.011206214995837726,0.5352417072457528
1000,10000000.0,massive_planetesimal,39,MP_38,98.11956636529221,0.014783605570620114,0.4130071652825027
1000,10000000.0,massive_planetesimal,40,MP_39,100.3590847777811,0.02258345651573634,0.266577355617741
1000,10000000.0,massive_planetesimal,41,MP_40,106.00402701417704,0.008828088513658863,0.35218396934265356
1000,10000000.0,massive_planetesimal,42,MP_41,104.73492156183828,0.005432146822521622,0.6008847276188346
1000,10000000.0,massive_planetesimal,43,MP_42,104.38827524174894,0.022370018698333966,0.380734128109108
1000,10000000.0,massive_planetesimal,44,MP_43,100.45693981167355,0.02031432845468666,0.37271032848769614
1000,10000000.0,massive_planetesimal,45,MP_44,102.28581154242421,0.005852093061110327,0.5570072458406261
1000,10000000.0,massive_planetesimal,46,MP_45,93.83915773569676,0.03148569191159861,0.1875208933959613
1000,10000000.0,massive_planetesimal,47,MP_46,93.80806332794516,0.010190791283571476,0.9466330122168125
1000,10000000.0,massive_planetesimal,48,MP_47,96.37484641671294,0.004861405737269095,0.6665711875028019
1000,10000000.0,massive_planetesimal,49,MP_48,97.95282408388864,0.004186206334171172,0.676359285928137
1000,10000000.0,massive_planetesimal,50,MP_49,107.41483767175488,0.011515338853754966,0.2798504207305489
1000,10000000.0,massive_planetesimal,51,MP_50,104.68152182040734,0.00806516262841636,0.2033748468233753
1000,10000000.0,massive_planetesimal,52,MP_51,97.9090770081645,0.002806648738713873,0.7524371297394064
1000,10000000.0,massive_planetesimal,53,MP_52,99.19565348526812,0.01246516005731287,0.37003109787277566
1000,10000000.0,massive_planetesimal,54,MP_53,96.88973257052929,0.006742187875984097,0.39735066865873625
1000,10000000.0,massive_planetesimal,55,MP_54,99.67509804568907,0.011334291574171068,0.5012777908087179
1000,10000000.0,massive_planetesimal,56,MP_55,105.21389628299882,0.02746848927783027,0.8497800521492865
1000,10000000.0,massive_planetesimal,57,MP_56,99.58198359971618,0.013414644515632195,0.3183874687954671
1000,10000000.0,massive_planetesimal,58,MP_57,102.05636471934444,0.0018988233914791325,0.27586842855341576
1000,10000000.0,massive_planetesimal,59,MP_58,104.42535480245658,0.006024216935530999,0.3286298481915841
1000,10000000.0,massive_planetesimal,60,MP_59,102.75644189357159,0.013232490618580128,0.29319582187388604
1000,10000000.0,massive_planetesimal,61,MP_60,102.75784669238847,0.021637184717557,0.6220761250808566
1000,10000000.0,massive_planetesimal,62,MP_61,103.35240811374497,0.021897515611646514,1.0567992736125478
1000,10000000.0,massive_planetesimal,63,MP_62,100.01317832622361,0.00914018582477149,0.4352883783701957
1000,10000000.0,massive_planetesimal,64,MP_63,99.38797686182966,0.008263793730640746,0.122094375911341
1000,10000000.0,massive_planetesimal,65,MP_64,104.73027688460368,0.0035125976106282204,0.1212730768399872
1000,10000000.0,massive_planetesimal,66,MP_65,101.90064348581618,0.02117370736953983,0.3199121009457707
1000,10000000.0,massive_planetesimal,67,MP_66,106.64450352878046,0.014741628978610725,0.20360926973265892
1000,10000000.0,massive_planetesimal,68,MP_67,101.83103903699734,0.023426375951695725,0.3859289768272806
1000,10000000.0,massive_planetesimal,69,MP_68,102.49185555784699,0.0048461093502006,0.547014736339312
1000,10000000.0,massive_planetesimal,70,MP_69,96.60718421066774,0.015613405476004462,0.41053752882439665
1000,10000000.0,massive_planetesimal,71,MP_70,104.6701814522551,0.02586067503105661,0.5105944847623063
1000,10000000.0,massive_planetesimal,72,MP_71,99.34901422388127,0.014048488599880815,0.11724099853203872
1000,10000000.0,massive_planetesimal,73,MP_72,101.77421534426428,0.008860038699553112,0.6331544432947017
1000,10000000.0,massive_planetesimal,74,MP_73,101.59396342021351,0.015901030209672578,0.5719887920447707
1000,10000000.0,massive_planetesimal,75,MP_74,102.44662373883133,0.01779860911314487,0.49613910302350506
1000,10000000.0,massive_planetesimal,76,MP_75,98.39719307497519,0.034015807144512605,0.20002454303032072
1000,10000000.0,massive_planetesimal,77,MP_76,98.78756038814778,0.010068707677540837,0.31824978004773957
1000,10000000.0,massive_planetesimal,78,MP_77,102.20135040213766,0.011992002427010104,0.22902419854035067
1000,10000000.0,massive_planetesimal,79,MP_78,98.97736900062948,0.004931802720196795,0.4181330130902341
1000,10000000.0,massive_planetesimal,80,MP_79,100.00243350262966,0.01983002984376907,0.22097411899672809
1000,10000000.0,massive_planetesimal,81,MP_80,97.72409046635586,0.017705048515840857,0.357440181515774
1000,10000000.0,massive_planetesimal,82,MP_81,106.70644381799688,0.007762914141147886,0.45552354314155385
1000,10000000.0,massive_planetesimal,83,MP_82,103.62116389437868,0.014974778343793434,0.5228095185673023
1000,10000000.0,massive_planetesimal,84,MP_83,98.49201266832138,0.016408837623418576,0.1852044013920274
1000,10000000.0,massive_planetesimal,85,MP_84,102.16479396784041,0.009286693712710984,0.7481993389639904
1000,10000000.0,massive_planetesimal,86,MP_85,93.29223939494388,0.004786617796308195,0.6484371046846118
1000,10000000.0,massive_planetesimal,87,MP_86,98.11611774226822,0.013837313372063809,0.18239755221952536
1000,10000000.0,massive_planetesimal,88,MP_87,100.14496678808058,0.008426962305072755,0.8862171033364782
1000,10000000.0,massive_planetesimal,89,MP_88,105.63243444357057,0.028794257495099347,0.11977075755823931
1000,10000000.0,massive_planetesimal,90,MP_89,92.06521307120046,0.017154137609532206,0.20454370703212285
1000,10000000.0,massive_planetesimal,91,MP_90,100.89735553677463,0.006871272975760614,0.06757127095915329
1000,10000000.0,massive_planetesimal,92,MP_91,102.09179879255683,0.015349856345130029,0.20948947853132774
1000,10000000.0,massive_planetesimal,93,MP_92,94.01432220176088,0.02369673247699684,0.05577680725464121
1000,10000000.0,massive_planetesimal,94,MP_93,97.42160484733165,0.014395320619819504,0.2550078799537799
1000,10000000.0,massive_planetesimal,95,MP_94,102.89050233697236,0.01574905328357935,0.5425410786252935
1000,10000000.0,massive_planetesimal,96,MP_95,95.6924152597727,0.010026788056555434,0.4345424053055373
1000,10000000.0,massive_planetesimal,97,MP_96,100.8448856415827,0.0027182314528152937,0.37616518305706137
1000,10000000.0,massive_planetesimal,98,MP_97,97.66501428699661,0.006579557108219457,0.5389852452036099
1000,10000000.0,massive_planetesimal,99,MP_98,95.50016094811397,0.003009684915924258,0.4089102091761016
1000,10000000.0,massive_planetesimal,100,MP_99,92.73478318152172,0.01584382834219443,0.39011152535082627
1000,10000000.0,massive_planetesimal,101,MP_100,96.94926591135025,0.015404978101090025,0.034639954781135227
1000,10000000.0,massive_planetesimal,102,MP_101,104.83271451290125,0.016941386026773655,0.3184047114353397
1000,10000000.0,massive_planetesimal,103,MP_102,107.98467331911792,0.012550161906263308,0.28295948003176835
1000,10000000.0,massive_planetesimal,104,MP_103,93.46602346314633,0.02017286383316823,0.2492821816406761
1000,10000000.0,massive_planetesimal,105,MP_104,104.44927127830819,0.032857259808201235,0.4646824010242501
1000,10000000.0,massive_planetesimal,106,MP_105,101.35603890008612,0.028720325057703337,0.4825647457214388
1000,10000000.0,massive_planetesimal,107,MP_106,102.95114082683908,0.0039008757963584083,0.3042433419885252
1000,10000000.0,massive_planetesimal,108,MP_107,101.94353574175393,0.02092281859148349,0.5831599787400193
1000,10000000.0,massive_planetesimal,109,MP_108,99.40762500794348,0.01015474494010744,0.47319754299347033
1000,10000000.0,massive_planetesimal,110,MP_109,104.36030289321953,0.005401988980818289,0.1665175607618366
1000,10000000.0,massive_planetesimal,111,MP_110,95.87545308572275,0.020822254371761297,0.17964113679346327
1000,10000000.0,massive_planetesimal,112,MP_111,104.90147824583673,0.019577953773311885,0.4442765728350205
1000,10000000.0,massive_planetesimal,113,MP_112,101.04784906364915,0.024424166207125123,0.1841153451849347
1000,10000000.0,massive_planetesimal,114,MP_113,95.68413086424952,0.0067996399554119385,0.2257042008979231
1000,10000000.0,massive_planetesimal,115,MP_114,99.22819883710969,0.014962177162339486,0.6159192850819206
1000,10000000.0,massive_planetesimal,116,MP_115,95.75120948267607,0.006177394139628812,0.6857131111514432
1000,10000000.0,massive_planetesimal,117,MP_116,97.57937795663048,0.02825951992023093,0.2668622453264783
1000,10000000.0,massive_planetesimal,118,MP_117,97.35285674569484,0.03644218762039035,0.5016124847653042
1000,10000000.0,massive_planetesimal,119,MP_118,93.80654933923036,0.005696828993610615,0.4697081646542344
1000,10000000.0,massive_planetesimal,120,MP_119,104.60521284051174,0.023648271236512707,0.42274323262558733
1000,10000000.0,massive_planetesimal,121,MP_120,98.06221625143786,0.005619036948002669,0.5678820164843617
1000,10000000.0,massive_planetesimal,122,MP_121,97.8042041951019,0.00892120730981287,0.43662488208775624
1000,10000000.0,massive_planetesimal,123,MP_122,99.18116401269471,0.017175846825914057,0.2944223762072403
1000,10000000.0,massive_planetesimal,124,MP_123,101.0103343108357,0.015562866967350176,0.45250968033602534
1000,10000000.0,massive_planetesimal,125,MP_124,99.64410669287558,0.024650756971383022,0.575546016850598
1000,10000000.0,massive_planetesimal,126,MP_125,96.65539904017285,0.007903350195864335,0.7086045418570028
1000,10000000.0,massive_planetesimal,127,MP_126,100.12844456522606,0.03213513728642545,0.45883289737698296
1000,10000000.0,massive_planetesimal,128,MP_127,98.45523467523526,0.03066262994507208,0.8669075733885684
1000,10000000.0,massive_planetesimal,129,MP_128,94.78749510269162,0.01776599229268306,0.12203277881775566
1000,10000000.0,massive_planetesimal,130,MP_129,95.9242490847424,0.017647024020399152,0.1017589703774904
1000,10000000.0,massive_planetesimal,131,MP_130,104.10992144031988,0.003139047750072073,0.17535371984169273
1000,10000000.0,massive_planetesimal,132,MP_131,101.98708927362254,0.015305570297099358,0.23833237498192578
1000,10000000.0,massive_planetesimal,133,MP_132,97.46731975835884,0.0070233074549726675,0.41095255286650867
1000,10000000.0,massive_planetesimal,134,MP_133,103.54662454084949,0.016364058089090066,0.39352046263233403
1000,10000000.0,massive_planetesimal,135,MP_134,96.02786877279404,0.008373987789286,0.22218697890583647
1000,10000000.0,massive_planetesimal,136,MP_135,99.27899039920968,0.0018581275677152908,0.67896303587049
1000,10000000.0,massive_planetesimal,137,MP_136,103.33034379900728,0.008139017276277643,0.2133982302157658
1000,10000000.0,massive_planetesimal,138,MP_137,99.28951659086124,0.03259843102919794,0.24812795608442578
1000,10000000.0,massive_planetesimal,139,MP_138,105.51120209762267,0.008164150257691653,0.2584782650123568
1000,10000000.0,massive_planetesimal,140,MP_139,98.86475912156047,0.017616603211476352,0.46403378373398163
1000,10000000.0,massive_planetesimal,141,MP_140,97.05225778363217,0.012147956965604379,0.2779860817630009
1000,10000000.0,massive_planetesimal,142,MP_141,96.15839475283225,0.01606642057654008,0.4749336463984316
1000,10000000.0,massive_planetesimal,143,MP_142,96.45432153373125,0.0071380018519167235,0.23458085575026558
1000,10000000.0,massive_planetesimal,144,MP_143,96.41143070067636,0.01678711372273316,0.23412258167892697
1000,10000000.0,massive_planetesimal,145,MP_144,98.86372044760351,0.010826276321985556,0.7547003399600312
1000,10000000.0,massive_planetesimal,146,MP_145,98.57525857126413,0.01883473715998167,0.14891237520613784
1000,10000000.0,massive_planetesimal,147,MP_146,95.34868307514043,0.003925343052459564,0.6153966821213737
1000,10000000.0,massive_planetesimal,148,MP_147,104.73576019157649,0.013130083275334535,0.21451554983680107
1000,10000000.0,massive_planetesimal,149,MP_148,95.83215505547012,0.0285269210580064,0.39051495597246666
1000,10000000.0,massive_planetesimal,150,MP_149,98.58699710382909,0.01746880460933944,0.6289025656259305
1000,10000000.0,massive_planetesimal,151,MP_150,95.11120762663786,0.015561040357938902,0.11945218207877152
1000,10000000.0,massive_planetesimal,152,MP_151,97.16399370358151,0.02962418511777602,0.14006264374854677
1000,10000000.0,massive_planetesimal,153,MP_152,100.07176280106326,0.010267831299002283,0.22031289203181786
1000,10000000.0,massive_planetesimal,154,MP_153,99.20343950675002,0.012689089866595359,0.3516296506508711
1000,10000000.0,massive_planetesimal,155,MP_154,100.5184337543999,0.027813255653810452,0.16027069011803993
1000,10000000.0,massive_planetesimal,156,MP_155,101.97052104196378,0.01737494187573109,0.2354770245728992
1000,10000000.0,massive_planetesimal,157,MP_156,101.15077865384286,0.01684581126021577,0.5369523676524419
1000,10000000.0,massive_planetesimal,158,MP_157,96.28757970890994,0.03196061364534597,0.12179318749489067
1000,10000000.0,massive_planetesimal,159,MP_158,102.89134837615546,0.007429855832067743,0.6801530862745186
1000,10000000.0,massive_planetesimal,160,MP_159,104.36762744510233,0.004157957716878942,0.3664228031110522
1000,10000000.0,massive_planetesimal,161,MP_160,103.74431292350225,0.009394510993496257,0.8752989551225616
1000,10000000.0,massive_planetesimal,162,MP_161,105.84454285153832,0.014058684615192017,0.3207679107729861
1000,10000000.0,massive_planetesimal,163,MP_162,99.14592565058504,0.01681026528517701,0.4783260215734185
1000,10000000.0,massive_planetesimal,164,MP_163,101.51845871778578,0.007566047949957241,0.4451046725440094
1000,10000000.0,massive_planetesimal,165,MP_164,99.99610739911512,0.033088762350217675,0.10487688884183473
1000,10000000.0,massive_planetesimal,166,MP_165,98.51069720955188,0.007102906954749321,0.6107549697340819
1000,10000000.0,massive_planetesimal,167,MP_166,104.7537033223718,0.0037351338683829205,0.25454586299731435
1000,10000000.0,massive_planetesimal,168,MP_167,99.20109395737305,0.02974032659857802,0.3306756334851449
1000,10000000.0,massive_planetesimal,169,MP_168,104.61461375609909,0.009205348447373462,0.22737794820186577
1000,10000000.0,massive_planetesimal,170,MP_169,96.55161379917672,0.004298801848491208,0.4452305969448115
1000,10000000.0,massive_planetesimal,171,MP_170,102.71992194255927,0.01558418785421389,0.45344505159439596
1000,10000000.0,massive_planetesimal,172,MP_171,102.28672006897176,0.011218696258843738,0.47204744368132917
1000,10000000.0,massive_planetesimal,173,MP_172,98.7997872420286,0.007982490600766702,0.19328192505776315
1000,10000000.0,massive_planetesimal,174,MP_173,102.98505486383179,0.007871838377512447,0.6710528568041779
1000,10000000.0,massive_planetesimal,175,MP_174,95.91873021441883,0.014798881179476434,0.8339671520281926
1000,10000000.0,massive_planetesimal,176,MP_175,105.17738940970571,0.017358326795470624,0.24398098807194218
1000,10000000.0,massive_planetesimal,177,MP_176,99.45879694702539,0.00844085270273226,0.40952093542581613
1000,10000000.0,massive_planetesimal,178,MP_177,95.64308553292265,0.017600128763501872,0.3060452707214789
1000,10000000.0,massive_planetesimal,179,MP_178,95.39605162464993,0.007824602917557088,0.20273822330154637
1000,10000000.0,massive_planetesimal,180,MP_179,107.96252930292339,0.029789905571184515,0.35644147153292527
1000,10000000.0,massive_planetesimal,181,MP_180,99.79239027074081,0.023849321654168736,0.35964101988482844
1000,10000000.0,massive_planetesimal,182,MP_181,98.60614747143013,0.025243354308521745,0.6316603132423175
1000,10000000.0,massive_planetesimal,183,MP_182,93.26205657277585,0.008742339403213069,0.3949634196112247
1000,10000000.0,massive_planetesimal,184,MP_183,100.60984274509228,0.021913787109761447,0.49279533799208525
1000,10000000.0,massive_planetesimal,185,MP_184,98.82708984593472,0.0074747499583371554,0.7476403121878551
1000,10000000.0,massive_planetesimal,186,MP_185,94.90557050886302,0.010325037600919965,0.17333137398267617
1000,10000000.0,massive_planetesimal,187,MP_186,102.31377408134071,0.007576421206790258,0.3098020501428102
1000,10000000.0,massive_planetesimal,188,MP_187,105.00452961730144,0.02427405222210931,0.556584052205056
1000,10000000.0,massive_planetesimal,189,MP_188,104.3251011169813,0.007941577057750069,0.342081608194239
1000,10000000.0,massive_planetesimal,190,MP_189,99.88282560270132,0.008935405299086308,0.27855898751039077
1000,10000000.0,massive_planetesimal,191,MP_190,97.90052477594999,0.009084516757068617,0.5335784705946123
1000,10000000.0,massive_planetesimal,192,MP_191,102.07782093458793,0.015807297681265372,0.24770764066431716
1000,10000000.0,massive_planetesimal,193,MP_192,95.013306034548,0.02370810654221708,0.2553115615331171
1000,10000000.0,massive_planetesimal,194,MP_193,97.28447995931818,0.004858472807036564,0.6512897604734166
1000,10000000.0,massive_planetesimal,195,MP_194,96.00542968606528,0.009257107635469487,0.6021823327330333
1000,10000000.0,massive_planetesimal,196,MP_195,99.28314546487562,0.007936877608136694,0.314185404890571
1000,10000000.0,massive_planetesimal,197,MP_196,95.11806318149239,0.012448736281137142,0.4435150757707167
1000,10000000.0,massive_planetesimal,198,MP_197,96.1804960359535,0.009874725096570367,0.3933331913855298
1000,10000000.0,massive_planetesimal,199,MP_198,94.75922219409082,0.011955521814769906,0.3997138772855109
1000,10000000.0,massive_planetesimal,200,MP_199,105.82917159636442,0.00893298228224122,0.25292043258331975
1000,10000000.0,massive_planetesimal,201,MP_200,97.58756296817127,0.01126269139407889,0.38385118319267164
1000,10000000.0,massive_planetesimal,202,MP_201,104.86491773596507,0.012777606705827806,0.8862763938866254
1000,10000000.0,massive_planetesimal,203,MP_202,102.68996131396995,0.012573223316231352,0.4966045019005695
1000,10000000.0,massive_planetesimal,204,MP_203,104.13494393808601,0.026665775832156,0.5198592168303279
1000,10000000.0,massive_planetesimal,205,MP_204,96.25372827370931,0.01718338403019896,0.30761978113484784
1000,10000000.0,massive_planetesimal,206,MP_205,97.41622741205289,0.009658157574892372,0.5326574970713834
1000,10000000.0,massive_planetesimal,207,MP_206,98.69599644463695,0.019946210683676732,0.36757503783799383
1000,10000000.0,massive_planetesimal,208,MP_207,102.57324476464993,0.005086927705404511,0.5486153026658008
1000,10000000.0,massive_planetesimal,209,MP_208,99.68909743496741,0.018696270672002274,0.23147740319883714
1000,10000000.0,massive_planetesimal,210,MP_209,95.27263580251054,0.010408229385843152,0.02012875779897957
1000,10000000.0,massive_planetesimal,211,MP_210,95.48619921250003,0.00520025524291995,0.2700742202858342
1000,10000000.0,massive_planetesimal,212,MP_211,100.66018896979503,0.030869179795638496,0.3411814636506511
1000,10000000.0,massive_planetesimal,213,MP_212,97.21882537985563,0.011501906040428543,0.4879177883022124
1000,10000000.0,massive_planetesimal,214,MP_213,98.16082945610687,0.021431205341290546,0.5790315017213405
1000,10000000.0,massive_planetesimal,215,MP_214,102.33295584909675,0.002214257834914727,0.5557405821242101
1000,10000000.0,massive_planetesimal,216,MP_215,98.99238103912522,0.00352531280513205,0.5598937447553418
1000,10000000.0,massive_planetesimal,217,MP_216,99.67591789384478,0.010275706065592964,0.9265869135733406
1000,10000000.0,massive_planetesimal,218,MP_217,103.86721088219046,0.02468164703718696,0.7618535136912774
1000,10000000.0,massive_planetesimal,219,MP_218,94.92475365274255,0.0263788005138133,0.5802110815400681
1000,10000000.0,massive_planetesimal,220,MP_219,94.28700897580951,0.0091907393052234,0.45028354059282627
1000,10000000.0,massive_planetesimal,221,MP_220,102.30066058628238,0.011782081311490462,0.4478129444241592
1000,10000000.0,massive_planetesimal,222,MP_221,98.85417142071735,0.03314078758631258,0.5800412039770828
1000,10000000.0,massive_planetesimal,223,MP_222,104.5664774634265,0.01845218868781835,0.28539888793680235
1000,10000000.0,massive_planetesimal,224,MP_223,105.25242659001046,0.016034328413186534,0.6259258106608656
1000,10000000.0,massive_planetesimal,225,MP_224,102.18504519167581,0.02556079794524351,0.8160305889870362
1000,10000000.0,massive_planetesimal,226,MP_225,106.8434157947487,0.02487328095886467,0.7342023830186846
1000,10000000.0,massive_planetesimal,227,MP_226,105.83704250946671,0.013297305021628927,0.456905204475864
1000,10000000.0,massive_planetesimal,228,MP_227,95.52839803952683,0.015017142833495655,0.6160919170588086
1000,10000000.0,massive_planetesimal,229,MP_228,99.27353529592358,0.020194877322668784,0.12819108848398536
1000,10000000.0,massive_planetesimal,230,MP_229,104.18791779731488,0.01401648994414007,0.23777731874528438
1000,10000000.0,massive_planetesimal,231,MP_230,102.5698091157746,0.02481677532332494,0.49679333480499
1000,10000000.0,massive_planetesimal,232,MP_231,103.87852940732823,0.008937908552763588,0.4115598248436317
1000,10000000.0,massive_planetesimal,233,MP_232,100.57495168678106,0.017394227277873417,0.7377895136850555
1000,10000000.0,massive_planetesimal,234,MP_233,102.06535097274696,0.009952688753318749,0.6025414586571645
1000,10000000.0,massive_planetesimal,235,MP_234,95.11705243097244,0.010507653034267454,0.3593214451068065
1000,10000000.0,massive_planetesimal,236,MP_235,97.69507349457733,0.006955183393015857,0.3586394277695645
1000,10000000.0,massive_planetesimal,237,MP_236,99.66544092106435,0.02371420639932258,0.2387404131904973
1000,10000000.0,massive_planetesimal,238,MP_237,96.56803104661805,0.014652265018115205,0.3117024072719285
1000,10000000.0,massive_planetesimal,239,MP_238,101.72529409367667,0.007731804648477594,0.5635357614341093
1000,10000000.0,massive_planetesimal,240,MP_239,96.30834660692862,0.011254041482865568,0.5798975953576379
1000,10000000.0,massive_planetesimal,241,MP_240,101.43509728010781,0.02219576282087785,0.36280439188804575
1000,10000000.0,massive_planetesimal,242,MP_241,101.16209190746422,0.0081303442855438,0.26261542524890374
1000,10000000.0,massive_planetesimal,243,MP_242,103.82382565549447,0.013073711802987598,0.8107244302363059
1000,10000000.0,massive_planetesimal,244,MP_243,106.77076761626817,0.018309489139609104,0.4833138324829791
1000,10000000.0,massive_planetesimal,245,MP_244,96.25183067456965,0.008184653316416851,0.28908218287152265
1000,10000000.0,massive_planetesimal,246,MP_245,103.29575817128563,0.01315954704699766,0.3826034099673909
1000,10000000.0,massive_planetesimal,247,MP_246,101.00340874160044,0.015279393916952187,0.2272417865294894
1000,10000000.0,massive_planetesimal,248,MP_247,101.25120001254238,0.00908062076939835,0.3983561411100748
1000,10000000.0,massive_planetesimal,249,MP_248,107.10946984350544,0.015457438642403936,0.23906809222792208
1000,10000000.0,massive_planetesimal,250,MP_249,100.70355406457188,0.022048205442524404,0.6743971611035952
1000,10000000.0,massive_planetesimal,251,MP_250,107.26698606462273,0.019539174695431816,0.25776534893152014
1000,10000000.0,massive_planetesimal,252,MP_251,105.60275934772429,0.013077087742302576,0.8267407019429076
1000,10000000.0,massive_planetesimal,253,MP_252,104.64134682354116,0.017737614154402816,0.2497244433796441
1000,10000000.0,massive_planetesimal,254,MP_253,101.01214632549276,0.007459843841524229,0.31857553653074006
1000,10000000.0,massive_planetesimal,255,MP_254,98.37992454110241,0.018722271009752763,0.37331697825934224
1000,10000000.0,massive_planetesimal,256,MP_255,97.56223781773109,0.03141993896742946,0.37788163191804774
1000,10000000.0,massive_planetesimal,257,MP_256,102.18272154534334,0.008621680651515447,0.1659966572419253
1000,10000000.0,massive_planetesimal,258,MP_257,101.35973573451626,0.009816490436509836,0.21077203359640032
1000,10000000.0,massive_planetesimal,259,MP_258,96.06470742156851,0.01514021819358489,0.5252025332180739
1000,10000000.0,massive_planetesimal,260,MP_259,95.73460664308229,0.021089545255709358,0.20914418502399995
1000,10000000.0,massive_planetesimal,261,MP_260,106.79801756491628,0.02177268835633704,0.21837391023134095
1000,10000000.0,massive_planetesimal,262,MP_261,100.91937543109536,0.01865289627080435,0.5536634475458564
1000,10000000.0,massive_planetesimal,263,MP_262,101.11793433810695,0.004438335729529017,0.30239491410326735
1000,10000000.0,massive_planetesimal,264,MP_263,106.79045360573531,0.013207213346344738,0.4200126109873605
1000,10000000.0,massive_planetesimal,265,MP_264,103.75439497060066,0.012139841966700989,0.4234915543414436
1000,10000000.0,massive_planetesimal,266,MP_265,100.11580130767356,0.009003196025765908,0.31201287558124097
1000,10000000.0,massive_planetesimal,267,MP_266,101.11517214442512,0.010820183424828779,0.4746933334869995
1000,10000000.0,massive_planetesimal,268,MP_267,104.88490932733907,0.018932987459707076,0.27412124708583574
1000,10000000.0,massive_planetesimal,269,MP_268,102.13530420788308,0.025034839886758836,0.22712419043826212
1000,10000000.0,massive_planetesimal,270,MP_269,105.76387069255824,0.01907019180419837,0.30234209874556933
1000,10000000.0,massive_planetesimal,271,MP_270,97.86576956800626,0.017900806134826825,0.616847743288491
1000,10000000.0,massive_planetesimal,272,MP_271,95.76649755069212,0.01946886789879513,0.3953036476760771
1000,10000000.0,massive_planetesimal,273,MP_272,98.27185993715572,0.01853938228448905,0.4243237487752714
1000,10000000.0,massive_planetesimal,274,MP_273,104.9335553931924,0.0008957750145767621,0.5524244726060707
1000,10000000.0,massive_planetesimal,275,MP_274,99.75314501286852,0.031498723665800143,0.4743266023360867
1000,10000000.0,massive_planetesimal,276,MP_275,96.17273901029026,0.0017221231593373644,0.4417098578712975
1000,10000000.0,massive_planetesimal,277,MP_276,93.32532377710703,0.020205342008529567,0.19860029372896537
1000,10000000.0,massive_planetesimal,278,MP_277,99.40570568889744,0.02695443810459526,0.7414500999430063
1000,10000000.0,massive_planetesimal,279,MP_278,93.65321124073367,0.009747074233877504,0.3016959874279068
1000,10000000.0,massive_planetesimal,280,MP_279,104.31386071456423,0.0278989593449447,0.22853339810643727
1000,10000000.0,massive_planetesimal,281,MP_280,99.45374442736774,0.02126282929079033,0.35542719374336534
1000,10000000.0,massive_planetesimal,282,MP_281,99.10970167526179,0.013478999475914884,0.367792214255979
1000,10000000.0,massive_planetesimal,283,MP_282,99.80319641279276,0.019887538184724635,0.6646187858337833
1000,10000000.0,massive_planetesimal,284,MP_283,105.0564470617135,0.019649660879822388,0.3174769285203205
1000,10000000.0,massive_planetesimal,285,MP_284,102.92359410971659,0.0204425574993496,0.20920762775815382
1000,10000000.0,massive_planetesimal,286,MP_285,102.60424359978899,0.02014866800574306,0.475774689547791
1000,10000000.0,massive_planetesimal,287,MP_286,100.77936825054427,0.00811810894075085,0.27148781776137404
1000,10000000.0,massive_planetesimal,288,MP_287,103.84225565665007,0.006956973455353157,0.07086650427807765
1000,10000000.0,massive_planetesimal,289,MP_288,97.4897275507796,0.012321112907607809,0.040536233418538466
1000,10000000.0,massive_planetesimal,290,MP_289,102.37785650626495,0.004158146730979445,0.16218993047832936
1000,10000000.0,massive_planetesimal,291,MP_290,97.3680302044789,0.007555072830687279,0.505252797681816
1000,10000000.0,massive_planetesimal,292,MP_291,102.66188097071216,0.010089168485327564,0.7138166087925142
1000,10000000.0,massive_planetesimal,293,MP_292,102.61824242889271,0.012648830552758367,0.7294557040075418
1000,10000000.0,massive_planetesimal,294,MP_293,102.90341723833349,0.0235970562709703,0.6479797761686099
1000,10000000.0,massive_planetesimal,295,MP_294,99.56318925982958,0.014946510415984313,0.6774793651063359
1000,10000000.0,massive_planetesimal,296,MP_295,100.49963979056011,0.01352010840561935,0.10999480610934059
1000,10000000.0,massive_planetesimal,297,MP_296,101.92953108653563,0.004428303171336643,0.814260699058825
1000,10000000.0,massive_planetesimal,298,MP_297,97.26879529171693,0.021258203380694642,0.20097987555669422
1000,10000000.0,massive_planetesimal,299,MP_298,100.5588678839693,0.014876031599116568,0.7706707052462568
1000,10000000.0,massive_planetesimal,300,MP_299,96.53607996415475,0.012480021509210886,0.677853743666792
1000,10000000.0,massive_planetesimal,301,MP_300,105.36604590646178,0.014131790849190463,0.27178909709896915
1000,10000000.0,massive_planetesimal,302,MP_301,93.7109890439578,0.017418576540308518,0.3256869859392448
1000,10000000.0,massive_planetesimal,303,MP_302,102.5663926167788,0.012146157317997815,0.6226655209307697
1000,10000000.0,massive_planetesimal,304,MP_303,101.85307159744416,0.015411849692428006,0.4629479869106527
1000,10000000.0,massive_planetesimal,305,MP_304,103.06983289708973,0.014321097098015418,0.1477587786420466
1000,10000000.0,massive_planetesimal,306,MP_305,99.69534643713668,0.01859558832568669,0.1638353228448523
1000,10000000.0,massive_planetesimal,307,MP_306,95.613673831146,0.01838463394614018,0.38639606083452527
1000,10000000.0,massive_planetesimal,308,MP_307,93.81303154442044,0.018310987249004818,0.39910331058546317
1000,10000000.0,massive_planetesimal,309,MP_308,103.72688432728158,0.01654925549225269,0.25981931797412616
1000,10000000.0,massive_planetesimal,310,MP_309,101.05464729189158,0.02166712032753657,0.1654882817480976
1000,10000000.0,massive_planetesimal,311,MP_310,95.37219391690323,0.012764308327280972,0.05059904043893117
1000,10000000.0,massive_planetesimal,312,MP_311,107.64278158720327,0.014468415383715037,0.20078277119867266
1000,10000000.0,massive_planetesimal,313,MP_312,103.63441140276183,0.003686587509279043,0.515743501815275
1000,10000000.0,massive_planetesimal,314,MP_313,95.13952363388304,0.010559620119974763,0.4436360697415316
1000,10000000.0,massive_planetesimal,315,MP_314,97.30190153571566,0.01922960816553379,0.7322638568437522
1000,10000000.0,massive_planetesimal,316,MP_315,96.825625216034,0.017186364904437854,0.32357753601967854
1000,10000000.0,massive_planetesimal,317,MP_316,99.9809704401255,0.015896484749159636,0.9451960719103825
1000,10000000.0,massive_planetesimal,318,MP_317,103.16401717486379,0.025278956823134392,0.18643443408676869
1000,10000000.0,massive_planetesimal,319,MP_318,102.41663585518421,0.007399789645033872,0.4875263679852875
1000,10000000.0,massive_planetesimal,320,MP_319,96.91288199328537,0.007665640654374371,0.47647090079262466
1000,10000000.0,massive_planetesimal,321,MP_320,96.09390257980944,0.015205683965328282,0.7830408014312606
1000,10000000.0,massive_planetesimal,322,MP_321,94.95076586248148,0.02278932645534447,0.22050987507802325
1000,10000000.0,massive_planetesimal,323,MP_322,102.79243037115269,0.01888670061021832,0.47611724103540615
1000,10000000.0,massive_planetesimal,324,MP_323,95.60871161474324,0.020566155575858794,0.2297031918272175
1000,10000000.0,massive_planetesimal,325,MP_324,99.53873197022295,0.009450480718258977,0.2276044920907614
1000,10000000.0,massive_planetesimal,326,MP_325,106.52067023258593,0.009320892412417,0.5286797505616501
1000,10000000.0,massive_planetesimal,327,MP_326,95.51346323675436,0.01281957897121925,0.2249952647418657
1000,10000000.0,massive_planetesimal,328,MP_327,100.97634729318649,0.015430409195377932,0.6643272125297691
1000,10000000.0,massive_planetesimal,329,MP_328,99.68909380014017,0.010941074458547908,0.1402606816308216
1000,10000000.0,massive_planetesimal,330,MP_329,94.62141082315135,0.017362813889303785,0.8500575080865506
1000,10000000.0,massive_planetesimal,331,MP_330,99.69718898643961,0.02105814026001175,0.059411689589006535
1000,10000000.0,massive_planetesimal,332,MP_331,97.28869290311141,0.01991923337122035,0.27262421810390947
1000,10000000.0,massive_planetesimal,333,MP_332,97.91931370292055,0.008073676611579348,0.3280158758121207
1000,10000000.0,massive_planetesimal,334,MP_333,105.00608061187141,0.01767315726855661,0.28474729425024997
1000,10000000.0,massive_planetesimal,335,MP_334,94.99832422498447,0.012058651754982228,0.257350637676906
1000,10000000.0,massive_planetesimal,336,MP_335,104.62738338802436,0.021535323900081556,0.4728908768599005
1000,10000000.0,massive_planetesimal,337,MP_336,96.94356182242718,0.01875612918782828,0.31083287153968636
1000,10000000.0,massive_planetesimal,338,MP_337,98.70032561649924,0.02037123632337216,0.498126702824368
1000,10000000.0,massive_planetesimal,339,MP_338,97.5700955484658,0.006397127719060862,0.22253927123943357
1000,10000000.0,massive_planetesimal,340,MP_339,92.67534542469961,0.03333972746877951,0.2668520506219894
1000,10000000.0,massive_planetesimal,341,MP_340,103.58123415502838,0.031026713928268567,0.30637933110891263
1000,10000000.0,massive_planetesimal,342,MP_341,99.68376807731941,0.009834964070609194,0.3404848165935262
1000,10000000.0,massive_planetesimal,343,MP_342,104.26624931825916,0.0221219338180444,0.24585012227156122
1000,10000000.0,massive_planetesimal,344,MP_343,98.12584007770764,0.004599626800053285,0.3898881899649197
1000,10000000.0,massive_planetesimal,345,MP_344,103.35762035118994,0.01014546951863118,0.6155624415911578
1000,10000000.0,massive_planetesimal,346,MP_345,101.88677117952791,0.004299061745396,0.1864732929968508
1000,10000000.0,massive_planetesimal,347,MP_346,105.02279324346537,0.024863068200481807,0.4434865210254526
1000,10000000.0,massive_planetesimal,348,MP_347,105.35273476489887,0.018569766021024614,0.1502496136685417
1000,10000000.0,massive_planetesimal,349,MP_348,102.09827943855373,0.012601493092073505,0.5462660936848069
1000,10000000.0,massive_planetesimal,350,MP_349,100.7828102027248,0.021704673472983806,0.33037771873387817
1000,10000000.0,massive_planetesimal,351,MP_350,101.20158370588767,0.020830763277024947,0.5644191820168388
1000,10000000.0,massive_planetesimal,352,MP_351,102.30072286854305,0.0029712699826087083,0.6054200328918055
1000,10000000.0,massive_planetesimal,353,MP_352,94.6955569106732,0.022212505260316387,0.04616959639492703
1000,10000000.0,massive_planetesimal,354,MP_353,92.66008846705351,0.032049792745553224,0.16993537969114464
1000,10000000.0,massive_planetesimal,355,MP_354,99.29221514099007,0.0018578152839964191,0.3545326558752815
1000,10000000.0,massive_planetesimal,356,MP_355,103.15392796061288,0.020624144327592346,0.1507900601985485
1000,10000000.0,massive_planetesimal,357,MP_356,95.52753403783399,0.01758418005557899,0.06960991265378651
1000,10000000.0,massive_planetesimal,358,MP_357,101.0801277445608,0.013480050990930553,0.18360355409087706
1000,10000000.0,massive_planetesimal,359,MP_358,104.07994516172968,0.016705332358140493,0.36691925665715136
1000,10000000.0,massive_planetesimal,360,MP_359,104.0892044845216,0.02182398006043954,0.4803800294027654
1000,10000000.0,massive_planetesimal,361,MP_360,106.12037479061814,0.030777156053474315,0.22006420082954564
1000,10000000.0,massive_planetesimal,362,MP_361,102.75819941786742,0.008024412977777798,0.7859634310611723
1000,10000000.0,massive_planetesimal,363,MP_362,103.8495453128447,0.013513673801830784,0.7232833238421643
1000,10000000.0,massive_planetesimal,364,MP_363,95.82445556107788,0.00655946266491898,0.9354253327334271
1000,10000000.0,massive_planetesimal,365,MP_364,101.12443143367896,0.003710828366208738,0.9597410400550349
1000,10000000.0,massive_planetesimal,366,MP_365,103.4394925536975,0.009343689082591033,0.5408527762451181
1000,10000000.0,massive_planetesimal,367,MP_366,97.12373811154555,0.00710711505506046,0.3517657805284918
1000,10000000.0,massive_planetesimal,368,MP_367,104.65249555827066,0.017105305042834144,0.23862796415723092
1000,10000000.0,massive_planetesimal,369,MP_368,94.9382364200716,0.018097666850944796,0.2821492001385568
1000,10000000.0,massive_planetesimal,370,MP_369,105.81826938332429,0.024619361481934242,0.3501105108707564
1000,10000000.0,massive_planetesimal,371,MP_370,99.68530426391226,0.017194200907017867,0.5178845940988127
1000,10000000.0,massive_planetesimal,372,MP_371,100.91946124994699,0.02178358020294801,0.7325902121529715
1000,10000000.0,massive_planetesimal,373,MP_372,94.48500544513024,0.011120765953803746,0.1336567402879006
1000,10000000.0,massive_planetesimal,374,MP_373,97.50067262259905,0.011436734539629302,0.37344753916458884
1000,10000000.0,massive_planetesimal,375,MP_374,104.764227354215,0.009832105090956923,0.4235548764673252
1000,10000000.0,massive_planetesimal,376,MP_375,99.5192183375563,0.029220363208150378,0.4608465158099774
1000,10000000.0,massive_planetesimal,377,MP_376,103.52150686108303,0.022410663324295522,0.6967212173162156
1000,10000000.0,massive_planetesimal,378,MP_377,103.29105292478354,0.005955977168875768,0.3361471620680972
1000,10000000.0,massive_planetesimal,379,MP_378,98.9705965113449,0.03089191439257486,0.538888144236379
1000,10000000.0,massive_planetesimal,380,MP_379,102.72245005659357,0.010272255280521433,0.8000208447210829
1000,10000000.0,massive_planetesimal,381,MP_380,103.44257733977068,0.011284199188931414,0.7475731639630958
1000,10000000.0,massive_planetesimal,382,MP_381,98.72858110977675,0.010363436317853868,0.20851631756843803
1000,10000000.0,massive_planetesimal,383,MP_382,96.35353695391292,0.009723881696369858,0.2120654797452482
1000,10000000.0,massive_planetesimal,384,MP_383,101.04031663956663,0.0027575346431573944,0.7375548555230159
1000,10000000.0,massive_planetesimal,385,MP_384,99.61097820597585,0.02718758614720596,0.3641005357418774
1000,10000000.0,massive_planetesimal,386,MP_385,106.35850170193558,0.014617221559987558,0.5152402378846533
1000,10000000.0,massive_planetesimal,387,MP_386,93.9424639910827,0.013088290711585057,0.5229688719303777
1000,10000000.0,massive_planetesimal,388,MP_387,100.28341490519027,0.009851740246905286,0.5953357170573007
1000,10000000.0,massive_planetesimal,389,MP_388,100.47170200938989,0.002456430362535865,0.37492765721298277
1000,10000000.0,massive_planetesimal,390,MP_389,102.48350014122005,0.004860596200616072,0.1952757787706322
1000,10000000.0,massive_planetesimal,391,MP_390,98.70971490286857,0.02883702281233052,0.4478312026616213
1000,10000000.0,massive_planetesimal,392,MP_391,104.80616283333204,0.004191690320814954,0.1341057040824108
1000,10000000.0,massive_planetesimal,393,MP_392,97.1023248728785,0.008977778837362178,0.7841953166699676
1000,10000000.0,massive_planetesimal,394,MP_393,107.5333430729357,0.006782987922902257,0.3519844973101209
1000,10000000.0,massive_planetesimal,395,MP_394,101.71707141150102,0.020869144339977153,0.5419379388905223
1000,10000000.0,massive_planetesimal,396,MP_395,95.79791509773204,0.01532570572656028,0.5803342955849407
1000,10000000.0,massive_planetesimal,397,MP_396,101.23174995654978,0.02097093727013161,0.5416097249630086
1000,10000000.0,massive_planetesimal,398,MP_397,96.11882834325992,0.026350723362107725,0.4233344781826204
1000,10000000.0,massive_planetesimal,399,MP_398,107.20062107900685,0.0067340122232276,0.1149019862451083
1000,10000000.0,massive_planetesimal,400,MP_399,97.71701312951993,0.016291061610259155,0.6751798592538727
1000,10000000.0,massive_planetesimal,401,MP_400,99.79899097266747,0.02648016454286688,0.5222774596070691
1000,10000000.0,massive_planetesimal,402,MP_401,94.05852519910087,0.01648250837574371,0.6131023261595635
1000,10000000.0,massive_planetesimal,403,MP_402,96.25416492195701,0.02081835781996026,0.41601634268151055
1000,10000000.0,massive_planetesimal,404,MP_403,93.59131749044596,0.019756200909868415,0.4158367797198142
1000,10000000.0,massive_planetesimal,405,MP_404,103.9271440233266,0.013621859757324684,0.40290704699548463
1000,10000000.0,massive_planetesimal,406,MP_405,104.05712403058459,0.024568874900834058,1.0522777171940727
1000,10000000.0,massive_planetesimal,407,MP_406,101.53062979230249,0.02399528804393439,0.34934092843098774
1000,10000000.0,massive_planetesimal,408,MP_407,95.93090604446385,0.00433849391785845,0.29084676182779384
1000,10000000.0,massive_planetesimal,409,MP_408,102.9885695776045,0.02729876944086032,0.1810255869445615
1000,10000000.0,massive_planetesimal,410,MP_409,104.25719491443083,0.011151230395911961,0.6385426133956347
1000,10000000.0,massive_planetesimal,411,MP_410,101.08563704172076,0.027288155838786302,0.5229815587803786
1000,10000000.0,massive_planetesimal,412,MP_411,102.21280313269958,0.019005948486090714,0.6486233048729185
1000,10000000.0,massive_planetesimal,413,MP_412,99.76615713298179,0.021493187479773114,0.8541966289995397
1000,10000000.0,massive_planetesimal,414,MP_413,97.8760202840048,0.010752354915691797,0.269601975874368
1000,10000000.0,massive_planetesimal,415,MP_414,102.10647562361532,0.012118311252024738,0.2599693816643423
1000,10000000.0,massive_planetesimal,416,MP_415,102.23529568721732,0.01921442364418851,0.6975982132087053
1000,10000000.0,massive_planetesimal,417,MP_416,100.18899399443818,0.020248576541965164,0.8435542571834483
1000,10000000.0,massive_planetesimal,418,MP_417,104.14939978318235,0.008887963048136306,0.29660991281044663
1000,10000000.0,massive_planetesimal,419,MP_418,100.53542255520999,0.018428839186824048,0.292535384394939
1000,10000000.0,massive_planetesimal,420,MP_419,93.34449431905226,0.006184946379777285,0.430283866630078
1000,10000000.0,massive_planetesimal,421,MP_420,104.31699450346167,0.012032892599591692,0.5947358713614167
1000,10000000.0,massive_planetesimal,422,MP_421,108.11457991135765,0.020576178328546423,0.468676342399825
1000,10000000.0,massive_planetesimal,423,MP_422,98.3052455012868,0.011907786633076397,0.5139341030237635
1000,10000000.0,massive_planetesimal,424,MP_423,95.03735556232127,0.013395309413046105,0.4220704167216809
1000,10000000.0,massive_planetesimal,425,MP_424,97.17435439111298,0.005945987634608284,0.792317894875327
1000,10000000.0,massive_planetesimal,426,MP_425,105.3640391703098,0.011622641396212838,0.2215080208933491
1000,10000000.0,massive_planetesimal,427,MP_426,99.93182728119211,0.006414809251367984,0.17445832976478112
1000,10000000.0,massive_planetesimal,428,MP_427,103.09807850556733,0.007036923783080071,0.4386481320143627
1000,10000000.0,massive_planetesimal,429,MP_428,102.79892291283383,0.009902621035541707,0.47346053071258676
1000,10000000.0,massive_planetesimal,430,MP_429,103.4690353089323,0.01125118300074399,0.2694886918247607
1000,10000000.0,massive_planetesimal,431,MP_430,96.42092483905766,0.007058279228180642,0.0718125476307649
1000,10000000.0,massive_planetesimal,432,MP_431,100.14132302246544,0.002153564849677174,0.5185107967221715
1000,10000000.0,massive_planetesimal,433,MP_432,96.67335943109403,0.01252019621408588,1.2703205834904547
1000,10000000.0,massive_planetesimal,434,MP_433,106.42056886738385,0.01413372453563723,0.14641529299518735
1000,10000000.0,massive_planetesimal,435,MP_434,93.24166988867536,0.014920295949107074,0.6606454391264508
1000,10000000.0,massive_planetesimal,436,MP_435,100.57127646170072,0.010371384720889741,0.6395054306502931
1000,10000000.0,massive_planetesimal,437,MP_436,96.12787595741683,0.02022148903660321,0.12234960915152233
1000,10000000.0,massive_planetesimal,438,MP_437,96.2372332100386,0.012057257667301868,0.5567760429921637
1000,10000000.0,massive_planetesimal,439,MP_438,95.23103779030407,0.007502244818747788,0.3917363635842686
1000,10000000.0,massive_planetesimal,440,MP_439,103.07544534015506,0.023198257136724246,0.616911614007688
1000,10000000.0,massive_planetesimal,441,MP_440,104.06259850312081,0.020731304619253942,0.33899649301344476
1000,10000000.0,massive_planetesimal,442,MP_441,96.94721745120464,0.001896879958877216,0.35558252237015425
1000,10000000.0,massive_planetesimal,443,MP_442,102.07157173837352,0.006633036694427795,0.38014546228897206
1000,10000000.0,massive_planetesimal,444,MP_443,100.65284958106203,0.01548065316856586,0.5677979851509922
1000,10000000.0,massive_planetesimal,445,MP_444,98.0451714062795,0.008287108814074176,0.09837645246545171
1000,10000000.0,massive_planetesimal,446,MP_445,96.97890987410244,0.007154015207765915,0.6011675365156179
1000,10000000.0,massive_planetesimal,447,MP_446,103.1172059354598,0.022128691368511807,0.0800545033537067
1000,10000000.0,massive_planetesimal,448,MP_447,93.41761152706526,0.013818949563483982,0.039057052040419885
1000,10000000.0,massive_planetesimal,449,MP_448,95.00435701411094,0.013023428220661505,0.23942401600939803
1000,10000000.0,massive_planetesimal,450,MP_449,95.99515966827137,0.007442966192779967,0.7236595793373191
1000,10000000.0,massive_planetesimal,451,MP_450,103.93570003473154,0.02369500471930475,0.4188983892163971
1000,10000000.0,massive_planetesimal,452,MP_451,106.34917109182261,0.03192761785482199,0.5731590789522969
1000,10000000.0,massive_planetesimal,453,MP_452,93.93489562643987,0.021365272469255868,0.43841854681837183
1000,10000000.0,massive_planetesimal,454,MP_453,99.70152789981509,0.006129185079320469,0.13107754640374972
1000,10000000.0,massive_planetesimal,455,MP_454,98.4006456933012,0.017367272206309715,0.5552169992848964
1000,10000000.0,massive_planetesimal,456,MP_455,97.20372178118701,0.006310395155674943,0.48636894098860217
1000,10000000.0,massive_planetesimal,457,MP_456,92.6426209386711,0.01207320126839247,0.5300147313373336
1000,10000000.0,massive_planetesimal,458,MP_457,101.62548281735013,0.01370773110324564,0.17279129666769402
1000,10000000.0,massive_planetesimal,459,MP_458,104.83706494949816,0.016042866794907833,0.5428412199449766
1000,10000000.0,massive_planetesimal,460,MP_459,98.87106956407698,0.004772019737252886,0.34574516728785704
1000,10000000.0,massive_planetesimal,461,MP_460,97.21983312934515,0.01640357296573281,0.40241135552524726
1000,10000000.0,massive_planetesimal,462,MP_461,98.12875031892753,0.014931666075198668,0.7770125940420883
1000,10000000.0,massive_planetesimal,463,MP_462,97.5165515466427,0.010959268987092083,0.25386463471787524
1000,10000000.0,massive_planetesimal,464,MP_463,100.25393408796508,0.02108432070789937,0.3908678565003784
1000,10000000.0,massive_planetesimal,465,MP_464,93.53512783718783,0.005015065471062505,0.6573148876552513
1000,10000000.0,massive_planetesimal,466,MP_465,104.03694148205827,0.00668228677427792,0.3017238116898416
1000,10000000.0,massive_planetesimal,467,MP_466,101.62497588090584,0.00904028011196598,0.08355584806509525
1000,10000000.0,massive_planetesimal,468,MP_467,101.63130693203925,0.02074451847679688,0.2740401445465091
1000,10000000.0,massive_planetesimal,469,MP_468,99.12238176820928,0.034504483585192515,0.49392467279154856
1000,10000000.0,massive_planetesimal,470,MP_469,97.92700746122316,0.017051279157201626,0.8223451566587714
1000,10000000.0,massive_planetesimal,471,MP_470,99.17789633489879,0.023323972275458703,0.7115941027513228
1000,10000000.0,massive_planetesimal,472,MP_471,97.79765651342395,0.011481727251405475,0.18291592617568087
1000,10000000.0,massive_planetesimal,473,MP_472,104.88954782182786,0.01256741411405762,0.5861477847694545
1000,10000000.0,massive_planetesimal,474,MP_473,103.43566779479201,0.008701449001986696,0.487814502234645
1000,10000000.0,massive_planetesimal,475,MP_474,93.4046744494042,0.018314612688328125,0.13018920708422155
1000,10000000.0,massive_planetesimal,476,MP_475,96.17573778026838,0.015801558925652714,0.19010833376638703
1000,10000000.0,massive_planetesimal,477,MP_476,102.80566989901217,0.01621648592388035,0.1944782654173985
1000,10000000.0,massive_planetesimal,478,MP_477,96.39785484803595,0.02310484979054621,0.626527326902388
1000,10000000.0,massive_planetesimal,479,MP_478,108.04651147444852,0.01213278734375512,0.08518598735446802
1000,10000000.0,massive_planetesimal,480,MP_479,104.53068112947541,0.0020589368447335573,0.3827871828581524
1000,10000000.0,massive_planetesimal,481,MP_480,100.33383883898532,0.023385498864003002,0.12473438217813611
1000,10000000.0,massive_planetesimal,482,MP_481,97.02844904243418,0.022971316589929326,0.2517436030425092
1000,10000000.0,massive_planetesimal,483,MP_482,102.34761076032224,0.01892513283170702,0.22179179953414804
1000,10000000.0,massive_planetesimal,484,MP_483,104.21057443860025,0.024556085983037292,0.3743833335133276
1000,10000000.0,massive_planetesimal,485,MP_484,96.00691959431371,0.002964347332552702,0.6299145559589209
1000,10000000.0,massive_planetesimal,486,MP_485,97.49866475210104,0.00948893777998727,0.27905135133824305
1000,10000000.0,massive_planetesimal,487,MP_486,102.48957825286169,0.010548854345204844,0.3838466122621329
1000,10000000.0,massive_planetesimal,488,MP_487,94.03154001174597,0.006150171505944323,0.41032327053109713
1000,10000000.0,massive_planetesimal,489,MP_488,101.84127144133794,0.015519641739879204,0.3430762684124972
1000,10000000.0,massive_planetesimal,490,MP_489,101.2534453223247,0.004344505537242141,0.23826193597067716
1000,10000000.0,massive_planetesimal,491,MP_490,106.46030897989279,0.0053587458522308794,0.49392041295091405
1000,10000000.0,massive_planetesimal,492,MP_491,95.90015904739234,0.012539632706344877,0.4519959936799248
1000,10000000.0,massive_planetesimal,493,MP_492,97.66051421362785,0.025824709502285305,0.15670323751564313
1000,10000000.0,massive_planetesimal,494,MP_493,99.47102396684257,0.014559263008354442,0.5544836822712228
1000,10000000.0,massive_planetesimal,495,MP_494,98.16248224134026,0.004281006842585166,0.2759654954257635
1000,10000000.0,massive_planetesimal,496,MP_495,105.44843300231281,0.0011165160521188796,0.1092710841918699
1000,10000000.0,massive_planetesimal,497,MP_496,94.40627417546466,0.005844409264391663,0.7220153470088554
1000,10000000.0,massive_planetesimal,498,MP_497,94.26291903573302,0.009894757886227993,0.3089790830754945
1000,10000000.0,massive_planetesimal,499,MP_498,103.84887856459743,0.02377735027812276,0.25379318631330394
1000,10000000.0,massive_planetesimal,500,MP_499,103.11910204554677,0.02104920099370609,0.6196669976499894
1000,10000000.0,massive_planetesimal,501,MP_500,103.64523142286947,0.004076197986657696,0.731694387009292
1000,10000000.0,massive_planetesimal,502,MP_501,105.818533722308,0.014697038248305509,0.28236147382083365
1000,10000000.0,massive_planetesimal,503,MP_502,101.26916283669368,0.007350588498068787,0.7548206259009737
1000,10000000.0,massive_planetesimal,504,MP_503,99.45695652504857,0.0032609855016423103,0.49858259957325485
1000,10000000.0,massive_planetesimal,505,MP_504,95.65298694629922,0.016979687053075114,0.4567947420122277
1000,10000000.0,massive_planetesimal,506,MP_505,101.42748044731533,0.007931838051693984,0.5000573800295851
1000,10000000.0,massive_planetesimal,507,MP_506,97.44300532299717,0.02153740920010026,0.618424206714719
1000,10000000.0,massive_planetesimal,508,MP_507,98.94340536680582,0.02138132639821178,0.07537174447686347
1000,10000000.0,massive_planetesimal,509,MP_508,107.37603141196462,0.010650622257656096,0.055415647738908246
1000,10000000.0,massive_planetesimal,510,MP_509,100.80995426382648,0.034682231267727626,0.3086544479297987
1000,10000000.0,massive_planetesimal,511,MP_510,102.5728420153405,0.02156289207405529,0.4897494628094829
1000,10000000.0,massive_planetesimal,512,MP_511,98.24050916728808,0.006924156551084161,0.7785845070484019
1000,10000000.0,massive_planetesimal,513,MP_512,104.27385671549594,0.018005138438897814,0.3521441108847376
1000,10000000.0,massive_planetesimal,514,MP_513,96.35679682771034,0.033519341638386095,0.30262245844518576
1000,10000000.0,massive_planetesimal,515,MP_514,97.59940320022068,0.01095566259869413,0.42453327399975216
1000,10000000.0,massive_planetesimal,516,MP_515,102.7469256543495,0.005206977252913306,0.13441264666203057
1000,10000000.0,massive_planetesimal,517,MP_516,100.07761220597646,0.008770786833767679,0.30556458460204294
1000,10000000.0,massive_planetesimal,518,MP_517,100.71355485681842,0.009190302141528413,0.8831019265759437
1000,10000000.0,massive_planetesimal,519,MP_518,94.95996731797607,0.009346190722195296,0.25062547531989654
1000,10000000.0,massive_planetesimal,520,MP_519,102.89144851940529,0.0013936293544621657,0.4598307153660607
1000,10000000.0,massive_planetesimal,521,MP_520,97.5840721916588,0.005821821717039493,0.13293077477092138
1000,10000000.0,massive_planetesimal,522,MP_521,103.57532085516277,0.00817303854069245,0.3664269352122686
1000,10000000.0,massive_planetesimal,523,MP_522,95.98854988436258,0.013148446601332586,0.43980688970072146
1000,10000000.0,massive_planetesimal,524,MP_523,97.95177907375187,0.02848421617647939,0.20194027233293987
1000,10000000.0,massive_planetesimal,525,MP_524,99.81284096119462,0.023412114226573556,0.5054881176244533
1000,10000000.0,massive_planetesimal,526,MP_525,98.08389878600819,0.01960778226441086,0.4539180551507412
1000,10000000.0,massive_planetesimal,527,MP_526,96.57285326499117,0.004315855877616429,0.45670574160586874
1000,10000000.0,massive_planetesimal,528,MP_527,99.25160964810986,0.016019778697874607,0.11735866512081793
1000,10000000.0,massive_planetesimal,529,MP_528,94.71572263680648,0.011995681097325513,0.5344176264212774
1000,10000000.0,massive_planetesimal,530,MP_529,104.34810605427843,0.028995489554376596,0.8325993305784137
1000,10000000.0,massive_planetesimal,531,MP_530,103.50205499500636,0.008254009543663848,0.40781663323818024
1000,10000000.0,massive_planetesimal,532,MP_531,97.618168545395,0.01553700473252283,0.37505558468109695
1000,10000000.0,massive_planetesimal,533,MP_532,104.25268371842918,0.019769666169990353,0.8114801959645694
1000,10000000.0,massive_planetesimal,534,MP_533,95.9786444170487,0.02394353462973862,0.24929385925261072
1000,10000000.0,massive_planetesimal,535,MP_534,102.9386972391,0.023671474577121078,0.39378713128118864
1000,10000000.0,massive_planetesimal,536,MP_535,100.18170459177448,0.008134525852719858,0.034736969100917066
1000,10000000.0,massive_planetesimal,537,MP_536,100.75118351041985,0.01622965285893112,0.06567948369339613
1000,10000000.0,massive_planetesimal,538,MP_537,97.52782732711837,0.012955525122072157,0.3239360951677021
1000,10000000.0,massive_planetesimal,539,MP_538,102.66750234255439,0.011564731025104694,0.5138196164391388
1000,10000000.0,massive_planetesimal,540,MP_539,105.84469608639847,0.01895651114359077,0.7105169221142464
1000,10000000.0,massive_planetesimal,541,MP_540,98.6972730402432,0.01898428027690017,0.6804481720677888
1000,10000000.0,massive_planetesimal,542,MP_541,99.45084760037754,0.00870136062718971,0.5880123087391044
1000,10000000.0,massive_planetesimal,543,MP_542,103.41488831704585,0.0101036920147639,0.1620632052330476
1000,10000000.0,massive_planetesimal,544,MP_543,102.36303463537024,0.019459994910197533,0.06738350661433674
1000,10000000.0,massive_planetesimal,545,MP_544,96.47023648451913,0.015243505530859295,0.621497346935539
1000,10000000.0,massive_planetesimal,546,MP_545,101.84885766305531,0.012494027841726428,0.5845181599000039
1000,10000000.0,massive_planetesimal,547,MP_546,101.14622922245168,0.00797734795046928,0.3201943380776069
1000,10000000.0,massive_planetesimal,548,MP_547,96.0321571467437,0.010239444779879205,0.369903930150048
1000,10000000.0,massive_planetesimal,549,MP_548,98.56711587452072,0.011869936927805611,0.8477586265822021
1000,10000000.0,massive_planetesimal,550,MP_549,102.15928400569679,0.004732562538424324,0.7716967130822808
1000,10000000.0,massive_planetesimal,551,MP_550,109.0510571614672,0.016085221006281306,0.13914728543014152
1000,10000000.0,massive_planetesimal,552,MP_551,98.73763518015205,0.00983940725971695,0.7657938340956636
1000,10000000.0,massive_planetesimal,553,MP_552,102.79265785881401,0.006732048632951813,0.5916413777495928
1000,10000000.0,massive_planetesimal,554,MP_553,102.15559006058085,0.008188217580786068,0.46152045969503297
1000,10000000.0,massive_planetesimal,555,MP_554,101.40151421799665,0.019195441123057582,0.28913886620098506
1000,10000000.0,massive_planetesimal,556,MP_555,104.88940395220011,0.017641327786209148,0.29286313889788623
1000,10000000.0,massive_planetesimal,557,MP_556,99.03656107364422,0.01844625246142663,0.6949334246285331
1000,10000000.0,massive_planetesimal,558,MP_557,96.04988849656726,0.009060459606095594,0.7357672878855398
1000,10000000.0,massive_planetesimal,559,MP_558,101.89408470824813,0.004880870946050832,0.5808798440520186
1000,10000000.0,massive_planetesimal,560,MP_559,102.02441490277123,0.03760253074730735,0.8718173020015937
1000,10000000.0,massive_planetesimal,561,MP_560,99.73171165308717,0.014916989760674569,0.6484014404737297
1000,10000000.0,massive_planetesimal,562,MP_561,94.22764136923145,0.009307699477098322,0.5622358816662438
1000,10000000.0,massive_planetesimal,563,MP_562,103.3086342854876,0.03368891856905408,0.055269432683839825
1000,10000000.0,massive_planetesimal,564,MP_563,95.79222863538774,0.01672788580979468,0.42022179155194317
1000,10000000.0,massive_planetesimal,565,MP_564,97.90712995894472,0.01056867691947068,0.41016422513163436
1000,10000000.0,massive_planetesimal,566,MP_565,94.05509623146337,0.019002234169318854,0.32530007847027803
1000,10000000.0,massive_planetesimal,567,MP_566,96.83513381444357,0.018110763873762786,0.5154976783421339
1000,10000000.0,massive_planetesimal,568,MP_567,97.51431121676535,0.010182003193902844,0.6015397542379197
1000,10000000.0,massive_planetesimal,569,MP_568,104.013013193112,0.02431047760922205,0.6498627531433366
1000,10000000.0,massive_planetesimal,570,MP_569,97.14884203275463,0.01497157849975183,0.19626569015213147
1000,10000000.0,massive_planetesimal,571,MP_570,94.33280592837356,0.021684919743927243,0.30815487743615333
1000,10000000.0,massive_planetesimal,572,MP_571,96.51424004946635,0.015864546995416173,0.3741166320885508
1000,10000000.0,massive_planetesimal,573,MP_572,103.85015922406899,0.01828927973476704,0.2953243592561199
1000,10000000.0,massive_planetesimal,574,MP_573,93.36588961138544,0.006756158873028729,0.3502348692982176
1000,10000000.0,massive_planetesimal,575,MP_574,101.33652071136696,0.017542422836026486,0.7006201379676608
1000,10000000.0,massive_planetesimal,576,MP_575,103.19711776493062,0.00934932261422476,0.1924224579297005
1000,10000000.0,massive_planetesimal,577,MP_576,102.34504045064953,0.017734767138329527,0.44300118439397174
1000,10000000.0,massive_planetesimal,578,MP_577,94.30911770231819,0.011769517896231936,0.1255520587882482
1000,10000000.0,massive_planetesimal,579,MP_578,96.27466842320973,0.012251666332454995,0.14375001036432866
1000,10000000.0,massive_planetesimal,580,MP_579,103.36419978082245,0.027534339433946876,0.2988729158903226
1000,10000000.0,massive_planetesimal,581,MP_580,107.10288145545836,0.008357160335277026,0.31654093175307085
1000,10000000.0,massive_planetesimal,582,MP_581,101.17859563463423,0.0007125762522418635,0.1259877618130728
1000,10000000.0,massive_planetesimal,583,MP_582,103.74989154424847,0.021611531654393314,0.4500783067947069
1000,10000000.0,massive_planetesimal,584,MP_583,98.79667115068473,0.02607864180817423,1.0550085715074602
1000,10000000.0,massive_planetesimal,585,MP_584,104.15562258694153,0.013409101496233011,0.1245236920474137
1000,10000000.0,massive_planetesimal,586,MP_585,100.23365388387752,0.010169367829208954,0.11134744322080813
1000,10000000.0,massive_planetesimal,587,MP_586,99.76027804938713,0.012309586201746657,0.5714444187055207
1000,10000000.0,massive_planetesimal,588,MP_587,103.28472738520709,0.01619712184338056,0.989643581108492
1000,10000000.0,massive_planetesimal,589,MP_588,103.41477354540099,0.02026057334566445,0.11860553760707003
1000,10000000.0,massive_planetesimal,590,MP_589,105.71052949986894,0.015704120356040366,0.7028018534764768
1000,10000000.0,massive_planetesimal,591,MP_590,106.94297262463114,0.023481298971182965,0.3763559116252955
1000,10000000.0,massive_planetesimal,592,MP_591,99.7354107042793,0.009185896914917297,0.6454583226154069
1000,10000000.0,massive_planetesimal,593,MP_592,98.37495533820761,0.019943533643738923,0.42192506854582196
1000,10000000.0,massive_planetesimal,594,MP_593,94.54076828504813,0.00995919261872631,0.10807182474900094
1000,10000000.0,massive_planetesimal,595,MP_594,103.90048672627397,0.020639681277659368,0.3506268470247477
1000,10000000.0,massive_planetesimal,596,MP_595,99.16388300822528,0.00800444160495907,0.6090613389074856
1000,10000000.0,massive_planetesimal,597,MP_596,99.8242840040213,0.026995716904166207,0.2481896814604716
1000,10000000.0,massive_planetesimal,598,MP_597,94.89642451002177,0.008029708705317613,0.5509351580947124
1000,10000000.0,massive_planetesimal,599,MP_598,105.21292523305392,0.006052227979381597,0.17280496508371063
1000,10000000.0,massive_planetesimal,600,MP_599,93.099992487599,0.010747130305097637,0.3974276514622797
1000,10000000.0,massive_planetesimal,601,MP_600,98.84048022603919,0.016173456243431597,0.5115665158570871
1000,10000000.0,massive_planetesimal,602,MP_601,94.06446310758766,0.021401903588651672,0.6898935865093396
1000,10000000.0,massive_planetesimal,603,MP_602,101.65970996071444,0.02894780871340525,0.10240449630574748
1000,10000000.0,massive_planetesimal,604,MP_603,101.89365869026823,0.010716765509007894,0.2723568053458969
1000,10000000.0,massive_planetesimal,605,MP_604,103.0907282238107,0.0034496656123060385,0.13615084795576307
1000,10000000.0,massive_planetesimal,606,MP_605,97.39608798487824,0.012890786193560228,0.47989199775799374
1000,10000000.0,massive_planetesimal,607,MP_606,97.79059775935048,0.01199676181313186,0.7297664640165008
1000,10000000.0,massive_planetesimal,608,MP_607,101.86574385178551,0.020372464935596274,0.8609177657771946
1000,10000000.0,massive_planetesimal,609,MP_608,100.33976021193602,0.013180116282514911,0.7809233410595596
1000,10000000.0,massive_planetesimal,610,MP_609,95.04959734444864,0.025181004100794543,0.26677685654239963
1000,10000000.0,massive_planetesimal,611,MP_610,96.74908894526082,0.014832968961124486,0.34401157314504277
1000,10000000.0,massive_planetesimal,612,MP_611,95.60163201317316,0.006012643128045244,0.39487751333683785
1000,10000000.0,massive_planetesimal,613,MP_612,95.93716742257223,0.01498114949663093,0.540512062866654
1000,10000000.0,massive_planetesimal,614,MP_613,97.67895509177379,0.019769020650351472,0.10868006219585911
1000,10000000.0,massive_planetesimal,615,MP_614,96.36102854350477,0.018382331942258995,0.41701082954173163
1000,10000000.0,massive_planetesimal,616,MP_615,94.4244316244943,0.004835315723523908,0.6936682908656194
1000,10000000.0,massive_planetesimal,617,MP_616,104.60754146230016,0.006303915600584503,0.570276748559945
1000,10000000.0,massive_planetesimal,618,MP_617,107.50599052169686,0.0061387124036018665,0.28065485611172347
1000,10000000.0,massive_planetesimal,619,MP_618,97.75985954038032,0.019781849561480727,0.05535890271679285
1000,10000000.0,massive_planetesimal,620,MP_619,105.55198428737926,0.018600702910892757,0.25395080482916327
1000,10000000.0,massive_planetesimal,621,MP_620,98.58390098332083,0.007443467530257815,0.71101586676471
1000,10000000.0,massive_planetesimal,622,MP_621,103.70269359595282,0.004659334726010084,0.26309457330896974
1000,10000000.0,massive_planetesimal,623,MP_622,94.59824270980118,0.015604648256152317,0.3213715209967567
1000,10000000.0,massive_planetesimal,624,MP_623,104.12472015873733,0.027309388465367526,0.6006705148706776
1000,10000000.0,massive_planetesimal,625,MP_624,95.43897417819757,0.010992261761728352,0.39376847515137825
1000,10000000.0,massive_planetesimal,626,MP_625,95.41535761007127,0.00290078736667155,0.5325618027395036
1000,10000000.0,massive_planetesimal,627,MP_626,93.7001556255353,0.01974025731601927,0.18208475185394554
1000,10000000.0,massive_planetesimal,628,MP_627,102.86409001154053,0.002129553508203642,0.283532655758189
1000,10000000.0,massive_planetesimal,629,MP_628,99.18315039577524,0.02022713136641339,0.20436380682274335
1000,10000000.0,massive_planetesimal,630,MP_629,100.52479738954513,0.017558706411535823,0.20889238131627505
1000,10000000.0,massive_planetesimal,631,MP_630,99.7076565577289,0.030295753898706503,0.26200396623513517
1000,10000000.0,massive_planetesimal,632,MP_631,99.07364449842699,0.023247878727203717,0.5924237731853133
1000,10000000.0,massive_planetesimal,633,MP_632,100.9847594750553,0.012068637315997147,0.5891235994517657
1000,10000000.0,massive_planetesimal,634,MP_633,98.37522240840228,0.025148064803233124,0.23368099002558354
1000,10000000.0,massive_planetesimal,635,MP_634,98.44987579289051,0.006157317323612461,0.20880837814211278
1000,10000000.0,massive_planetesimal,636,MP_635,97.61074727378674,0.028812989090119808,0.4693435255116383
1000,10000000.0,massive_planetesimal,637,MP_636,101.03127751088194,0.007551048628333578,0.47328900438730176
1000,10000000.0,massive_planetesimal,638,MP_637,99.0619481585048,0.015576111120888128,0.24641414342950133
1000,10000000.0,massive_planetesimal,639,MP_638,105.63177084109368,0.006674357482266813,0.26604073991946814
1000,10000000.0,massive_planetesimal,640,MP_639,98.50612013681025,0.010048600266821046,0.36332283685186284
1000,10000000.0,massive_planetesimal,641,MP_640,101.77699444713177,0.010215421808333862,0.4492143878947838
1000,10000000.0,massive_planetesimal,642,MP_641,105.97791384361425,0.020875211215428176,0.31220002291062315
1000,10000000.0,massive_planetesimal,643,MP_642,97.06459742301473,0.013178223897842381,0.25309704362676055
1000,10000000.0,massive_planetesimal,644,MP_643,105.26110034873426,0.009282041359387922,0.48717266173188234
1000,10000000.0,massive_planetesimal,645,MP_644,104.95607086598889,0.02559761412946743,0.48377928099296946
1000,10000000.0,massive_planetesimal,646,MP_645,101.49810262501329,0.012002759391111851,0.41573067087822446
1000,10000000.0,massive_planetesimal,647,MP_646,96.88290999181277,0.01887226524825724,0.7092391935303023
1000,10000000.0,massive_planetesimal,648,MP_647,98.44774548708517,0.005881310534709658,0.200836275157364
1000,10000000.0,massive_planetesimal,649,MP_648,105.93597034911865,0.016749270033517883,0.27658118990293484
1000,10000000.0,massive_planetesimal,650,MP_649,105.23595699396473,0.01264049959181765,0.4484035720483709
1000,10000000.0,massive_planetesimal,651,MP_650,101.74614040199062,0.015151578387318537,0.5913894262857597
1000,10000000.0,massive_planetesimal,652,MP_651,100.66258869026244,0.017831240660025095,0.4817966568047265
1000,10000000.0,massive_planetesimal,653,MP_652,98.48057593364817,0.0211637694331379,0.029672432298618205
1000,10000000.0,massive_planetesimal,654,MP_653,97.86173757514307,0.012543421172145694,0.15668963727802324
1000,10000000.0,massive_planetesimal,655,MP_654,95.6215204523217,0.012574415299702737,0.3471556132055702
1000,10000000.0,massive_planetesimal,656,MP_655,94.68078684289472,0.024713575920234685,0.7303963456428246
1000,10000000.0,massive_planetesimal,657,MP_656,100.00596915183239,0.013719281799721391,0.44949094845487375
1000,10000000.0,massive_planetesimal,658,MP_657,94.3053319783457,0.004403123576638397,0.3237262797696113
1000,10000000.0,massive_planetesimal,659,MP_658,104.26633522870611,0.014517802869544566,0.5095689790977149
1000,10000000.0,massive_planetesimal,660,MP_659,99.04533081550159,0.006224141861899392,0.4221559868148636
1000,10000000.0,massive_planetesimal,661,MP_660,95.76603823244866,0.0037860407979489973,0.33343866871090605
1000,10000000.0,massive_planetesimal,662,MP_661,97.38506340789836,0.03347203078967727,0.14888653768433088
1000,10000000.0,massive_planetesimal,663,MP_662,98.82395833782645,0.036532534613128755,0.14448368733885053
1000,10000000.0,massive_planetesimal,664,MP_663,99.76014646082547,0.004412775828360295,0.6565812796404458
1000,10000000.0,massive_planetesimal,665,MP_664,99.39582886785061,0.013425246146517545,0.33948948185141525
1000,10000000.0,massive_planetesimal,666,MP_665,106.01706604205394,0.008407170388587485,0.5373680519333714
1000,10000000.0,massive_planetesimal,667,MP_666,94.2376478923346,0.013968539379213224,0.2131700685808192
1000,10000000.0,massive_planetesimal,668,MP_667,97.51352660790755,0.013972718399838185,0.2598073899583866
1000,10000000.0,massive_planetesimal,669,MP_668,97.03452771698812,0.024471473227135995,0.2763845815677505
1000,10000000.0,massive_planetesimal,670,MP_669,96.33917540316499,0.01603445465783942,0.5117971370910436
1000,10000000.0,massive_planetesimal,671,MP_670,95.75598434459589,0.011797148890704372,0.4150477933804521
1000,10000000.0,massive_planetesimal,672,MP_671,99.5139630233825,0.011542235697884297,0.1677616459857356
1000,10000000.0,massive_planetesimal,673,MP_672,99.55181739502413,0.011904765744606034,0.3043176228523431
1000,10000000.0,massive_planetesimal,674,MP_673,99.13049168046764,0.013305973692115636,0.185818318602976
1000,10000000.0,massive_planetesimal,675,MP_674,98.2468582983133,0.021836841462921558,0.2355210265404028
1000,10000000.0,massive_planetesimal,676,MP_675,101.65010087358118,0.013258006716447676,0.1886650786969963
1000,10000000.0,massive_planetesimal,677,MP_676,97.05628421030244,0.01940179208558499,0.8585174652991985
1000,10000000.0,massive_planetesimal,678,MP_677,100.80961169307986,0.01736908320607795,1.0152429266407619
1000,10000000.0,massive_planetesimal,679,MP_678,101.69412817188217,0.01361321815745868,0.2660700525420182
1000,10000000.0,massive_planetesimal,680,MP_679,94.86476887066755,0.01596868985395428,0.5801394582002342
1000,10000000.0,massive_planetesimal,681,MP_680,102.75012764423548,0.018086694798542337,0.13264940056090074
1000,10000000.0,massive_planetesimal,682,MP_681,93.46432940254246,0.010929801687513323,0.0993567824035179
1000,10000000.0,massive_planetesimal,683,MP_682,104.68529895744885,0.006606943348936805,0.16810999327048637
1000,10000000.0,massive_planetesimal,684,MP_683,102.16091367740417,0.009159045887942823,0.3089954884684433
1000,10000000.0,massive_planetesimal,685,MP_684,103.93312438937419,0.002618420585456689,0.4885860370011122
1000,10000000.0,massive_planetesimal,686,MP_685,99.96539743453343,0.025798509993279376,0.10798311729493328
1000,10000000.0,massive_planetesimal,687,MP_686,99.91077556985522,0.01238688123278101,0.5713292859155741
1000,10000000.0,massive_planetesimal,688,MP_687,101.99188312352742,0.007182162338462424,0.6514530125017086
1000,10000000.0,massive_planetesimal,689,MP_688,106.96908621031022,0.03066800820915132,0.4138442899749661
1000,10000000.0,massive_planetesimal,690,MP_689,100.72894366340904,0.022636352622044026,0.11662016633922896
1000,10000000.0,massive_planetesimal,691,MP_690,94.84198452037886,0.012497630910548656,0.8690004725065611
1000,10000000.0,massive_planetesimal,692,MP_691,94.19198041793415,0.01778626786274838,0.19419933834500683
1000,10000000.0,massive_planetesimal,693,MP_692,101.13455874978285,0.0026395189747575724,0.3887794938990732
1000,10000000.0,massive_planetesimal,694,MP_693,95.29711612190621,0.011641540377890969,0.2767914074325991
1000,10000000.0,massive_planetesimal,695,MP_694,99.44540466806937,0.036546770573075676,0.3207185602639764
1000,10000000.0,massive_planetesimal,696,MP_695,100.89125755429934,0.013466754830141812,0.2540383170179388
1000,10000000.0,massive_planetesimal,697,MP_696,100.11195026583216,0.019718613840351347,0.3349022434938494
1000,10000000.0,massive_planetesimal,698,MP_697,103.76994276701946,0.014652598814921718,0.10540888012948221
1000,10000000.0,massive_planetesimal,699,MP_698,94.34295990381625,0.02816470858334319,0.3948511169072032
1000,10000000.0,massive_planetesimal,700,MP_699,95.44396607514267,0.021729499755895845,0.39114746823474583
1000,10000000.0,massive_planetesimal,701,MP_700,104.43766661493565,0.010620697267444018,0.4869759314355992
1000,10000000.0,massive_planetesimal,702,MP_701,93.57636911898719,0.020051435272664665,0.6410650687600286
1000,10000000.0,massive_planetesimal,703,MP_702,98.20567061774014,0.03442686985582733,0.3116447877066743
1000,10000000.0,massive_planetesimal,704,MP_703,101.55865737608922,0.010147156592216164,0.20147285916866753
1000,10000000.0,massive_planetesimal,705,MP_704,100.41577735249905,0.02910371543330649,0.4645931783949999
1000,10000000.0,massive_planetesimal,706,MP_705,102.47919694660314,0.014340705493369788,0.7130419510025143
1000,10000000.0,massive_planetesimal,707,MP_706,95.48824453330819,0.026682108503341042,0.2340084804920663
1000,10000000.0,massive_planetesimal,708,MP_707,99.34917340959473,0.026536826702341466,0.1486655937811566
1000,10000000.0,massive_planetesimal,709,MP_708,96.42503072709812,0.01879475046513395,0.6019525259870969
1000,10000000.0,massive_planetesimal,710,MP_709,97.28459884480957,0.005571307643500839,0.7322185966155522
1000,10000000.0,massive_planetesimal,711,MP_710,105.34322358644759,0.005886355440246275,0.1894536124990463
1000,10000000.0,massive_planetesimal,712,MP_711,98.91310133886313,0.012374354779924625,0.2924956688008734
1000,10000000.0,massive_planetesimal,713,MP_712,104.06106397555936,0.004238064544756529,0.3625773921304746
1000,10000000.0,massive_planetesimal,714,MP_713,99.20506247329432,0.03026631230699056,1.0628861414351396
1000,10000000.0,massive_planetesimal,715,MP_714,101.77530778092819,0.023946365521775845,0.6035679709343159
1000,10000000.0,massive_planetesimal,716,MP_715,96.32430667719366,0.009624792976400603,0.13694162642407232
1000,10000000.0,massive_planetesimal,717,MP_716,104.82248451734102,0.012669097923657838,0.14978555743520025
1000,10000000.0,massive_planetesimal,718,MP_717,104.01657018019206,0.024824816379675232,0.13313235075192872
1000,10000000.0,massive_planetesimal,719,MP_718,105.17019995210829,0.004293956348927832,0.6102158401486101
1000,10000000.0,massive_planetesimal,720,MP_719,101.17523207455545,0.00396240171634643,0.4200414216672475
1000,10000000.0,massive_planetesimal,721,MP_720,99.07261393064731,0.01450764043884213,0.3265592243611544
1000,10000000.0,massive_planetesimal,722,MP_721,99.94924705923401,0.019937372864031522,0.2851601313515619
1000,10000000.0,massive_planetesimal,723,MP_722,100.24541133012607,0.01794410725306548,0.48789708128764087
1000,10000000.0,massive_planetesimal,724,MP_723,97.45311064916186,0.007117822648679597,0.6298141040272414
1000,10000000.0,massive_planetesimal,725,MP_724,101.81394649872155,0.01094015491765101,0.7991861178600282
1000,10000000.0,massive_planetesimal,726,MP_725,97.23169658999645,0.015195067757469129,0.1835215181797133
1000,10000000.0,massive_planetesimal,727,MP_726,102.1412756936151,0.0239793014123512,0.44356217668353776
1000,10000000.0,massive_planetesimal,728,MP_727,99.6636154452137,0.027202242895199246,0.6514090494295313
1000,10000000.0,massive_planetesimal,729,MP_728,94.65756731163765,0.01050234087700286,0.344809163046549
1000,10000000.0,massive_planetesimal,730,MP_729,103.38027056789633,0.011453767185715185,0.22895531329603794
1000,10000000.0,massive_planetesimal,731,MP_730,99.68923375369441,0.021853039025047073,0.16060571402181448
1000,10000000.0,massive_planetesimal,732,MP_731,99.57498364683372,0.01582175223061672,0.6680669094001312
1000,10000000.0,massive_planetesimal,733,MP_732,93.77627311337645,0.0070766973667801695,0.831752949374429
1000,10000000.0,massive_planetesimal,734,MP_733,102.82731132325036,0.0216595075516688,0.328843307082004
1000,10000000.0,massive_planetesimal,735,MP_734,97.83455516027155,0.024616227111683216,0.5328256583830048
1000,10000000.0,massive_planetesimal,736,MP_735,99.88596070563955,0.028484018598545918,0.35011403369808025
1000,10000000.0,massive_planetesimal,737,MP_736,101.7588867530391,0.023377094487793064,0.29220954611262223
1000,10000000.0,massive_planetesimal,738,MP_737,100.64633990037854,0.02400064844424077,0.47693338781899663
1000,10000000.0,massive_planetesimal,739,MP_738,96.43427431760107,0.009268241086419266,0.33861364571326824
1000,10000000.0,massive_planetesimal,740,MP_739,102.12526918350541,0.02997873629429159,0.3422219529933226
1000,10000000.0,massive_planetesimal,741,MP_740,102.32539259065842,0.022258505545595674,0.3813824862277839
1000,10000000.0,massive_planetesimal,742,MP_741,98.63044157213317,0.020890327706046624,0.28953570584015725
1000,10000000.0,massive_planetesimal,743,MP_742,95.67825662259158,0.014632001915400601,0.5101314463376401
1000,10000000.0,massive_planetesimal,744,MP_743,96.11476459683898,0.01564618107319872,0.8568145924723214
1000,10000000.0,massive_planetesimal,745,MP_744,96.2611724021551,0.025384561694513585,0.4383328040541559
1000,10000000.0,massive_planetesimal,746,MP_745,101.63526877351111,0.010947911711281705,0.21973957278127526
1000,10000000.0,massive_planetesimal,747,MP_746,97.89619492506533,0.013094314736256206,0.7552363148509826
1000,10000000.0,massive_planetesimal,748,MP_747,100.6101934789987,0.011127723106363643,0.08478836304467156
1000,10000000.0,massive_planetesimal,749,MP_748,96.72049226552546,0.019769415004379693,0.305738882977017
1000,10000000.0,massive_planetesimal,750,MP_749,100.44720676802496,0.010646342466361057,0.7849738839155753
1000,10000000.0,massive_planetesimal,751,MP_750,95.37366789163434,0.0023522394493059617,0.7783609624442799
1000,10000000.0,massive_planetesimal,752,MP_751,94.16011451907623,0.008977446410814655,0.5919212916641826
1000,10000000.0,massive_planetesimal,753,MP_752,95.6136072264951,0.010516425047710594,0.4404473823537277
1000,10000000.0,massive_planetesimal,754,MP_753,102.74447171521587,0.015785776939549287,0.3330027780081864
1000,10000000.0,massive_planetesimal,755,MP_754,99.34549281416062,0.016906093047936586,0.3879628112022375
1000,10000000.0,massive_planetesimal,756,MP_755,103.82017358026172,0.005685868577440249,0.3209228071701905
1000,10000000.0,massive_planetesimal,757,MP_756,100.53633918711985,0.007717152579694638,0.37224826166818914
1000,10000000.0,massive_planetesimal,758,MP_757,106.18207682140655,0.014161945381004596,0.18888238283281591
1000,10000000.0,massive_planetesimal,759,MP_758,105.10558783971072,0.009861517442051557,0.1821918775708779
1000,10000000.0,massive_planetesimal,760,MP_759,96.9014716691123,0.0060094747944758374,0.12052863286687673
1000,10000000.0,massive_planetesimal,761,MP_760,104.25606929825138,0.004186905209846798,0.2728756579756426
1000,10000000.0,massive_planetesimal,762,MP_761,96.59750487870544,0.012359824514172332,0.6125654829070862
1000,10000000.0,massive_planetesimal,763,MP_762,97.24145551095216,0.041228292659496395,0.459037247781239
1000,10000000.0,massive_planetesimal,764,MP_763,96.38005684503034,0.02957471366618199,0.39790080227532854
1000,10000000.0,massive_planetesimal,765,MP_764,100.31329030653103,0.014177457939880289,0.19431244972077055
1000,10000000.0,massive_planetesimal,766,MP_765,97.29903921163928,0.01259645469214106,0.5023328406630472
1000,10000000.0,massive_planetesimal,767,MP_766,99.7640819576446,0.018720499395999755,0.6487517499662177
1000,10000000.0,massive_planetesimal,768,MP_767,102.18643531713893,0.014961339646047381,0.5473923735376535
1000,10000000.0,massive_planetesimal,769,MP_768,100.3310778227337,0.00668792463836891,0.31514150509542305
1000,10000000.0,massive_planetesimal,770,MP_769,91.91166145496973,0.019115427049453307,0.44750684057201223
1000,10000000.0,massive_planetesimal,771,MP_770,96.97686917160851,0.01502177838240806,0.19562458108003622
1000,10000000.0,massive_planetesimal,772,MP_771,104.49571637350155,0.00578399438278699,0.5291479569469593
1000,10000000.0,massive_planetesimal,773,MP_772,101.77009437098039,0.027932078397655262,0.5867876447309739
1000,10000000.0,massive_planetesimal,774,MP_773,100.34801426382968,0.004565848998857535,0.6673319986215382
1000,10000000.0,massive_planetesimal,775,MP_774,98.98532305795793,0.004039593662499863,0.46163414896649785
1000,10000000.0,massive_planetesimal,776,MP_775,106.38467708975635,0.01565687253828804,0.28307154581237803
1000,10000000.0,massive_planetesimal,777,MP_776,104.02644487749654,0.009645369413003325,0.40251206250308785
1000,10000000.0,massive_planetesimal,778,MP_777,96.86310902065674,0.02053046692130243,0.9658543727232612
1000,10000000.0,massive_planetesimal,779,MP_778,100.30052105559355,0.011106110466368556,0.8979626194733086
1000,10000000.0,massive_planetesimal,780,MP_779,105.17001241357002,0.034884683601068216,0.5287604187874333
1000,10000000.0,massive_planetesimal,781,MP_780,102.35458947051173,0.007355104189293668,0.6063876164104712
1000,10000000.0,massive_planetesimal,782,MP_781,95.00872412367562,0.018108249931942478,0.4582597195257992
1000,10000000.0,massive_planetesimal,783,MP_782,104.83286487291163,0.005301482132222707,0.6119376157275843
1000,10000000.0,massive_planetesimal,784,MP_783,101.61136782800325,0.015334688783873304,0.5171884410056411
1000,10000000.0,massive_planetesimal,785,MP_784,95.07794565557349,0.01318665646305636,0.3797602736046721
1000,10000000.0,massive_planetesimal,786,MP_785,101.74054681810374,0.020246519535634326,0.26178622393276096
1000,10000000.0,massive_planetesimal,787,MP_786,96.7361440805098,0.00690260816596342,0.39653822647310494
1000,10000000.0,massive_planetesimal,788,MP_787,96.81245417486465,0.006787563224437269,0.4569548646681312
1000,10000000.0,massive_planetesimal,789,MP_788,107.20872271615131,0.022181378385569658,0.22127349045197287
1000,10000000.0,massive_planetesimal,790,MP_789,102.54394314942454,0.017389647426625937,0.7162739821473748
1000,10000000.0,massive_planetesimal,791,MP_790,98.50931654008505,0.013595623564540027,0.13804726993012253
1000,10000000.0,massive_planetesimal,792,MP_791,103.85566283695397,0.013921760401771318,0.4287025213823088
1000,10000000.0,massive_planetesimal,793,MP_792,99.27889548716685,0.006331828640942884,0.20584889610325427
1000,10000000.0,massive_planetesimal,794,MP_793,95.26753856277139,0.020342133938674598,0.5638290489132327
1000,10000000.0,massive_planetesimal,795,MP_794,99.81351338361944,0.006129043880888069,0.21849427291796292
1000,10000000.0,massive_planetesimal,796,MP_795,94.02135446867716,0.01059236700377967,0.5856839465459731
1000,10000000.0,massive_planetesimal,797,MP_796,100.77186987293389,0.027812920077837387,0.7010397204653234
1000,10000000.0,massive_planetesimal,798,MP_797,101.3040478258438,0.011638764708484448,0.5012424690134759
1000,10000000.0,massive_planetesimal,799,MP_798,99.47162977936898,0.027182931961893694,0.323021997967403
1000,10000000.0,massive_planetesimal,800,MP_799,98.68772625499487,0.01519604137930284,0.5604350092297848
